2026-06-12T10:44:07.169769661Z Restoring git repositories: 
2026-06-12T10:44:07.170800462Z - /var/lib/rancher-data/local-catalogs/v2/rancher-charts/4b40cac650031b74776e87c1a726b0484d0877c3ec137da0872547ff9b73a721/.git
2026-06-12T10:44:14.591340211Z Your branch is up to date with 'origin/release-v2.14'.
2026-06-12T10:44:14.601213669Z /var/lib/rancher
2026-06-12T10:44:14.601236262Z - /var/lib/rancher-data/local-catalogs/v2/rancher-rke2-charts/675f1b63a0a83905972dcab2794479ed599a6f41b86cd6193d69472d0fa889c9/.git
2026-06-12T10:44:20.339301162Z Your branch is up to date with 'origin/main'.
2026-06-12T10:44:20.347360790Z /var/lib/rancher
2026-06-12T10:44:20.347378985Z - /var/lib/rancher-data/local-catalogs/v2/rancher-partner-charts/8f17acdce9bffd6e05a58a3798840e408c4ea71783381ecd2e9af30baad65974/.git
2026-06-12T10:44:22.205215499Z Your branch is up to date with 'origin/main'.
2026-06-12T10:44:22.231515700Z /var/lib/rancher
2026-06-12T10:44:23.225253751Z 2026/06/12 10:44:23 [INFO] Rancher version v2.14.2 (1bb24fe965ab9a801cd28447cc97df28db58cbd9) is starting
2026-06-12T10:44:23.225307685Z 2026/06/12 10:44:23 [INFO] Listening on /tmp/log.sock
2026-06-12T10:44:23.225729521Z 2026/06/12 10:44:23 [INFO] Rancher arguments {ACMEDomains:[] AddLocal:true Embedded:false BindHost: HTTPListenPort:80 HTTPSListenPort:443 K8sMode:auto Debug:false Trace:false NoCACerts:true AuditLogPath:/var/log/auditlog/rancher-api-audit.log AuditLogMaxage:10 AuditLogMaxsize:100 AuditLogMaxbackup:10 AuditLogLevel:0 AuditLogEnabled:false Features:multi-cluster-management=false,multi-cluster-management-agent=false,managed-system-upgrade-controller=false ClusterRegistry: AggregationRegistrationTimeout:5m0s RancherNamespaceOptions: LocalUserPasswordsNamespace:true}
2026-06-12T10:44:23.288008841Z 2026/06/12 10:44:23 [INFO] Detected primary IP family IPv4 from peer service
2026-06-12T10:44:23.288296695Z 2026/06/12 10:44:23 [INFO] Running in clustered mode with ID 10.52.0.74, monitoring endpoint cattle-system/rancher
2026-06-12T10:44:23.288385197Z 2026/06/12 10:44:23 [INFO] Scanning NodeTemplates in namespace: cattle-global-nt, group: nodetemplates.management.cattle.io
2026-06-12T10:44:23.288399468Z 2026/06/12 10:44:23 [INFO] Scanning ClusterTemplates in namespace: cattle-global-data, group: clustertemplates.management.cattle.io
2026-06-12T10:44:23.288413171Z 2026/06/12 10:44:23 [INFO] [deferred-ext] WaitForClient starting waiter for EXT api-service availability
2026-06-12T10:44:23.288487106Z 2026/06/12 10:44:23 [INFO] [deferred-capi - WaitForClient] waiting for CAPI CRDs to be established...
2026-06-12T10:44:24.239194073Z 2026/06/12 10:44:24 [INFO] Applying CRD features.management.cattle.io
2026-06-12T10:44:25.076570754Z 2026/06/12 10:44:25 [INFO] Updating embedded CRD auditpolicies.auditlog.cattle.io
2026-06-12T10:44:25.084103647Z 2026/06/12 10:44:25 [INFO] Updating embedded CRD clusterrepos.catalog.cattle.io
2026-06-12T10:44:25.093657648Z 2026/06/12 10:44:25 [INFO] Updating embedded CRD proxyendpoints.management.cattle.io
2026-06-12T10:44:25.099651165Z 2026/06/12 10:44:25 [INFO] Updating embedded CRD clusters.provisioning.cattle.io
2026-06-12T10:44:25.186533571Z 2026/06/12 10:44:25 [INFO] Updating embedded CRD custommachines.rke.cattle.io
2026-06-12T10:44:25.192746137Z 2026/06/12 10:44:25 [INFO] Updating embedded CRD etcdsnapshots.rke.cattle.io
2026-06-12T10:44:25.198927242Z 2026/06/12 10:44:25 [INFO] Updating embedded CRD rkebootstraps.rke.cattle.io
2026-06-12T10:44:25.203578878Z 2026/06/12 10:44:25 [INFO] Updating embedded CRD rkebootstraptemplates.rke.cattle.io
2026-06-12T10:44:25.209427994Z 2026/06/12 10:44:25 [INFO] Updating embedded CRD rkeclusters.rke.cattle.io
2026-06-12T10:44:25.215519769Z 2026/06/12 10:44:25 [INFO] Updating embedded CRD rkecontrolplanes.rke.cattle.io
2026-06-12T10:44:25.259653240Z 2026/06/12 10:44:25 [INFO] Updating embedded CRD users.management.cattle.io
2026-06-12T10:44:25.267996501Z 2026/06/12 10:44:25 [INFO] Updating embedded CRD clusterproxyconfigs.management.cattle.io
2026-06-12T10:44:25.272145956Z 2026/06/12 10:44:25 [INFO] Updating embedded CRD uiplugins.catalog.cattle.io
2026-06-12T10:44:25.278342778Z 2026/06/12 10:44:25 [INFO] Updating embedded CRD secretrequests.telemetry.cattle.io
2026-06-12T10:44:26.342564918Z 2026/06/12 10:44:26 [INFO] Applying CRD plans.upgrade.cattle.io
2026-06-12T10:44:26.442163071Z 2026/06/12 10:44:26 [INFO] Applying CRD navlinks.ui.cattle.io
2026-06-12T10:44:26.460507019Z 2026/06/12 10:44:26 [INFO] Applying CRD podsecurityadmissionconfigurationtemplates.management.cattle.io
2026-06-12T10:44:26.474487837Z 2026/06/12 10:44:26 [INFO] Applying CRD clusters.management.cattle.io
2026-06-12T10:44:26.485636454Z 2026/06/12 10:44:26 [INFO] Applying CRD apiservices.management.cattle.io
2026-06-12T10:44:26.497286775Z 2026/06/12 10:44:26 [INFO] Applying CRD clusterregistrationtokens.management.cattle.io
2026-06-12T10:44:26.508406566Z 2026/06/12 10:44:26 [INFO] Applying CRD settings.management.cattle.io
2026-06-12T10:44:26.519967736Z 2026/06/12 10:44:26 [INFO] Applying CRD preferences.management.cattle.io
2026-06-12T10:44:26.530232486Z 2026/06/12 10:44:26 [INFO] Applying CRD features.management.cattle.io
2026-06-12T10:44:26.542842702Z 2026/06/12 10:44:26 [INFO] Applying CRD operations.catalog.cattle.io
2026-06-12T10:44:26.558294426Z 2026/06/12 10:44:26 [INFO] Applying CRD apps.catalog.cattle.io
2026-06-12T10:44:26.663201925Z 2026/06/12 10:44:26 [INFO] Applying CRD fleetworkspaces.management.cattle.io
2026-06-12T10:44:26.676448034Z 2026/06/12 10:44:26 [INFO] Applying CRD managedcharts.management.cattle.io
2026-06-12T10:44:28.200022442Z 2026/06/12 10:44:28 [INFO] Configuring auth server API body limit to 1048576 bytes
2026-06-12T10:44:28.200329123Z 2026/06/12 10:44:28 [INFO] creating imperative extension apiserver resources
2026-06-12T10:44:28.200474374Z 2026/06/12 10:44:28 [INFO] starting imperative api cert rotator
2026-06-12T10:44:28.204865554Z 2026/06/12 10:44:28 [INFO] imperative api APIService cert updated
2026-06-12T10:44:28.656228473Z 2026/06/12 10:44:28 [INFO] Successfully installed useractivity store
2026-06-12T10:44:28.656249297Z 2026/06/12 10:44:28 [INFO] Successfully installed token store
2026-06-12T10:44:28.656252651Z 2026/06/12 10:44:28 [INFO] Successfully installed kubeconfig store
2026-06-12T10:44:28.656255555Z 2026/06/12 10:44:28 [INFO] Successfully installed passwordchangerequest store
2026-06-12T10:44:28.658347360Z 2026/06/12 10:44:28 [INFO] Successfully installed groupmembershiprefreshrequest store
2026-06-12T10:44:28.658360859Z 2026/06/12 10:44:28 [INFO] Successfully installed selfuser store
2026-06-12T10:44:28.974507304Z I0612 10:44:28.974325      43 handler.go:304] Adding GroupVersion ext.cattle.io v1 to ResourceManager
2026-06-12T10:44:30.409773389Z I0612 10:44:30.409599      43 configmap_cafile_content.go:205] "Starting controller" name="client-ca::kube-system::extension-apiserver-authentication::requestheader-client-ca-file"
2026-06-12T10:44:30.409805945Z I0612 10:44:30.409656      43 shared_informer.go:370] "Waiting for caches to sync"
2026-06-12T10:44:30.409810389Z I0612 10:44:30.409564      43 requestheader_controller.go:180] Starting RequestHeaderAuthRequestController
2026-06-12T10:44:30.409813302Z I0612 10:44:30.409687      43 shared_informer.go:370] "Waiting for caches to sync"
2026-06-12T10:44:30.410243910Z I0612 10:44:30.410152      43 secure_serving.go:211] Serving securely on [::]:6666
2026-06-12T10:44:30.410399508Z I0612 10:44:30.410256      43 tlsconfig.go:243] "Starting DynamicServingCertificateController"
2026-06-12T10:44:30.510522731Z I0612 10:44:30.510400      43 shared_informer.go:377] "Caches are synced"
2026-06-12T10:44:30.510559840Z I0612 10:44:30.510408      43 shared_informer.go:377] "Caches are synced"
2026-06-12T10:44:30.801008099Z 2026/06/12 10:44:30 [INFO] Starting API controllers
2026-06-12T10:44:30.914633253Z 2026/06/12 10:44:30 [INFO] Starting management.cattle.io/v3, Kind=Token controller
2026-06-12T10:44:30.914658007Z 2026/06/12 10:44:30 [INFO] Starting management.cattle.io/v3, Kind=UserAttribute controller
2026-06-12T10:44:30.914663435Z 2026/06/12 10:44:30 [INFO] Starting management.cattle.io/v3, Kind=GroupMember controller
2026-06-12T10:44:30.914934872Z 2026/06/12 10:44:30 [INFO] Starting management.cattle.io/v3, Kind=Group controller
2026-06-12T10:44:30.915090313Z 2026/06/12 10:44:30 [INFO] Starting management.cattle.io/v3, Kind=User controller
2026-06-12T10:44:30.937717482Z I0612 10:44:30.937554      43 warnings.go:107] "Warning: v1 Endpoints is deprecated in v1.33+; use discovery.k8s.io/v1 EndpointSlice"
2026-06-12T10:44:31.331502727Z 2026/06/12 10:44:31 [INFO] Starting management.cattle.io/v3, Kind=Feature controller
2026-06-12T10:44:31.331528996Z 2026/06/12 10:44:31 [INFO] Starting management.cattle.io/v3, Kind=Setting controller
2026-06-12T10:44:31.331636337Z 2026/06/12 10:44:31 [INFO] Starting management.cattle.io/v3, Kind=ClusterRegistrationToken controller
2026-06-12T10:44:31.331797240Z 2026/06/12 10:44:31 [INFO] Starting rke.cattle.io/v1, Kind=ETCDSnapshot controller
2026-06-12T10:44:31.331996667Z 2026/06/12 10:44:31 [INFO] Starting rbac.authorization.k8s.io/v1, Kind=Role controller
2026-06-12T10:44:31.332006610Z 2026/06/12 10:44:31 [INFO] Starting management.cattle.io/v3, Kind=Preference controller
2026-06-12T10:44:31.332064334Z 2026/06/12 10:44:31 [INFO] Starting /v1, Kind=ConfigMap controller
2026-06-12T10:44:31.332118605Z 2026/06/12 10:44:31 [INFO] Starting management.cattle.io/v3, Kind=User controller
2026-06-12T10:44:31.332251701Z 2026/06/12 10:44:31 [INFO] Starting management.cattle.io/v3, Kind=Cluster controller
2026-06-12T10:44:31.332372475Z 2026/06/12 10:44:31 [INFO] Starting apiregistration.k8s.io/v1, Kind=APIService controller
2026-06-12T10:44:31.344244696Z 2026/06/12 10:44:31 [INFO] Starting management.cattle.io/v3, Kind=UserAttribute controller
2026-06-12T10:44:31.356074548Z 2026/06/12 10:44:31 [INFO] Starting management.cattle.io/v3, Kind=AuthConfig controller
2026-06-12T10:44:31.356090833Z 2026/06/12 10:44:31 [INFO] Starting management.cattle.io/v3, Kind=APIService controller
2026-06-12T10:44:31.356094312Z 2026/06/12 10:44:31 [INFO] Starting rbac.authorization.k8s.io/v1, Kind=ClusterRoleBinding controller
2026-06-12T10:44:31.356189713Z 2026/06/12 10:44:31 [INFO] Starting apiextensions.k8s.io/v1, Kind=CustomResourceDefinition controller
2026-06-12T10:44:31.356200188Z 2026/06/12 10:44:31 [INFO] Starting /v1, Kind=Endpoints controller
2026-06-12T10:44:31.356245793Z 2026/06/12 10:44:31 [INFO] Starting rbac.authorization.k8s.io/v1, Kind=ClusterRole controller
2026-06-12T10:44:31.356859395Z 2026/06/12 10:44:31 [INFO] Starting management.cattle.io/v3, Kind=Token controller
2026-06-12T10:44:31.357000839Z 2026/06/12 10:44:31 [INFO] Starting provisioning.cattle.io/v1, Kind=Cluster controller
2026-06-12T10:44:31.357355720Z 2026/06/12 10:44:31 [INFO] Starting /v1, Kind=Secret controller
2026-06-12T10:44:31.357510349Z 2026/06/12 10:44:31 [INFO] Starting catalog.cattle.io/v1, Kind=ClusterRepo controller
2026-06-12T10:44:31.358126663Z 2026/06/12 10:44:31 [INFO] Starting /v1, Kind=Namespace controller
2026-06-12T10:44:31.358297280Z 2026/06/12 10:44:31 [INFO] Starting rke.cattle.io/v1, Kind=RKEBootstrap controller
2026-06-12T10:44:31.358932784Z 2026/06/12 10:44:31 [INFO] Starting /v1, Kind=ServiceAccount controller
2026-06-12T10:44:31.359328403Z 2026/06/12 10:44:31 [INFO] Starting rbac.authorization.k8s.io/v1, Kind=RoleBinding controller
2026-06-12T10:44:31.369681054Z 2026/06/12 10:44:31 [INFO] [deferred-capi - WaitForClient] waiting for CAPI catalog App to be ready with correct version...
2026-06-12T10:44:31.369697876Z 2026/06/12 10:44:31 [INFO] [deferred-capi] Checking CAPI catalog App version...
2026-06-12T10:44:31.369699950Z I0612 10:44:31.369486      43 leaderelection.go:258] "Attempting to acquire leader lease..." lock="kube-system/cattle-controllers"
2026-06-12T10:44:31.373794603Z 2026/06/12 10:44:31 [INFO] [deferred-capi - WaitForClient] CAPI catalog App version is correct, initializing CAPI factory
2026-06-12T10:44:31.379174826Z 2026/06/12 10:44:31 [WARNING] Skipping save of TLS secret for cattle-system/serving-cert due to missing certificate data
2026-06-12T10:44:31.379192320Z 2026/06/12 10:44:31 [INFO] Active TLS secret cattle-system/serving-cert (ver=7087) (count 5): map[listener.cattle.io/cn-10.115.252.20:10.115.252.20 listener.cattle.io/cn-10.52.0.6:10.52.0.6 listener.cattle.io/cn-127.0.0.1:127.0.0.1 listener.cattle.io/cn-localhost:localhost listener.cattle.io/cn-rancher.cattle-system:rancher.cattle-system listener.cattle.io/fingerprint:SHA1=78A651656F43E51A3591ED002A9CA23CE97E3046]
2026-06-12T10:44:31.379323212Z 2026/06/12 10:44:31 [INFO] Listening on :443
2026-06-12T10:44:31.379338644Z 2026/06/12 10:44:31 [INFO] Listening on :80
2026-06-12T10:44:31.380377752Z 2026/06/12 10:44:31 [INFO] certificate CN=dynamic,O=dynamic signed by CN=dynamiclistener-ca@1781260799,O=dynamiclistener-org: notBefore=2026-06-12 09:44:31 +0000 UTC notAfter=2027-06-12 09:44:31 +0000 UTC
2026-06-12T10:44:31.383567718Z 2026/06/12 10:44:31 [INFO] Updating TLS secret for cattle-system/serving-cert (count: 6): map[listener.cattle.io/cn-10.115.252.20:10.115.252.20 listener.cattle.io/cn-10.52.0.6:10.52.0.6 listener.cattle.io/cn-10.52.0.74:10.52.0.74 listener.cattle.io/cn-127.0.0.1:127.0.0.1 listener.cattle.io/cn-localhost:localhost listener.cattle.io/cn-rancher.cattle-system:rancher.cattle-system listener.cattle.io/fingerprint:SHA1=0B4021F5EFAA390C64FFD1270A54A03F1D73DDD7]
2026-06-12T10:44:31.393254530Z 2026/06/12 10:44:31 [INFO] Active TLS secret cattle-system/serving-cert (ver=8023) (count 6): map[listener.cattle.io/cn-10.115.252.20:10.115.252.20 listener.cattle.io/cn-10.52.0.6:10.52.0.6 listener.cattle.io/cn-10.52.0.74:10.52.0.74 listener.cattle.io/cn-127.0.0.1:127.0.0.1 listener.cattle.io/cn-localhost:localhost listener.cattle.io/cn-rancher.cattle-system:rancher.cattle-system listener.cattle.io/fingerprint:SHA1=0B4021F5EFAA390C64FFD1270A54A03F1D73DDD7]
2026-06-12T10:44:31.395134868Z 2026/06/12 10:44:31 [WARNING] Skipping save of TLS secret for cattle-system/tls-rancher-internal due to missing certificate data
2026-06-12T10:44:31.395155890Z 2026/06/12 10:44:31 [INFO] Active TLS secret cattle-system/tls-rancher-internal (ver=7166) (count 3): map[listener.cattle.io/cn-10.115.252.20:10.115.252.20 listener.cattle.io/cn-10.52.0.6:10.52.0.6 listener.cattle.io/cn-10.53.3.202:10.53.3.202 listener.cattle.io/fingerprint:SHA1=560B669435D16B1874489E8C5C6D2604461EB752]
2026-06-12T10:44:31.395309767Z 2026/06/12 10:44:31 [INFO] Listening on :444
2026-06-12T10:44:31.890587406Z 2026/06/12 10:44:31 [ERROR] Failed to read API for groups map[ext.cattle.io/v1:stale GroupVersion discovery: ext.cattle.io/v1]
2026-06-12T10:44:31.890885732Z W0612 10:44:31.890829      43 gvks.go:80] Failed to read API for groups: map[ext.cattle.io/v1:stale GroupVersion discovery: ext.cattle.io/v1]
2026-06-12T10:44:33.494315516Z I0612 10:44:33.494172      43 warnings.go:107] "Warning: v1 Endpoints is deprecated in v1.33+; use discovery.k8s.io/v1 EndpointSlice"
2026-06-12T10:44:33.496955390Z I0612 10:44:33.496870      43 warnings.go:107] "Warning: cdi.kubevirt.io/v1beta1 ObjectTransfers is now deprecated and will be removed in v1."
2026-06-12T10:44:33.538324748Z I0612 10:44:33.538234      43 warnings.go:107] "Warning: v1 ComponentStatus is deprecated in v1.19+"
2026-06-12T10:44:33.538391241Z I0612 10:44:33.538344      43 warnings.go:107] "Warning: kubevirt.io/v1 VirtualMachineInstancePresets is now deprecated and will be removed in v2."
2026-06-12T10:44:33.560496109Z 2026/06/12 10:44:33 [INFO] Watching metadata for crd.projectcalico.org/v1, Kind=BGPConfiguration
2026-06-12T10:44:33.560519758Z 2026/06/12 10:44:33 [INFO] Watching metadata for longhorn.io/v1beta2, Kind=Setting
2026-06-12T10:44:33.560526906Z 2026/06/12 10:44:33 [INFO] Watching metadata for fleet.cattle.io/v1alpha1, Kind=ClusterRegistration
2026-06-12T10:44:33.560538952Z 2026/06/12 10:44:33 [INFO] Watching metadata for storage.k8s.io/v1, Kind=VolumeAttachment
2026-06-12T10:44:33.560545662Z 2026/06/12 10:44:33 [INFO] Watching metadata for crd.projectcalico.org/v1, Kind=IPAMHandle
2026-06-12T10:44:33.560559468Z 2026/06/12 10:44:33 [INFO] Watching metadata for longhorn.io/v1beta2, Kind=SystemBackup
2026-06-12T10:44:33.560584441Z 2026/06/12 10:44:33 [INFO] Watching metadata for clone.kubevirt.io/v1beta1, Kind=VirtualMachineClone
2026-06-12T10:44:33.560604140Z 2026/06/12 10:44:33 [INFO] Watching metadata for crd.projectcalico.org/v1, Kind=Tier
2026-06-12T10:44:33.560617813Z 2026/06/12 10:44:33 [INFO] Watching metadata for longhorn.io/v1beta2, Kind=Replica
2026-06-12T10:44:33.560687712Z 2026/06/12 10:44:33 [INFO] Watching metadata for rbac.authorization.k8s.io/v1, Kind=RoleBinding
2026-06-12T10:44:33.560704781Z 2026/06/12 10:44:33 [INFO] Watching metadata for /v1, Kind=Namespace
2026-06-12T10:44:33.560718599Z 2026/06/12 10:44:33 [INFO] Watching metadata for rke.cattle.io/v1, Kind=RKEBootstrap
2026-06-12T10:44:33.560721934Z 2026/06/12 10:44:33 [INFO] Watching metadata for network.harvesterhci.io/v1beta1, Kind=LinkMonitor
2026-06-12T10:44:33.560729632Z 2026/06/12 10:44:33 [INFO] Watching metadata for fleet.cattle.io/v1alpha1, Kind=Cluster
2026-06-12T10:44:33.560756755Z 2026/06/12 10:44:33 [INFO] Watching metadata for networking.k8s.io/v1, Kind=NetworkPolicy
2026-06-12T10:44:33.560763529Z 2026/06/12 10:44:33 [INFO] Watching metadata for harvesterhci.io/v1beta1, Kind=Version
2026-06-12T10:44:33.560785954Z 2026/06/12 10:44:33 [INFO] Watching metadata for fleet.cattle.io/v1alpha1, Kind=ClusterGroup
2026-06-12T10:44:33.560809254Z 2026/06/12 10:44:33 [INFO] Watching metadata for monitoring.coreos.com/v1alpha1, Kind=AlertmanagerConfig
2026-06-12T10:44:33.560818227Z 2026/06/12 10:44:33 [INFO] Watching metadata for forklift.cdi.kubevirt.io/v1beta1, Kind=OvirtVolumePopulator
2026-06-12T10:44:33.560842917Z 2026/06/12 10:44:33 [INFO] Watching metadata for storage.k8s.io/v1, Kind=CSIStorageCapacity
2026-06-12T10:44:33.560852800Z 2026/06/12 10:44:33 [INFO] Watching metadata for longhorn.io/v1beta2, Kind=BackingImage
2026-06-12T10:44:33.560904458Z 2026/06/12 10:44:33 [INFO] Watching metadata for apps/v1, Kind=ReplicaSet
2026-06-12T10:44:33.560908284Z 2026/06/12 10:44:33 [INFO] Watching metadata for cluster.x-k8s.io/v1beta2, Kind=Machine
2026-06-12T10:44:33.560936911Z 2026/06/12 10:44:33 [INFO] Watching metadata for networking.k8s.io/v1, Kind=IngressClass
2026-06-12T10:44:33.560947597Z 2026/06/12 10:44:33 [INFO] Watching metadata for cdi.kubevirt.io/v1beta1, Kind=VolumeImportSource
2026-06-12T10:44:33.561093542Z 2026/06/12 10:44:33 [INFO] Watching metadata for management.cattle.io/v3, Kind=Preference
2026-06-12T10:44:33.561103028Z 2026/06/12 10:44:33 [INFO] Watching metadata for logging.banzaicloud.io/v1beta1, Kind=Logging
2026-06-12T10:44:33.561106674Z 2026/06/12 10:44:33 [INFO] Watching metadata for logging.banzaicloud.io/v1beta1, Kind=ClusterFlow
2026-06-12T10:44:33.561866528Z 2026/06/12 10:44:33 [INFO] Watching metadata for longhorn.io/v1beta2, Kind=Engine
2026-06-12T10:44:33.561910738Z 2026/06/12 10:44:33 [INFO] Watching metadata for management.cattle.io/v3, Kind=ProxyEndpoint
2026-06-12T10:44:33.561923469Z 2026/06/12 10:44:33 [INFO] Watching metadata for crd.projectcalico.org/v1, Kind=BGPFilter
2026-06-12T10:44:33.561926914Z 2026/06/12 10:44:33 [INFO] Watching metadata for fleet.cattle.io/v1alpha1, Kind=Schedule
2026-06-12T10:44:33.562167093Z 2026/06/12 10:44:33 [INFO] Watching metadata for cdi.kubevirt.io/v1beta1, Kind=DataVolume
2026-06-12T10:44:33.562172283Z 2026/06/12 10:44:33 [INFO] Watching metadata for /v1, Kind=ReplicationController
2026-06-12T10:44:33.562174798Z 2026/06/12 10:44:33 [INFO] Watching metadata for crd.projectcalico.org/v1, Kind=IPAMBlock
2026-06-12T10:44:33.562177439Z 2026/06/12 10:44:33 [INFO] Watching metadata for logging.banzaicloud.io/v1beta1, Kind=Flow
2026-06-12T10:44:33.562180147Z 2026/06/12 10:44:33 [INFO] Watching metadata for storage.k8s.io/v1, Kind=CSIDriver
2026-06-12T10:44:33.562182675Z 2026/06/12 10:44:33 [INFO] Watching metadata for longhorn.io/v1beta2, Kind=SystemRestore
2026-06-12T10:44:33.562185408Z 2026/06/12 10:44:33 [INFO] Watching metadata for cdi.kubevirt.io/v1beta1, Kind=ObjectTransfer
2026-06-12T10:44:33.562187950Z 2026/06/12 10:44:33 [INFO] Watching metadata for apiregistration.k8s.io/v1, Kind=APIService
2026-06-12T10:44:33.562190631Z 2026/06/12 10:44:33 [INFO] Watching metadata for resource.k8s.io/v1, Kind=ResourceClaimTemplate
2026-06-12T10:44:33.562193709Z 2026/06/12 10:44:33 [INFO] Watching metadata for kubevirt.io/v1, Kind=VirtualMachineInstancePreset
2026-06-12T10:44:33.562196261Z 2026/06/12 10:44:33 [INFO] Watching metadata for harvesterhci.io/v1beta1, Kind=VirtualMachineBackup
2026-06-12T10:44:33.562198778Z 2026/06/12 10:44:33 [INFO] Watching metadata for storage.k8s.io/v1, Kind=VolumeAttributesClass
2026-06-12T10:44:33.562201438Z 2026/06/12 10:44:33 [INFO] Watching metadata for crd.projectcalico.org/v1, Kind=HostEndpoint
2026-06-12T10:44:33.562203906Z 2026/06/12 10:44:33 [INFO] Watching metadata for rke.cattle.io/v1, Kind=ETCDSnapshot
2026-06-12T10:44:33.562215593Z 2026/06/12 10:44:33 [INFO] Watching metadata for crd.projectcalico.org/v1, Kind=IPReservation
2026-06-12T10:44:33.562228020Z 2026/06/12 10:44:33 [INFO] Watching metadata for loadbalancer.harvesterhci.io/v1beta1, Kind=IPPool
2026-06-12T10:44:33.562236434Z 2026/06/12 10:44:33 [INFO] Watching metadata for rbac.authorization.k8s.io/v1, Kind=Role
2026-06-12T10:44:33.562859174Z 2026/06/12 10:44:33 [INFO] Watching metadata for crd.projectcalico.org/v1, Kind=BGPPeer
2026-06-12T10:44:33.562878030Z 2026/06/12 10:44:33 [INFO] Watching metadata for management.cattle.io/v3, Kind=NodeDriver
2026-06-12T10:44:33.562889152Z 2026/06/12 10:44:33 [INFO] Watching metadata for autoscaling/v2, Kind=HorizontalPodAutoscaler
2026-06-12T10:44:33.562905676Z 2026/06/12 10:44:33 [INFO] Watching metadata for fleet.cattle.io/v1alpha1, Kind=ImageScan
2026-06-12T10:44:33.562949658Z 2026/06/12 10:44:33 [INFO] Watching metadata for rbac.authorization.k8s.io/v1, Kind=ClusterRoleBinding
2026-06-12T10:44:33.562987258Z 2026/06/12 10:44:33 [INFO] Watching metadata for node.harvesterhci.io/v1beta1, Kind=CloudInit
2026-06-12T10:44:33.563058171Z 2026/06/12 10:44:33 [INFO] Watching metadata for /v1, Kind=ConfigMap
2026-06-12T10:44:33.565119215Z 2026/06/12 10:44:33 [INFO] Watching metadata for logging.banzaicloud.io/v1beta1, Kind=FluentdConfig
2026-06-12T10:44:33.565145352Z 2026/06/12 10:44:33 [INFO] Watching metadata for network.harvesterhci.io/v1beta1, Kind=ClusterNetwork
2026-06-12T10:44:33.565349144Z 2026/06/12 10:44:33 [INFO] Watching metadata for crd.projectcalico.org/v1, Kind=NetworkSet
2026-06-12T10:44:33.565718315Z 2026/06/12 10:44:33 [INFO] Watching metadata for networking.k8s.io/v1, Kind=ServiceCIDR
2026-06-12T10:44:33.565732936Z 2026/06/12 10:44:33 [INFO] Watching metadata for longhorn.io/v1beta2, Kind=VolumeAttachment
2026-06-12T10:44:33.565916048Z 2026/06/12 10:44:33 [INFO] Watching metadata for /v1, Kind=PodTemplate
2026-06-12T10:44:33.565932467Z 2026/06/12 10:44:33 [INFO] Watching metadata for crd.projectcalico.org/v1, Kind=NetworkPolicy
2026-06-12T10:44:33.566214998Z 2026/06/12 10:44:33 [INFO] Watching metadata for longhorn.io/v1beta2, Kind=BackingImageManager
2026-06-12T10:44:33.566313741Z 2026/06/12 10:44:33 [INFO] Watching metadata for catalog.cattle.io/v1, Kind=UIPlugin
2026-06-12T10:44:33.566859084Z 2026/06/12 10:44:33 [INFO] Watching metadata for provisioning.cattle.io/v1, Kind=Cluster
2026-06-12T10:44:33.567001586Z 2026/06/12 10:44:33 [INFO] Watching metadata for turtles-capi.cattle.io/v1alpha1, Kind=ClusterctlConfig
2026-06-12T10:44:33.567373760Z 2026/06/12 10:44:33 [INFO] Watching metadata for batch/v1, Kind=CronJob
2026-06-12T10:44:33.567850540Z 2026/06/12 10:44:33 [INFO] Watching metadata for loadbalancer.harvesterhci.io/v1beta1, Kind=LoadBalancer
2026-06-12T10:44:33.567863979Z 2026/06/12 10:44:33 [INFO] Watching metadata for harvesterhci.io/v1beta1, Kind=Setting
2026-06-12T10:44:33.567866963Z 2026/06/12 10:44:33 [INFO] Watching metadata for cdi.kubevirt.io/v1beta1, Kind=CDI
2026-06-12T10:44:33.567876216Z 2026/06/12 10:44:33 [INFO] Watching metadata for storage.k8s.io/v1, Kind=CSINode
2026-06-12T10:44:33.567999024Z 2026/06/12 10:44:33 [INFO] Watching metadata for admissionregistration.k8s.io/v1, Kind=MutatingWebhookConfiguration
2026-06-12T10:44:33.568115979Z 2026/06/12 10:44:33 [INFO] Watching metadata for harvesterhci.io/v1beta1, Kind=VirtualMachineImageDownloader
2026-06-12T10:44:33.568137784Z 2026/06/12 10:44:33 [INFO] Watching metadata for longhorn.io/v1beta2, Kind=ShareManager
2026-06-12T10:44:33.568225626Z 2026/06/12 10:44:33 [INFO] Watching metadata for monitoring.coreos.com/v1alpha1, Kind=PrometheusAgent
2026-06-12T10:44:33.568377511Z 2026/06/12 10:44:33 [INFO] Watching metadata for rbac.authorization.k8s.io/v1, Kind=ClusterRole
2026-06-12T10:44:33.568528668Z 2026/06/12 10:44:33 [INFO] Watching metadata for helm.cattle.io/v1, Kind=HelmChart
2026-06-12T10:44:33.568700292Z 2026/06/12 10:44:33 [INFO] Watching metadata for kubevirt.io/v1, Kind=VirtualMachine
2026-06-12T10:44:33.569001787Z 2026/06/12 10:44:33 [INFO] Watching metadata for coordination.k8s.io/v1, Kind=Lease
2026-06-12T10:44:33.569052742Z 2026/06/12 10:44:33 [INFO] Watching metadata for management.cattle.io/v3, Kind=PodSecurityAdmissionConfigurationTemplate
2026-06-12T10:44:33.569881373Z 2026/06/12 10:44:33 [INFO] Watching metadata for monitoring.coreos.com/v1, Kind=ServiceMonitor
2026-06-12T10:44:33.570072067Z 2026/06/12 10:44:33 [INFO] Watching metadata for crd.projectcalico.org/v1, Kind=GlobalNetworkSet
2026-06-12T10:44:33.570270044Z 2026/06/12 10:44:33 [INFO] Watching metadata for /v1, Kind=Node
2026-06-12T10:44:33.570451580Z 2026/06/12 10:44:33 [INFO] Watching metadata for /v1, Kind=Service
2026-06-12T10:44:33.570666948Z 2026/06/12 10:44:33 [INFO] Watching metadata for monitoring.coreos.com/v1alpha1, Kind=ScrapeConfig
2026-06-12T10:44:33.570837729Z 2026/06/12 10:44:33 [INFO] Watching metadata for fleet.cattle.io/v1alpha1, Kind=BundleNamespaceMapping
2026-06-12T10:44:33.571023330Z 2026/06/12 10:44:33 [INFO] Watching metadata for harvesterhci.io/v1beta1, Kind=VolumeRemoteBackup
2026-06-12T10:44:33.571215566Z 2026/06/12 10:44:33 [INFO] Watching metadata for storage.k8s.io/v1, Kind=StorageClass
2026-06-12T10:44:33.571394647Z 2026/06/12 10:44:33 [INFO] Watching metadata for longhorn.io/v1beta2, Kind=BackupBackingImage
2026-06-12T10:44:33.571578829Z 2026/06/12 10:44:33 [INFO] Watching metadata for harvesterhci.io/v1beta1, Kind=SupportBundle
2026-06-12T10:44:33.571765002Z 2026/06/12 10:44:33 [INFO] Watching metadata for management.cattle.io/v3, Kind=ManagedChart
2026-06-12T10:44:33.571977856Z 2026/06/12 10:44:33 [INFO] Watching metadata for kubeovn.io/v1, Kind=Configuration
2026-06-12T10:44:33.572173728Z 2026/06/12 10:44:33 [INFO] Watching metadata for longhorn.io/v1beta2, Kind=SupportBundle
2026-06-12T10:44:33.572363638Z 2026/06/12 10:44:33 [INFO] Watching metadata for telemetry.cattle.io/v1, Kind=SecretRequest
2026-06-12T10:44:33.572552651Z 2026/06/12 10:44:33 [INFO] Watching metadata for cdi.kubevirt.io/v1beta1, Kind=DataSource
2026-06-12T10:44:33.572748523Z 2026/06/12 10:44:33 [INFO] Watching metadata for harvesterhci.io/v1beta1, Kind=Addon
2026-06-12T10:44:33.572928886Z 2026/06/12 10:44:33 [INFO] Watching metadata for crd.projectcalico.org/v1, Kind=ClusterInformation
2026-06-12T10:44:33.573098287Z 2026/06/12 10:44:33 [INFO] Watching metadata for addons.cluster.x-k8s.io/v1beta2, Kind=ClusterResourceSetBinding
2026-06-12T10:44:33.573284709Z 2026/06/12 10:44:33 [INFO] Watching metadata for longhorn.io/v1beta2, Kind=BackupVolume
2026-06-12T10:44:33.574010785Z 2026/06/12 10:44:33 [INFO] Watching metadata for apps/v1, Kind=ControllerRevision
2026-06-12T10:44:33.574025762Z 2026/06/12 10:44:33 [INFO] Watching metadata for logging.banzaicloud.io/v1beta1, Kind=SyslogNGFlow
2026-06-12T10:44:33.574029111Z 2026/06/12 10:44:33 [INFO] Watching metadata for longhorn.io/v1beta2, Kind=RecurringJob
2026-06-12T10:44:33.574054799Z 2026/06/12 10:44:33 [INFO] Watching metadata for fleet.cattle.io/v1alpha1, Kind=BundleDeployment
2026-06-12T10:44:33.574058913Z 2026/06/12 10:44:33 [INFO] Watching metadata for /v1, Kind=ServiceAccount
2026-06-12T10:44:33.574061742Z 2026/06/12 10:44:33 [INFO] Watching metadata for snapshot.storage.k8s.io/v1, Kind=VolumeSnapshotContent
2026-06-12T10:44:33.574064622Z 2026/06/12 10:44:33 [INFO] Watching metadata for discovery.k8s.io/v1, Kind=EndpointSlice
2026-06-12T10:44:33.574072072Z 2026/06/12 10:44:33 [INFO] Watching metadata for cluster.x-k8s.io/v1beta2, Kind=MachineSet
2026-06-12T10:44:33.574075179Z 2026/06/12 10:44:33 [INFO] Watching metadata for fleet.cattle.io/v1alpha1, Kind=HelmOp
2026-06-12T10:44:33.574077791Z 2026/06/12 10:44:33 [INFO] Watching metadata for logging.banzaicloud.io/v1beta1, Kind=Output
2026-06-12T10:44:33.574080440Z 2026/06/12 10:44:33 [INFO] Watching metadata for management.cattle.io/v3, Kind=Cluster
2026-06-12T10:44:33.574083462Z 2026/06/12 10:44:33 [INFO] Watching metadata for kubevirt.io/v1, Kind=VirtualMachineInstance
2026-06-12T10:44:33.574086226Z 2026/06/12 10:44:33 [INFO] Watching metadata for admissionregistration.k8s.io/v1, Kind=ValidatingAdmissionPolicy
2026-06-12T10:44:33.574097477Z 2026/06/12 10:44:33 [INFO] Watching metadata for snapshot.storage.k8s.io/v1, Kind=VolumeSnapshot
2026-06-12T10:44:33.574191393Z 2026/06/12 10:44:33 [INFO] Watching metadata for harvesterhci.io/v1beta1, Kind=VirtualMachineTemplateVersion
2026-06-12T10:44:33.574295367Z 2026/06/12 10:44:33 [INFO] Watching metadata for monitoring.coreos.com/v1, Kind=Probe
2026-06-12T10:44:33.574365071Z 2026/06/12 10:44:33 [INFO] Watching metadata for rke.cattle.io/v1, Kind=CustomMachine
2026-06-12T10:44:33.574476905Z 2026/06/12 10:44:33 [INFO] Watching metadata for kubevirt.io/v1, Kind=VirtualMachineInstanceReplicaSet
2026-06-12T10:44:33.574488335Z 2026/06/12 10:44:33 [INFO] Watching metadata for crd.projectcalico.org/v1, Kind=KubeControllersConfiguration
2026-06-12T10:44:33.575737400Z 2026/06/12 10:44:33 [INFO] Watching metadata for networking.k8s.io/v1, Kind=IPAddress
2026-06-12T10:44:33.575751242Z 2026/06/12 10:44:33 [INFO] Watching metadata for node.harvesterhci.io/v1beta1, Kind=NodeConfig
2026-06-12T10:44:33.575754410Z 2026/06/12 10:44:33 [INFO] Watching metadata for longhorn.io/v1beta2, Kind=EngineImage
2026-06-12T10:44:33.575757364Z 2026/06/12 10:44:33 [INFO] Watching metadata for monitoring.coreos.com/v1, Kind=PrometheusRule
2026-06-12T10:44:33.575775053Z 2026/06/12 10:44:33 [INFO] Watching metadata for monitoring.coreos.com/v1, Kind=Prometheus
2026-06-12T10:44:33.575778218Z 2026/06/12 10:44:33 [INFO] Watching metadata for fleet.cattle.io/v1alpha1, Kind=Policy
2026-06-12T10:44:33.575792725Z 2026/06/12 10:44:33 [INFO] Watching metadata for kubevirt.io/v1, Kind=KubeVirt
2026-06-12T10:44:33.575795812Z 2026/06/12 10:44:33 [INFO] Watching metadata for policy.networking.k8s.io/v1alpha2, Kind=ClusterNetworkPolicy
2026-06-12T10:44:33.575798440Z 2026/06/12 10:44:33 [INFO] Watching metadata for whereabouts.cni.cncf.io/v1alpha1, Kind=NodeSlicePool
2026-06-12T10:44:33.575801219Z 2026/06/12 10:44:33 [INFO] Watching metadata for management.cattle.io/v3, Kind=ClusterProxyConfig
2026-06-12T10:44:33.575804183Z 2026/06/12 10:44:33 [INFO] Watching metadata for /v1, Kind=Secret
2026-06-12T10:44:33.575806883Z 2026/06/12 10:44:33 [INFO] Watching metadata for logging.banzaicloud.io/v1beta1, Kind=NodeAgent
2026-06-12T10:44:33.575809495Z 2026/06/12 10:44:33 [INFO] Watching metadata for runtime.cluster.x-k8s.io/v1beta2, Kind=ExtensionConfig
2026-06-12T10:44:33.575812607Z 2026/06/12 10:44:33 [INFO] Watching metadata for node.harvesterhci.io/v1beta1, Kind=Hugepage
2026-06-12T10:44:33.575815397Z 2026/06/12 10:44:33 [INFO] Watching metadata for fleet.cattle.io/v1alpha1, Kind=ClusterRegistrationToken
2026-06-12T10:44:33.575818036Z 2026/06/12 10:44:33 [INFO] Watching metadata for cdi.kubevirt.io/v1beta1, Kind=VolumeUploadSource
2026-06-12T10:44:33.575820716Z 2026/06/12 10:44:33 [INFO] Watching metadata for crd.projectcalico.org/v1, Kind=CalicoNodeStatus
2026-06-12T10:44:33.575823315Z 2026/06/12 10:44:33 [INFO] Watching metadata for fleet.cattle.io/v1alpha1, Kind=Content
2026-06-12T10:44:33.575825988Z 2026/06/12 10:44:33 [INFO] Watching metadata for cluster.x-k8s.io/v1beta2, Kind=Cluster
2026-06-12T10:44:33.575829119Z 2026/06/12 10:44:33 [INFO] Watching metadata for admissionregistration.k8s.io/v1, Kind=ValidatingWebhookConfiguration
2026-06-12T10:44:33.575831805Z 2026/06/12 10:44:33 [INFO] Watching metadata for ui.cattle.io/v1, Kind=NavLink
2026-06-12T10:44:33.575837860Z 2026/06/12 10:44:33 [INFO] Watching metadata for longhorn.io/v1beta2, Kind=InstanceManager
2026-06-12T10:44:33.575840709Z 2026/06/12 10:44:33 [INFO] Watching metadata for crd.projectcalico.org/v1, Kind=FelixConfiguration
2026-06-12T10:44:33.575846659Z 2026/06/12 10:44:33 [INFO] Watching metadata for ipam.cluster.x-k8s.io/v1beta2, Kind=IPAddress
2026-06-12T10:44:33.575849308Z 2026/06/12 10:44:33 [INFO] Watching metadata for turtles-capi.cattle.io/v1alpha1, Kind=CAPIProvider
2026-06-12T10:44:33.575852045Z 2026/06/12 10:44:33 [INFO] Watching metadata for catalog.cattle.io/v1, Kind=Operation
2026-06-12T10:44:33.575854742Z 2026/06/12 10:44:33 [INFO] Watching metadata for admissionregistration.k8s.io/v1, Kind=ValidatingAdmissionPolicyBinding
2026-06-12T10:44:33.576089483Z 2026/06/12 10:44:33 [INFO] Watching metadata for resource.k8s.io/v1, Kind=ResourceSlice
2026-06-12T10:44:33.576276311Z 2026/06/12 10:44:33 [INFO] Watching metadata for network.harvesterhci.io/v1beta1, Kind=VlanStatus
2026-06-12T10:44:33.576479414Z 2026/06/12 10:44:33 [INFO] Watching metadata for upgrade.cattle.io/v1, Kind=Plan
2026-06-12T10:44:33.576524036Z 2026/06/12 10:44:33 [INFO] Watching metadata for apiextensions.k8s.io/v1, Kind=CustomResourceDefinition
2026-06-12T10:44:33.576615521Z 2026/06/12 10:44:33 [INFO] Watching metadata for migrations.kubevirt.io/v1alpha1, Kind=MigrationPolicy
2026-06-12T10:44:33.576763528Z 2026/06/12 10:44:33 [INFO] Watching metadata for flowcontrol.apiserver.k8s.io/v1, Kind=PriorityLevelConfiguration
2026-06-12T10:44:33.576960110Z 2026/06/12 10:44:33 [INFO] Watching metadata for auditlog.cattle.io/v1, Kind=AuditPolicy
2026-06-12T10:44:33.577171442Z 2026/06/12 10:44:33 [INFO] Watching metadata for instancetype.kubevirt.io/v1beta1, Kind=VirtualMachineInstancetype
2026-06-12T10:44:33.577344454Z 2026/06/12 10:44:33 [INFO] Watching metadata for network.harvesterhci.io/v1beta1, Kind=VlanConfig
2026-06-12T10:44:33.577522432Z 2026/06/12 10:44:33 [INFO] Watching metadata for longhorn.io/v1beta2, Kind=BackupTarget
2026-06-12T10:44:33.577714999Z 2026/06/12 10:44:33 [INFO] Watching metadata for monitoring.coreos.com/v1, Kind=ThanosRuler
2026-06-12T10:44:33.577899223Z 2026/06/12 10:44:33 [INFO] Watching metadata for longhorn.io/v1beta2, Kind=Backup
2026-06-12T10:44:33.578080554Z 2026/06/12 10:44:33 [INFO] Watching metadata for longhorn.io/v1beta2, Kind=Volume
2026-06-12T10:44:33.578248916Z 2026/06/12 10:44:33 [INFO] Watching metadata for snapshot.storage.k8s.io/v1, Kind=VolumeSnapshotClass
2026-06-12T10:44:33.578424260Z 2026/06/12 10:44:33 [INFO] Watching metadata for crd.projectcalico.org/v1, Kind=GlobalNetworkPolicy
2026-06-12T10:44:33.578567348Z 2026/06/12 10:44:33 [INFO] Watching metadata for cdi.kubevirt.io/v1beta1, Kind=CDIConfig
2026-06-12T10:44:33.578696087Z 2026/06/12 10:44:33 [INFO] Watching metadata for certificates.k8s.io/v1, Kind=CertificateSigningRequest
2026-06-12T10:44:33.578793472Z 2026/06/12 10:44:33 [INFO] Watching metadata for logging.banzaicloud.io/v1beta1, Kind=SyslogNGClusterOutput
2026-06-12T10:44:33.578809588Z 2026/06/12 10:44:33 [INFO] Watching metadata for k3s.cattle.io/v1, Kind=ETCDSnapshotFile
2026-06-12T10:44:33.578903720Z 2026/06/12 10:44:33 [INFO] Watching metadata for logging.banzaicloud.io/v1beta1, Kind=SyslogNGClusterFlow
2026-06-12T10:44:33.578994008Z 2026/06/12 10:44:33 [INFO] Watching metadata for management.cattle.io/v3, Kind=Group
2026-06-12T10:44:33.579004171Z 2026/06/12 10:44:33 [INFO] Watching metadata for snapshot.kubevirt.io/v1beta1, Kind=VirtualMachineRestore
2026-06-12T10:44:33.579041549Z 2026/06/12 10:44:33 [INFO] Watching metadata for instancetype.kubevirt.io/v1beta1, Kind=VirtualMachineClusterInstancetype
2026-06-12T10:44:33.579420299Z 2026/06/12 10:44:33 [INFO] Watching metadata for harvesterhci.io/v1beta1, Kind=Preference
2026-06-12T10:44:33.579430010Z 2026/06/12 10:44:33 [INFO] Watching metadata for logging.banzaicloud.io/v1beta1, Kind=SyslogNGOutput
2026-06-12T10:44:33.579497488Z 2026/06/12 10:44:33 [INFO] Watching metadata for flowcontrol.apiserver.k8s.io/v1, Kind=FlowSchema
2026-06-12T10:44:33.579502061Z 2026/06/12 10:44:33 [INFO] Watching metadata for logging.banzaicloud.io/v1beta1, Kind=SyslogNGConfig
2026-06-12T10:44:33.579508488Z 2026/06/12 10:44:33 [INFO] Watching metadata for crd.projectcalico.org/v1, Kind=StagedKubernetesNetworkPolicy
2026-06-12T10:44:33.579511157Z 2026/06/12 10:44:33 [INFO] Watching metadata for monitoring.coreos.com/v1, Kind=PodMonitor
2026-06-12T10:44:33.579580132Z 2026/06/12 10:44:33 [INFO] Watching metadata for longhorn.io/v1beta2, Kind=Orphan
2026-06-12T10:44:33.579584149Z 2026/06/12 10:44:33 [INFO] Watching metadata for longhorn.io/v1beta2, Kind=Snapshot
2026-06-12T10:44:33.579586840Z 2026/06/12 10:44:33 [INFO] Watching metadata for policy/v1, Kind=PodDisruptionBudget
2026-06-12T10:44:33.579589693Z 2026/06/12 10:44:33 [INFO] Watching metadata for harvesterhci.io/v1beta1, Kind=VirtualMachineRestore
2026-06-12T10:44:33.579636608Z 2026/06/12 10:44:33 [INFO] Watching metadata for resource.k8s.io/v1, Kind=ResourceClaim
2026-06-12T10:44:33.579730655Z 2026/06/12 10:44:33 [INFO] Watching metadata for networking.k8s.io/v1, Kind=Ingress
2026-06-12T10:44:33.579756679Z 2026/06/12 10:44:33 [INFO] Watching metadata for node.harvesterhci.io/v1beta1, Kind=Ksmtuned
2026-06-12T10:44:33.579821720Z 2026/06/12 10:44:33 [INFO] Watching metadata for network.harvesterhci.io/v1beta1, Kind=HostNetworkConfig
2026-06-12T10:44:33.579884062Z 2026/06/12 10:44:33 [INFO] Watching metadata for rke.cattle.io/v1, Kind=RKEBootstrapTemplate
2026-06-12T10:44:33.579980760Z 2026/06/12 10:44:33 [INFO] Watching metadata for resource.k8s.io/v1, Kind=DeviceClass
2026-06-12T10:44:33.579990420Z 2026/06/12 10:44:33 [INFO] Watching metadata for longhorn.io/v1beta2, Kind=LHNode
2026-06-12T10:44:33.580030286Z 2026/06/12 10:44:33 [INFO] Watching metadata for k8s.cni.cncf.io/v1, Kind=NetworkAttachmentDefinition
2026-06-12T10:44:33.580053677Z 2026/06/12 10:44:33 [INFO] Watching metadata for /v1, Kind=LimitRange
2026-06-12T10:44:33.580061537Z 2026/06/12 10:44:33 [INFO] Watching metadata for batch/v1, Kind=Job
2026-06-12T10:44:33.580082967Z 2026/06/12 10:44:33 [INFO] Watching metadata for cdi.kubevirt.io/v1beta1, Kind=VolumeCloneSource
2026-06-12T10:44:33.580146963Z 2026/06/12 10:44:33 [INFO] Watching metadata for kubevirt.io/v1, Kind=VirtualMachineInstanceMigration
2026-06-12T10:44:33.580186392Z 2026/06/12 10:44:33 [INFO] Watching metadata for rke.cattle.io/v1, Kind=RKEControlPlane
2026-06-12T10:44:33.580237999Z 2026/06/12 10:44:33 [INFO] Watching metadata for node.k8s.io/v1, Kind=RuntimeClass
2026-06-12T10:44:33.580245932Z 2026/06/12 10:44:33 [INFO] Watching metadata for snapshot.kubevirt.io/v1beta1, Kind=VirtualMachineSnapshot
2026-06-12T10:44:33.580301758Z 2026/06/12 10:44:33 [INFO] Watching metadata for harvesterhci.io/v1beta1, Kind=LVMVolumeGroup
2026-06-12T10:44:33.580305786Z 2026/06/12 10:44:33 [INFO] Watching metadata for rke.cattle.io/v1, Kind=RKECluster
2026-06-12T10:44:33.580343255Z 2026/06/12 10:44:33 [INFO] Watching metadata for cluster.x-k8s.io/v1beta2, Kind=MachineHealthCheck
2026-06-12T10:44:33.580424373Z 2026/06/12 10:44:33 [INFO] Watching metadata for harvesterhci.io/v1beta1, Kind=VirtualMachineImage
2026-06-12T10:44:33.580428436Z 2026/06/12 10:44:33 [INFO] Watching metadata for k3s.cattle.io/v1, Kind=Addon
2026-06-12T10:44:33.580435164Z 2026/06/12 10:44:33 [INFO] Watching metadata for management.cattle.io/v3, Kind=ClusterRegistrationToken
2026-06-12T10:44:33.580438050Z 2026/06/12 10:44:33 [INFO] Watching metadata for fleet.cattle.io/v1alpha1, Kind=Bundle
2026-06-12T10:44:33.580499203Z 2026/06/12 10:44:33 [INFO] Watching metadata for monitoring.coreos.com/v1, Kind=Alertmanager
2026-06-12T10:44:33.580563864Z 2026/06/12 10:44:33 [INFO] Watching metadata for crd.projectcalico.org/v1, Kind=StagedNetworkPolicy
2026-06-12T10:44:33.580568010Z 2026/06/12 10:44:33 [INFO] Watching metadata for crd.projectcalico.org/v1, Kind=IPPool
2026-06-12T10:44:33.580574613Z 2026/06/12 10:44:33 [INFO] Watching metadata for /v1, Kind=Endpoints
2026-06-12T10:44:33.580632406Z 2026/06/12 10:44:33 [INFO] Watching metadata for export.kubevirt.io/v1beta1, Kind=VirtualMachineExport
2026-06-12T10:44:33.580653525Z 2026/06/12 10:44:33 [INFO] Watching metadata for catalog.cattle.io/v1, Kind=ClusterRepo
2026-06-12T10:44:33.580794977Z 2026/06/12 10:44:33 [INFO] Watching metadata for apps/v1, Kind=Deployment
2026-06-12T10:44:33.580806251Z 2026/06/12 10:44:33 [INFO] Watching metadata for management.cattle.io/v3, Kind=UserAttribute
2026-06-12T10:44:33.580809369Z 2026/06/12 10:44:33 [INFO] Watching metadata for management.cattle.io/v3, Kind=User
2026-06-12T10:44:33.580812126Z 2026/06/12 10:44:33 [INFO] Watching metadata for apps/v1, Kind=DaemonSet
2026-06-12T10:44:33.580814730Z 2026/06/12 10:44:33 [INFO] Watching metadata for harvesterhci.io/v1beta1, Kind=NetworkFilesystem
2026-06-12T10:44:33.580844886Z 2026/06/12 10:44:33 [INFO] Watching metadata for ipam.cluster.x-k8s.io/v1beta2, Kind=IPAddressClaim
2026-06-12T10:44:33.580902401Z 2026/06/12 10:44:33 [INFO] Watching metadata for cluster.x-k8s.io/v1beta2, Kind=MachineDeployment
2026-06-12T10:44:33.580910682Z 2026/06/12 10:44:33 [INFO] Watching metadata for events.k8s.io/v1, Kind=Event
2026-06-12T10:44:33.580921842Z 2026/06/12 10:44:33 [INFO] Watching metadata for harvesterhci.io/v1beta1, Kind=BlockDevice
2026-06-12T10:44:33.580983995Z 2026/06/12 10:44:33 [INFO] Watching metadata for instancetype.kubevirt.io/v1beta1, Kind=VirtualMachineClusterPreference
2026-06-12T10:44:33.580991815Z 2026/06/12 10:44:33 [INFO] Watching metadata for forklift.cdi.kubevirt.io/v1beta1, Kind=OpenstackVolumePopulator
2026-06-12T10:44:33.581071043Z 2026/06/12 10:44:33 [INFO] Watching metadata for logging-extensions.banzaicloud.io/v1alpha1, Kind=EventTailer
2026-06-12T10:44:33.581100156Z 2026/06/12 10:44:33 [INFO] Watching metadata for snapshot.kubevirt.io/v1beta1, Kind=VirtualMachineSnapshotContent
2026-06-12T10:44:33.581103643Z 2026/06/12 10:44:33 [INFO] Watching metadata for scheduling.k8s.io/v1, Kind=PriorityClass
2026-06-12T10:44:33.581150218Z 2026/06/12 10:44:33 [INFO] Watching metadata for logging.banzaicloud.io/v1beta1, Kind=FluentbitAgent
2026-06-12T10:44:33.581193315Z 2026/06/12 10:44:33 [INFO] Watching metadata for addons.cluster.x-k8s.io/v1beta2, Kind=ClusterResourceSet
2026-06-12T10:44:33.581202795Z 2026/06/12 10:44:33 [INFO] Watching metadata for helm.cattle.io/v1, Kind=HelmChartConfig
2026-06-12T10:44:33.581358274Z 2026/06/12 10:44:33 [INFO] Watching metadata for management.cattle.io/v3, Kind=Setting
2026-06-12T10:44:33.581383436Z 2026/06/12 10:44:33 [INFO] Watching metadata for harvesterhci.io/v1beta1, Kind=UpgradeLog
2026-06-12T10:44:33.581462210Z 2026/06/12 10:44:33 [INFO] Watching metadata for cluster.x-k8s.io/v1beta2, Kind=ClusterClass
2026-06-12T10:44:33.581488626Z 2026/06/12 10:44:33 [INFO] Watching metadata for fleet.cattle.io/v1alpha1, Kind=GitRepoRestriction
2026-06-12T10:44:33.581549913Z 2026/06/12 10:44:33 [INFO] Watching metadata for fleet.cattle.io/v1alpha1, Kind=GitRepo
2026-06-12T10:44:33.581629530Z 2026/06/12 10:44:33 [INFO] Watching metadata for harvesterhci.io/v1beta1, Kind=ResourceQuota
2026-06-12T10:44:33.581634035Z 2026/06/12 10:44:33 [INFO] Watching metadata for /v1, Kind=PersistentVolume
2026-06-12T10:44:33.581715032Z 2026/06/12 10:44:33 [INFO] Watching metadata for /v1, Kind=ResourceQuota
2026-06-12T10:44:33.581728364Z 2026/06/12 10:44:33 [INFO] Watching metadata for apps/v1, Kind=StatefulSet
2026-06-12T10:44:33.581770088Z 2026/06/12 10:44:33 [INFO] Watching metadata for crd.projectcalico.org/v1, Kind=BlockAffinity
2026-06-12T10:44:33.581773802Z 2026/06/12 10:44:33 [INFO] Watching metadata for whereabouts.cni.cncf.io/v1alpha1, Kind=IPPool
2026-06-12T10:44:33.581823704Z 2026/06/12 10:44:33 [INFO] Watching metadata for whereabouts.cni.cncf.io/v1alpha1, Kind=OverlappingRangeIPReservation
2026-06-12T10:44:33.581841185Z 2026/06/12 10:44:33 [INFO] Watching metadata for logging.banzaicloud.io/v1beta1, Kind=ClusterOutput
2026-06-12T10:44:33.582601879Z 2026/06/12 10:44:33 [INFO] Watching metadata for pool.kubevirt.io/v1beta1, Kind=VirtualMachinePool
2026-06-12T10:44:33.582619122Z 2026/06/12 10:44:33 [INFO] Watching metadata for harvesterhci.io/v1beta1, Kind=ScheduleVMBackup
2026-06-12T10:44:33.582675377Z 2026/06/12 10:44:33 [INFO] Watching metadata for catalog.cattle.io/v1, Kind=App
2026-06-12T10:44:33.582684023Z 2026/06/12 10:44:33 [INFO] Watching metadata for /v1, Kind=Event
2026-06-12T10:44:33.591846869Z 2026/06/12 10:44:33 [INFO] Watching metadata for management.cattle.io/v3, Kind=AuthConfig
2026-06-12T10:44:33.658876994Z I0612 10:44:33.658698      43 warnings.go:107] "Warning: kubevirt.io/v1 VirtualMachineInstancePresets is now deprecated and will be removed in v2."
2026-06-12T10:44:33.658947599Z I0612 10:44:33.658856      43 warnings.go:107] "Warning: cdi.kubevirt.io/v1beta1 ObjectTransfers is now deprecated and will be removed in v1."
2026-06-12T10:44:33.659291158Z 2026/06/12 10:44:33 [INFO] Watching metadata for /v1, Kind=Pod
2026-06-12T10:44:33.659351698Z 2026/06/12 10:44:33 [INFO] Watching metadata for cluster.x-k8s.io/v1beta2, Kind=MachinePool
2026-06-12T10:44:33.659467095Z 2026/06/12 10:44:33 [INFO] Watching metadata for longhorn.io/v1beta2, Kind=Node
2026-06-12T10:44:33.659524196Z 2026/06/12 10:44:33 [INFO] Watching metadata for /v1, Kind=PersistentVolumeClaim
2026-06-12T10:44:33.659585332Z 2026/06/12 10:44:33 [INFO] Watching metadata for management.cattle.io/v3, Kind=Token
2026-06-12T10:44:33.659702570Z 2026/06/12 10:44:33 [INFO] Watching metadata for management.cattle.io/v3, Kind=Feature
2026-06-12T10:44:33.659736525Z 2026/06/12 10:44:33 [INFO] Watching metadata for cluster.x-k8s.io/v1beta2, Kind=MachineDrainRule
2026-06-12T10:44:33.659819592Z 2026/06/12 10:44:33 [INFO] Watching metadata for management.cattle.io/v3, Kind=APIService
2026-06-12T10:44:33.659856028Z 2026/06/12 10:44:33 [INFO] Watching metadata for instancetype.kubevirt.io/v1beta1, Kind=VirtualMachinePreference
2026-06-12T10:44:33.659969734Z 2026/06/12 10:44:33 [INFO] Watching metadata for harvesterhci.io/v1beta1, Kind=KeyPair
2026-06-12T10:44:33.660056386Z 2026/06/12 10:44:33 [INFO] Watching metadata for crd.projectcalico.org/v1, Kind=IPAMConfig
2026-06-12T10:44:33.660098884Z 2026/06/12 10:44:33 [INFO] Watching metadata for management.cattle.io/v3, Kind=GroupMember
2026-06-12T10:44:33.660176379Z 2026/06/12 10:44:33 [INFO] Watching metadata for cdi.kubevirt.io/v1beta1, Kind=StorageProfile
2026-06-12T10:44:33.660253874Z 2026/06/12 10:44:33 [INFO] Watching metadata for crd.projectcalico.org/v1, Kind=StagedGlobalNetworkPolicy
2026-06-12T10:44:33.660342217Z 2026/06/12 10:44:33 [INFO] Watching metadata for cdi.kubevirt.io/v1beta1, Kind=DataImportCron
2026-06-12T10:44:33.660375660Z 2026/06/12 10:44:33 [INFO] Watching metadata for harvesterhci.io/v1beta1, Kind=Upgrade
2026-06-12T10:44:33.660466022Z 2026/06/12 10:44:33 [INFO] Watching metadata for logging.banzaicloud.io/v1beta1, Kind=LoggingRoute
2026-06-12T10:44:33.660544086Z 2026/06/12 10:44:33 [INFO] Watching metadata for harvesterhci.io/v1beta1, Kind=VolumeRemoteRestore
2026-06-12T10:44:33.660649554Z 2026/06/12 10:44:33 [INFO] Watching metadata for longhorn.io/v1beta2, Kind=BackingImageDataSource
2026-06-12T10:44:33.660763554Z 2026/06/12 10:44:33 [INFO] Watching metadata for management.cattle.io/v3, Kind=FleetWorkspace
2026-06-12T10:44:33.660839490Z 2026/06/12 10:44:33 [INFO] Watching metadata for harvesterhci.io/v1beta1, Kind=VirtualMachineTemplate
2026-06-12T10:44:33.660938436Z 2026/06/12 10:44:33 [INFO] Watching metadata for logging-extensions.banzaicloud.io/v1alpha1, Kind=HostTailer
2026-06-12T10:44:33.713779326Z I0612 10:44:33.713555      43 warnings.go:107] "Warning: v1 Endpoints is deprecated in v1.33+; use discovery.k8s.io/v1 EndpointSlice"
2026-06-12T10:44:34.792023102Z 2026/06/12 10:44:34 [INFO] CacheFor STARTS creating informer for /v1, Kind=Namespace
2026-06-12T10:44:34.893180933Z 2026/06/12 10:44:34 [INFO] CacheFor IS DONE creating informer for /v1, Kind=Namespace (took 101.149979ms)
2026-06-12T10:44:38.333238322Z I0612 10:44:38.333095      43 warnings.go:107] "Warning: v1 ComponentStatus is deprecated in v1.19+"
2026-06-12T10:44:38.340266925Z I0612 10:44:38.340182      43 warnings.go:107] "Warning: cdi.kubevirt.io/v1beta1 ObjectTransfers is now deprecated and will be removed in v1."
2026-06-12T10:44:38.344749801Z I0612 10:44:38.344261      43 warnings.go:107] "Warning: v1 Endpoints is deprecated in v1.33+; use discovery.k8s.io/v1 EndpointSlice"
2026-06-12T10:44:38.370594542Z I0612 10:44:38.370484      43 warnings.go:107] "Warning: kubevirt.io/v1 VirtualMachineInstancePresets is now deprecated and will be removed in v2."
2026-06-12T10:44:38.382790177Z 2026/06/12 10:44:38 [INFO] Watching metadata for ext.cattle.io/v1, Kind=Kubeconfig
2026-06-12T10:44:38.382988484Z 2026/06/12 10:44:38 [INFO] Watching metadata for ext.cattle.io/v1, Kind=Token
2026-06-12T10:44:39.908794182Z 2026/06/12 10:44:39 [INFO] certificate CN=dynamic,O=dynamic signed by CN=dynamiclistener-ca@1781260799,O=dynamiclistener-org: notBefore=2026-06-12 09:44:39 +0000 UTC notAfter=2027-06-12 09:44:39 +0000 UTC
2026-06-12T10:44:39.911604842Z 2026/06/12 10:44:39 [INFO] Handling backend connection request [stv-a0d48da5-4ec2-4ce7-932a-73b94af6769d]
2026-06-12T10:44:39.911737934Z 2026/06/12 10:44:39 [INFO] Updating TLS secret for cattle-system/tls-rancher-internal (count: 4): map[listener.cattle.io/cn-10.115.252.20:10.115.252.20 listener.cattle.io/cn-10.52.0.6:10.52.0.6 listener.cattle.io/cn-10.52.0.74:10.52.0.74 listener.cattle.io/cn-10.53.3.202:10.53.3.202 listener.cattle.io/fingerprint:SHA1=59C56B34F75AB9C6E87F13F5D1A2D21A5DC565F4]
2026-06-12T10:44:39.917479019Z 2026/06/12 10:44:39 [INFO] Active TLS secret cattle-system/tls-rancher-internal (ver=8156) (count 4): map[listener.cattle.io/cn-10.115.252.20:10.115.252.20 listener.cattle.io/cn-10.52.0.6:10.52.0.6 listener.cattle.io/cn-10.52.0.74:10.52.0.74 listener.cattle.io/cn-10.53.3.202:10.53.3.202 listener.cattle.io/fingerprint:SHA1=59C56B34F75AB9C6E87F13F5D1A2D21A5DC565F4]
2026-06-12T10:45:19.418299666Z I0612 10:45:19.417517      43 leaderelection.go:272] "Successfully acquired lease" lock="kube-system/cattle-controllers"
2026-06-12T10:45:19.418435067Z 2026/06/12 10:45:19 [INFO] wrangler-newContext leader func executed successfully
2026-06-12T10:45:19.418472431Z 2026/06/12 10:45:19 [INFO] rancher-start::DefferedCAPIRegistration leader func executed successfully
2026-06-12T10:45:19.418852174Z 2026/06/12 10:45:19 [INFO] Starting ServiceAccountSecretCleaner with 0 secrets
2026-06-12T10:45:19.418868624Z 2026/06/12 10:45:19 [INFO] rancher-new leader func executed successfully
2026-06-12T10:45:19.595904737Z 2026/06/12 10:45:19 [INFO] Starting upgrade.cattle.io/v1, Kind=Plan controller
2026-06-12T10:45:19.596204022Z 2026/06/12 10:45:19 [INFO] Skipping handler for clusterrepo harvester-charts. NumberOfRetries is 0, MaxRetry is 3, ClusterRepo Generation is 1, ObservedGeneration is 1, LastUpdated plus interval is 2026-06-12 11:42:08 +0000 UTC, now is 2026-06-12 10:45:19.593092368 +0000 UTC
2026-06-12T10:45:19.599599622Z 2026/06/12 10:45:19 [INFO] Skipping handler for clusterrepo rancher-stable. NumberOfRetries is 0, MaxRetry is 3, ClusterRepo Generation is 1, ObservedGeneration is 1, LastUpdated plus interval is 2026-06-12 11:42:09 +0000 UTC, now is 2026-06-12 10:45:19.596272415 +0000 UTC
2026-06-12T10:45:19.601713735Z 2026/06/12 10:45:19 [INFO] Skipping handler for clusterrepo rancher-rke2-charts. NumberOfRetries is 0, MaxRetry is 3, ClusterRepo Generation is 1, ObservedGeneration is 1, LastUpdated plus interval is 2026-06-12 11:40:23 +0000 UTC, now is 2026-06-12 10:45:19.594546298 +0000 UTC
2026-06-12T10:45:19.602245686Z 2026/06/12 10:45:19 [INFO] Skipping handler for clusterrepo harvester-charts. NumberOfRetries is 0, MaxRetry is 3, ClusterRepo Generation is 1, ObservedGeneration is 1, LastUpdated plus interval is 2026-06-12 11:42:08 +0000 UTC, now is 2026-06-12 10:45:19.599269291 +0000 UTC
2026-06-12T10:45:19.602484861Z 2026/06/12 10:45:19 [INFO] Skipping handler for clusterrepo rancher-partner-charts. NumberOfRetries is 0, MaxRetry is 3, ClusterRepo Generation is 1, ObservedGeneration is 1, LastUpdated plus interval is 2026-06-12 11:40:04 +0000 UTC, now is 2026-06-12 10:45:19.595614403 +0000 UTC
2026-06-12T10:45:19.602575176Z 2026/06/12 10:45:19 [INFO] Skipping handler for clusterrepo rancher-charts. NumberOfRetries is 0, MaxRetry is 3, ClusterRepo Generation is 1, ObservedGeneration is 1, LastUpdated plus interval is 2026-06-12 11:40:29 +0000 UTC, now is 2026-06-12 10:45:19.596911127 +0000 UTC
2026-06-12T10:45:19.603856251Z 2026/06/12 10:45:19 [INFO] Skipping handler for clusterrepo rancher-stable. NumberOfRetries is 0, MaxRetry is 3, ClusterRepo Generation is 1, ObservedGeneration is 1, LastUpdated plus interval is 2026-06-12 11:42:09 +0000 UTC, now is 2026-06-12 10:45:19.601090867 +0000 UTC
2026-06-12T10:45:19.625801392Z 2026/06/12 10:45:19 [INFO] Skipping handler for clusterrepo rancher-rke2-charts. NumberOfRetries is 0, MaxRetry is 3, ClusterRepo Generation is 1, ObservedGeneration is 1, LastUpdated plus interval is 2026-06-12 11:40:23 +0000 UTC, now is 2026-06-12 10:45:19.610549361 +0000 UTC
2026-06-12T10:45:19.628737214Z 2026/06/12 10:45:19 [INFO] Skipping handler for clusterrepo rancher-charts. NumberOfRetries is 0, MaxRetry is 3, ClusterRepo Generation is 1, ObservedGeneration is 1, LastUpdated plus interval is 2026-06-12 11:40:29 +0000 UTC, now is 2026-06-12 10:45:19.623372371 +0000 UTC
2026-06-12T10:45:19.628763118Z 2026/06/12 10:45:19 [INFO] Skipping handler for clusterrepo rancher-partner-charts. NumberOfRetries is 0, MaxRetry is 3, ClusterRepo Generation is 1, ObservedGeneration is 1, LastUpdated plus interval is 2026-06-12 11:40:04 +0000 UTC, now is 2026-06-12 10:45:19.624309427 +0000 UTC
2026-06-12T10:45:19.638625970Z 2026/06/12 10:45:19 [ERROR] [rkebootstrap] fleet-local/custom-86920bbe7f61: error getting machine by owner reference no matching controller owner ref
2026-06-12T10:45:19.638658534Z 2026/06/12 10:45:19 [ERROR] error syncing 'fleet-local/custom-86920bbe7f61': handler rke-bootstrap: no matching controller owner ref, requeuing
2026-06-12T10:45:19.638664470Z 2026/06/12 10:45:19 [ERROR] [rkebootstrap] fleet-local/custom-86920bbe7f61: error getting machine by owner reference no matching controller owner ref
2026-06-12T10:45:19.638678227Z 2026/06/12 10:45:19 [ERROR] error syncing 'fleet-local/custom-86920bbe7f61': handler rke-bootstrap: no matching controller owner ref, requeuing
2026-06-12T10:45:19.644539262Z 2026/06/12 10:45:19 [ERROR] [rkebootstrap] fleet-local/custom-86920bbe7f61: error getting machine by owner reference no matching controller owner ref
2026-06-12T10:45:19.644556516Z 2026/06/12 10:45:19 [ERROR] error syncing 'fleet-local/custom-86920bbe7f61': handler rke-bootstrap: no matching controller owner ref, requeuing
2026-06-12T10:45:19.644589877Z 2026/06/12 10:45:19 [ERROR] [rkebootstrap] fleet-local/custom-36ac1af2c0f4: error getting machine by owner reference no matching controller owner ref
2026-06-12T10:45:19.644811808Z 2026/06/12 10:45:19 [ERROR] error syncing 'fleet-local/custom-36ac1af2c0f4': handler rke-bootstrap: no matching controller owner ref, requeuing
2026-06-12T10:45:19.644913083Z 2026/06/12 10:45:19 [ERROR] [rkebootstrap] fleet-local/custom-36ac1af2c0f4: error getting machine by owner reference no matching controller owner ref
2026-06-12T10:45:19.644919635Z 2026/06/12 10:45:19 [ERROR] error syncing 'fleet-local/custom-36ac1af2c0f4': handler rke-bootstrap: no matching controller owner ref, requeuing
2026-06-12T10:45:19.646520335Z 2026/06/12 10:45:19 [INFO] Starting catalog.cattle.io/v1, Kind=Operation controller
2026-06-12T10:45:19.646533800Z 2026/06/12 10:45:19 [INFO] Starting admissionregistration.k8s.io/v1, Kind=ValidatingWebhookConfiguration controller
2026-06-12T10:45:19.649831458Z 2026/06/12 10:45:19 [ERROR] [rkebootstrap] fleet-local/custom-36ac1af2c0f4: error getting machine by owner reference no matching controller owner ref
2026-06-12T10:45:19.649845809Z 2026/06/12 10:45:19 [ERROR] error syncing 'fleet-local/custom-36ac1af2c0f4': handler rke-bootstrap: no matching controller owner ref, requeuing
2026-06-12T10:45:19.660787474Z 2026/06/12 10:45:19 [INFO] Starting admissionregistration.k8s.io/v1, Kind=MutatingWebhookConfiguration controller
2026-06-12T10:45:19.660817755Z 2026/06/12 10:45:19 [INFO] Starting apps/v1, Kind=Deployment controller
2026-06-12T10:45:19.660872671Z 2026/06/12 10:45:19 [INFO] Starting cluster.x-k8s.io/v1beta2, Kind=MachineDeployment controller
2026-06-12T10:45:19.660944762Z 2026/06/12 10:45:19 [INFO] Starting fleet.cattle.io/v1alpha1, Kind=Bundle controller
2026-06-12T10:45:19.661941004Z 2026/06/12 10:45:19 [INFO] Starting rke.cattle.io/v1, Kind=CustomMachine controller
2026-06-12T10:45:19.662302916Z 2026/06/12 10:45:19 [INFO] Starting ext.cattle.io/v1, Kind=Token controller
2026-06-12T10:45:19.662463983Z 2026/06/12 10:45:19 [INFO] Starting apps/v1, Kind=DaemonSet controller
2026-06-12T10:45:19.663428961Z 2026/06/12 10:45:19 [INFO] Starting cluster.x-k8s.io/v1beta2, Kind=MachineHealthCheck controller
2026-06-12T10:45:19.664305456Z 2026/06/12 10:45:19 [INFO] Starting fleet.cattle.io/v1alpha1, Kind=Cluster controller
2026-06-12T10:45:19.664356237Z 2026/06/12 10:45:19 [INFO] Starting rke.cattle.io/v1, Kind=RKEBootstrapTemplate controller
2026-06-12T10:45:19.664540032Z 2026/06/12 10:45:19 [INFO] Starting /v1, Kind=Service controller
2026-06-12T10:45:19.664556120Z 2026/06/12 10:45:19 [INFO] Starting /v1, Kind=Node controller
2026-06-12T10:45:19.664788997Z 2026/06/12 10:45:19 [INFO] Starting rke.cattle.io/v1, Kind=RKEControlPlane controller
2026-06-12T10:45:19.665700545Z 2026/06/12 10:45:19 [INFO] Starting cluster.x-k8s.io/v1beta2, Kind=Cluster controller
2026-06-12T10:45:19.665789338Z 2026/06/12 10:45:19 [ERROR] [rkebootstrap] fleet-local/custom-86920bbe7f61: error getting machine by owner reference no matching controller owner ref
2026-06-12T10:45:19.665801342Z 2026/06/12 10:45:19 [ERROR] error syncing 'fleet-local/custom-86920bbe7f61': handler rke-bootstrap: no matching controller owner ref, requeuing
2026-06-12T10:45:19.665920093Z 2026/06/12 10:45:19 [INFO] Starting management.cattle.io/v3, Kind=ManagedChart controller
2026-06-12T10:45:19.666337427Z 2026/06/12 10:45:19 [INFO] Starting management.cattle.io/v3, Kind=FleetWorkspace controller
2026-06-12T10:45:19.666859035Z 2026/06/12 10:45:19 [INFO] Starting rke.cattle.io/v1, Kind=RKECluster controller
2026-06-12T10:45:19.666977986Z 2026/06/12 10:45:19 [INFO] Starting batch/v1, Kind=Job controller
2026-06-12T10:45:19.667799600Z 2026/06/12 10:45:19 [INFO] Starting catalog.cattle.io/v1, Kind=App controller
2026-06-12T10:45:19.669735244Z 2026/06/12 10:45:19 [INFO] Starting cluster.x-k8s.io/v1beta2, Kind=Machine controller
2026-06-12T10:45:19.669976864Z 2026/06/12 10:45:19 [INFO] Starting /v1, Kind=Pod controller
2026-06-12T10:45:19.670303611Z 2026/06/12 10:45:19 [ERROR] [rkebootstrap] fleet-local/custom-36ac1af2c0f4: error getting machine by owner reference no matching controller owner ref
2026-06-12T10:45:19.670336112Z 2026/06/12 10:45:19 [ERROR] error syncing 'fleet-local/custom-36ac1af2c0f4': handler rke-bootstrap: no matching controller owner ref, requeuing
2026-06-12T10:45:19.670707299Z 2026/06/12 10:45:19 [INFO] Starting fleet.cattle.io/v1alpha1, Kind=ClusterGroup controller
2026-06-12T10:45:19.706565976Z 2026/06/12 10:45:19 [ERROR] [rkebootstrap] fleet-local/custom-86920bbe7f61: error getting machine by owner reference no matching controller owner ref
2026-06-12T10:45:19.706814285Z 2026/06/12 10:45:19 [ERROR] error syncing 'fleet-local/custom-86920bbe7f61': handler rke-bootstrap: no matching controller owner ref, requeuing
2026-06-12T10:45:19.711963074Z 2026/06/12 10:45:19 [ERROR] [rkebootstrap] fleet-local/custom-36ac1af2c0f4: error getting machine by owner reference no matching controller owner ref
2026-06-12T10:45:19.712151299Z 2026/06/12 10:45:19 [ERROR] error syncing 'fleet-local/custom-36ac1af2c0f4': handler rke-bootstrap: no matching controller owner ref, requeuing
2026-06-12T10:45:19.750669820Z 2026/06/12 10:45:19 [INFO] Steve auth startup complete
2026-06-12T10:45:19.750701635Z 2026/06/12 10:45:19 [INFO] rancher-start::authServer leader func executed successfully
2026-06-12T10:45:19.754932615Z 2026/06/12 10:45:19 [INFO] rancher-start::dashboarddata leader func executed successfully
2026-06-12T10:45:19.837527519Z 2026/06/12 10:45:19 [INFO] EnsureSecretForServiceAccount: waiting for secret [fleet-local:custom-36ac1af2c0f4-machine-plan-token-nfvqh] for service account [fleet-local:custom-36ac1af2c0f4-machine-plan] to be populated with token
2026-06-12T10:45:19.860189665Z 2026/06/12 10:45:19 [INFO] EnsureSecretForServiceAccount: got the service account token for service account [fleet-local:custom-36ac1af2c0f4-machine-plan] in 22.524187ms
2026-06-12T10:45:19.860219552Z 2026/06/12 10:45:19 [INFO] [rke2configserver] fleet-local/custom-36ac1af2c0f4 machineID: 8b5fdefe222fb42fc793c9da4866ec9ca6a82591bd55c6c4feb60e0b41159fe delivering planSecret custom-36ac1af2c0f4-machine-plan with token secret fleet-local/custom-36ac1af2c0f4-machine-plan-token-nfvqh to system-agent from plan service account watch
2026-06-12T10:45:19.868586810Z 2026/06/12 10:45:19 [ERROR] [rkebootstrap] fleet-local/custom-86920bbe7f61: error getting machine by owner reference no matching controller owner ref
2026-06-12T10:45:19.869032853Z 2026/06/12 10:45:19 [ERROR] error syncing 'fleet-local/custom-86920bbe7f61': handler rke-bootstrap: no matching controller owner ref, requeuing
2026-06-12T10:45:19.887761013Z 2026/06/12 10:45:19 [INFO] EnsureSecretForServiceAccount: waiting for secret [fleet-local:custom-36ac1af2c0f4-machine-bootstrap-token-jpw9x] for service account [fleet-local:custom-36ac1af2c0f4-machine-bootstrap] to be populated with token
2026-06-12T10:45:19.894538569Z 2026/06/12 10:45:19 [INFO] EnsureSecretForServiceAccount: got the service account token for service account [fleet-local:custom-36ac1af2c0f4-machine-bootstrap] in 6.722957ms
2026-06-12T10:45:19.926435246Z 2026/06/12 10:45:19 [INFO] EnsureSecretForServiceAccount: waiting for secret [fleet-local:custom-86920bbe7f61-machine-plan-token-w5knq] for service account [fleet-local:custom-86920bbe7f61-machine-plan] to be populated with token
2026-06-12T10:45:19.947002025Z 2026/06/12 10:45:19 [INFO] EnsureSecretForServiceAccount: got the service account token for service account [fleet-local:custom-86920bbe7f61-machine-plan] in 20.880488ms
2026-06-12T10:45:19.947024445Z 2026/06/12 10:45:19 [INFO] [rke2configserver] fleet-local/custom-86920bbe7f61 machineID: 33f66c60bf5a7a272894bcf2dbf5ae60ff204871775c02e67f46142bab73fe5 delivering planSecret custom-86920bbe7f61-machine-plan with token secret fleet-local/custom-86920bbe7f61-machine-plan-token-w5knq to system-agent from plan service account watch
2026-06-12T10:45:19.966256796Z 2026/06/12 10:45:19 [INFO] EnsureSecretForServiceAccount: waiting for secret [fleet-local:custom-86920bbe7f61-machine-bootstrap-token-cz26s] for service account [fleet-local:custom-86920bbe7f61-machine-bootstrap] to be populated with token
2026-06-12T10:45:19.986714685Z 2026/06/12 10:45:19 [INFO] EnsureSecretForServiceAccount: got the service account token for service account [fleet-local:custom-86920bbe7f61-machine-bootstrap] in 19.341358ms
2026-06-12T10:45:21.742832484Z I0612 10:45:21.742733      43 warnings.go:107] "Warning: v1 Endpoints is deprecated in v1.33+; use discovery.k8s.io/v1 EndpointSlice"
2026-06-12T10:45:21.754195380Z I0612 10:45:21.754058      43 warnings.go:107] "Warning: cdi.kubevirt.io/v1beta1 ObjectTransfers is now deprecated and will be removed in v1."
2026-06-12T10:45:21.763572839Z I0612 10:45:21.763457      43 warnings.go:107] "Warning: v1 ComponentStatus is deprecated in v1.19+"
2026-06-12T10:45:21.783366034Z I0612 10:45:21.783291      43 warnings.go:107] "Warning: kubevirt.io/v1 VirtualMachineInstancePresets is now deprecated and will be removed in v2."
2026-06-12T10:45:22.073835852Z 2026/06/12 10:45:22 [INFO] [planner] rkecluster fleet-local/local: waiting for at least one control plane, etcd, and worker node to be registered
2026-06-12T10:45:22.103526996Z 2026/06/12 10:45:22 [INFO] [planner] rkecluster fleet-local/local: waiting for at least one control plane, etcd, and worker node to be registered
2026-06-12T10:45:22.108129734Z 2026/06/12 10:45:22 [INFO] [planner] rkecluster fleet-local/local: waiting for at least one control plane, etcd, and worker node to be registered
2026-06-12T10:45:22.148019056Z 2026/06/12 10:45:22 [INFO] [managesystemagent] cluster fleet-local/local: applying system-agent-upgrader templates
2026-06-12T10:45:22.329152251Z 2026/06/12 10:45:22 [INFO] [planner] rkecluster fleet-local/local: waiting for at least one control plane, etcd, and worker node to be registered
2026-06-12T10:45:24.124164587Z 2026/06/12 10:45:24 [ERROR] http: TLS handshake error from 10.115.252.86:34547: local error: tls: bad record MAC
2026-06-12T10:45:24.419636192Z 2026/06/12 10:45:24 [INFO] ServiceAccountSecretCleaner has no secrets remaining - terminating at 5.000688188s
2026-06-12T10:45:24.578658551Z 2026/06/12 10:45:24 [ERROR] [rkebootstrap] fleet-local/custom-7f038b0bf080: error getting machine by owner reference no matching controller owner ref
2026-06-12T10:45:24.578682086Z 2026/06/12 10:45:24 [ERROR] error syncing 'fleet-local/custom-7f038b0bf080': handler rke-bootstrap: no matching controller owner ref, requeuing
2026-06-12T10:45:24.578785533Z 2026/06/12 10:45:24 [ERROR] [rkebootstrap] fleet-local/custom-7f038b0bf080: error getting machine by owner reference no matching controller owner ref
2026-06-12T10:45:24.578812240Z 2026/06/12 10:45:24 [ERROR] error syncing 'fleet-local/custom-7f038b0bf080': handler rke-bootstrap: no matching controller owner ref, requeuing
2026-06-12T10:45:24.584214369Z 2026/06/12 10:45:24 [ERROR] [rkebootstrap] fleet-local/custom-7f038b0bf080: error getting machine by owner reference no matching controller owner ref
2026-06-12T10:45:24.584231999Z 2026/06/12 10:45:24 [ERROR] error syncing 'fleet-local/custom-7f038b0bf080': handler rke-bootstrap: no matching controller owner ref, requeuing
2026-06-12T10:45:24.605237107Z 2026/06/12 10:45:24 [ERROR] [rkebootstrap] fleet-local/custom-7f038b0bf080: error getting machine by owner reference no matching controller owner ref
2026-06-12T10:45:24.605257336Z 2026/06/12 10:45:24 [ERROR] error syncing 'fleet-local/custom-7f038b0bf080': handler rke-bootstrap: no matching controller owner ref, requeuing
2026-06-12T10:45:24.613669899Z 2026/06/12 10:45:24 [INFO] [planner] rkecluster fleet-local/local: waiting for at least one control plane, etcd, and worker node to be registered
2026-06-12T10:45:24.630928410Z 2026/06/12 10:45:24 [INFO] [planner] rkecluster fleet-local/local: waiting for at least one control plane, etcd, and worker node to be registered
2026-06-12T10:45:24.646737214Z 2026/06/12 10:45:24 [INFO] [planner] rkecluster fleet-local/local: waiting for at least one control plane, etcd, and worker node to be registered
2026-06-12T10:45:24.680051414Z 2026/06/12 10:45:24 [INFO] [planner] rkecluster fleet-local/local: waiting for at least one control plane, etcd, and worker node to be registered
2026-06-12T10:45:24.699721142Z 2026/06/12 10:45:24 [INFO] EnsureSecretForServiceAccount: waiting for secret [fleet-local:custom-7f038b0bf080-machine-plan-token-hsvlj] for service account [fleet-local:custom-7f038b0bf080-machine-plan] to be populated with token
2026-06-12T10:45:24.711636201Z 2026/06/12 10:45:24 [INFO] EnsureSecretForServiceAccount: got the service account token for service account [fleet-local:custom-7f038b0bf080-machine-plan] in 11.464118ms
2026-06-12T10:45:24.711675630Z 2026/06/12 10:45:24 [INFO] [rke2configserver] fleet-local/custom-7f038b0bf080 machineID: afc2da272bf56fc3ef3ededcb9d624a0104df26020f88975aabb60cd6332cd3 delivering planSecret custom-7f038b0bf080-machine-plan with token secret fleet-local/custom-7f038b0bf080-machine-plan-token-hsvlj to system-agent from plan service account watch
2026-06-12T10:45:24.711680975Z 2026/06/12 10:45:24 [INFO] [planner] rkecluster fleet-local/local: waiting for viable init node
2026-06-12T10:45:24.728019403Z 2026/06/12 10:45:24 [INFO] EnsureSecretForServiceAccount: waiting for secret [fleet-local:custom-7f038b0bf080-machine-bootstrap-token-n8tvp] for service account [fleet-local:custom-7f038b0bf080-machine-bootstrap] to be populated with token
2026-06-12T10:45:24.737005124Z 2026/06/12 10:45:24 [INFO] EnsureSecretForServiceAccount: got the service account token for service account [fleet-local:custom-7f038b0bf080-machine-bootstrap] in 8.8998ms
2026-06-12T10:45:24.741079800Z 2026/06/12 10:45:24 [INFO] [planner] rkecluster fleet-local/local: waiting for viable init node
2026-06-12T10:45:24.785083836Z 2026/06/12 10:45:24 [INFO] [planner] rkecluster fleet-local/local: waiting for viable init node
2026-06-12T10:45:24.950551107Z 2026/06/12 10:45:24 [ERROR] [planner] rkecluster fleet-local/local: error during plan processing: Operation cannot be fulfilled on machines.cluster.x-k8s.io "custom-7f038b0bf080": the object has been modified; please apply your changes to the latest version and try again
2026-06-12T10:45:24.977302878Z 2026/06/12 10:45:24 [ERROR] [planner] rkecluster fleet-local/local: error during plan processing: Operation cannot be fulfilled on machines.cluster.x-k8s.io "custom-7f038b0bf080": the object has been modified; please apply your changes to the latest version and try again
2026-06-12T10:45:25.002898372Z 2026/06/12 10:45:25 [ERROR] [planner] rkecluster fleet-local/local: error during plan processing: Operation cannot be fulfilled on machines.cluster.x-k8s.io "custom-7f038b0bf080": the object has been modified; please apply your changes to the latest version and try again
2026-06-12T10:45:25.145851472Z 2026/06/12 10:45:25 [INFO] [planner] rkecluster fleet-local/local: configuring bootstrap node(s) custom-7f038b0bf080: Waiting for Cluster control plane to be initialized, waiting for agent to check in and apply initial plan
2026-06-12T10:45:25.167390575Z 2026/06/12 10:45:25 [INFO] [planner] rkecluster fleet-local/local: configuring bootstrap node(s) custom-7f038b0bf080: Waiting for Cluster control plane to be initialized, waiting for agent to check in and apply initial plan
2026-06-12T10:45:25.277090418Z 2026/06/12 10:45:25 [INFO] [planner] rkecluster fleet-local/local: configuring bootstrap node(s) custom-7f038b0bf080: Waiting for Cluster control plane to be initialized, waiting for agent to check in and apply initial plan
2026-06-12T10:45:37.784845545Z 2026/06/12 10:45:35 [INFO] [planner] rkecluster fleet-local/local: configuring bootstrap node(s) custom-7f038b0bf080: Waiting for Cluster control plane to be initialized, waiting for probes: kubelet
2026-06-12T10:45:37.784869521Z 2026/06/12 10:45:35 [INFO] [planner] rkecluster fleet-local/local: configuring bootstrap node(s) custom-7f038b0bf080: Waiting for Cluster control plane to be initialized, waiting for probes: kubelet
2026-06-12T10:45:37.784875973Z 2026/06/12 10:45:35 [INFO] [planner] rkecluster fleet-local/local: configuring bootstrap node(s) custom-7f038b0bf080: Waiting for Cluster control plane to be initialized, waiting for probes: kubelet
2026-06-12T10:45:37.784880658Z 2026/06/12 10:45:35 [INFO] [planner] rkecluster fleet-local/local: configuring bootstrap node(s) custom-7f038b0bf080: Waiting for Cluster control plane to be initialized, waiting for probes: kubelet
2026-06-12T10:45:37.784911015Z I0612 10:45:34.434356      43 reflector.go:578] "Warning: watch ended with error" reflector="/root/.cache/go/modcache/k8s.io/client-go@v0.35.1/tools/cache/reflector.go:289" type="*summary.SummarizedObject" err="an error on the server (\"unable to decode an event from the watch stream: stream error: stream ID 1103; INTERNAL_ERROR; received from peer\") has prevented the request from succeeding"
2026-06-12T10:45:37.784943442Z I0612 10:45:34.434395      43 reflector.go:578] "Warning: watch ended with error" reflector="/root/.cache/go/modcache/k8s.io/client-go@v0.35.1/tools/cache/reflector.go:289" type="*summary.SummarizedObject" err="an error on the server (\"unable to decode an event from the watch stream: stream error: stream ID 1105; INTERNAL_ERROR; received from peer\") has prevented the request from succeeding"
2026-06-12T10:45:37.784958454Z I0612 10:45:34.434445      43 reflector.go:578] "Warning: watch ended with error" reflector="/root/.cache/go/modcache/k8s.io/client-go@v0.35.1/tools/cache/reflector.go:289" type="*v1.Token" err="an error on the server (\"unable to decode an event from the watch stream: stream error: stream ID 1293; INTERNAL_ERROR; received from peer\") has prevented the request from succeeding"
2026-06-12T10:45:40.508772762Z 2026/06/12 10:45:40 [INFO] [planner] rkecluster fleet-local/local: custom-7f038b0bf080
2026-06-12T10:45:40.535480360Z 2026/06/12 10:45:40 [INFO] [planner] rkecluster fleet-local/local: non-ready bootstrap machine(s) custom-7f038b0bf080: Waiting for Cluster control plane to be initialized and join url to be available on bootstrap node
2026-06-12T10:45:40.561611145Z 2026/06/12 10:45:40 [INFO] [planner] rkecluster fleet-local/local: non-ready bootstrap machine(s) custom-7f038b0bf080: Waiting for Cluster control plane to be initialized and join url to be available on bootstrap node
2026-06-12T10:45:40.600495882Z 2026/06/12 10:45:40 [INFO] [planner] rkecluster fleet-local/local: non-ready bootstrap machine(s) custom-7f038b0bf080: Waiting for Cluster control plane to be initialized and join url to be available on bootstrap node
2026-06-12T10:45:40.612815269Z 2026/06/12 10:45:40 [INFO] [planner] rkecluster fleet-local/local: non-ready bootstrap machine(s) custom-7f038b0bf080: Waiting for Cluster control plane to be initialized and join url to be available on bootstrap node
2026-06-12T10:45:40.620032741Z 2026/06/12 10:45:40 [INFO] [planner] rkecluster fleet-local/local: non-ready bootstrap machine(s) custom-7f038b0bf080: Waiting for Cluster control plane to be initialized and join url to be available on bootstrap node
2026-06-12T10:45:40.653256188Z 2026/06/12 10:45:40 [INFO] [planner] rkecluster fleet-local/local: non-ready bootstrap machine(s) custom-7f038b0bf080: Waiting for Cluster control plane to be initialized and join url to be available on bootstrap node
2026-06-12T10:46:00.522776010Z 2026/06/12 10:46:00 [INFO] [planner] rkecluster fleet-local/local: non-ready bootstrap machine(s) custom-7f038b0bf080: Waiting for Cluster control plane to be initialized and join url to be available on bootstrap node
2026-06-12T10:46:00.561933241Z 2026/06/12 10:46:00 [INFO] [planner] rkecluster fleet-local/local: configuring bootstrap node(s) custom-7f038b0bf080: Waiting for Cluster control plane to be initialized, waiting for probes: kube-controller-manager, kube-scheduler
2026-06-12T10:46:00.582979215Z 2026/06/12 10:46:00 [INFO] [planner] rkecluster fleet-local/local: configuring bootstrap node(s) custom-7f038b0bf080: Waiting for Cluster control plane to be initialized, waiting for probes: kube-controller-manager, kube-scheduler
2026-06-12T10:46:00.599801689Z 2026/06/12 10:46:00 [INFO] [planner] rkecluster fleet-local/local: configuring bootstrap node(s) custom-7f038b0bf080: Waiting for Cluster control plane to be initialized, waiting for probes: kube-controller-manager, kube-scheduler
2026-06-12T10:46:00.619192908Z 2026/06/12 10:46:00 [INFO] [planner] rkecluster fleet-local/local: configuring bootstrap node(s) custom-7f038b0bf080: Waiting for Cluster control plane to be initialized, waiting for probes: kube-controller-manager, kube-scheduler
2026-06-12T10:46:00.739325465Z 2026/06/12 10:46:00 [INFO] [planner] rkecluster fleet-local/local: configuring bootstrap node(s) custom-7f038b0bf080: Waiting for Cluster control plane to be initialized, waiting for probes: kube-controller-manager, kube-scheduler
2026-06-12T10:46:15.589628959Z 2026/06/12 10:46:15 [INFO] [planner] rkecluster fleet-local/local: custom-7f038b0bf080
2026-06-12T10:46:15.639633349Z 2026/06/12 10:46:15 [INFO] [planner] rkecluster fleet-local/local: non-ready bootstrap machine(s) custom-7f038b0bf080: Waiting for Cluster control plane to be initialized and join url to be available on bootstrap node
2026-06-12T10:46:15.662780639Z 2026/06/12 10:46:15 [INFO] [planner] rkecluster fleet-local/local: non-ready bootstrap machine(s) custom-7f038b0bf080: Waiting for Cluster control plane to be initialized and join url to be available on bootstrap node
2026-06-12T10:46:15.690882551Z 2026/06/12 10:46:15 [INFO] [planner] rkecluster fleet-local/local: non-ready bootstrap machine(s) custom-7f038b0bf080: Waiting for Cluster control plane to be initialized and join url to be available on bootstrap node
2026-06-12T10:46:15.703095308Z 2026/06/12 10:46:15 [INFO] [planner] rkecluster fleet-local/local: non-ready bootstrap machine(s) custom-7f038b0bf080: Waiting for Cluster control plane to be initialized and join url to be available on bootstrap node
2026-06-12T10:46:15.737569023Z 2026/06/12 10:46:15 [INFO] [planner] rkecluster fleet-local/local: non-ready bootstrap machine(s) custom-7f038b0bf080: Waiting for Cluster control plane to be initialized and join url to be available on bootstrap node
2026-06-12T10:46:15.757712941Z 2026/06/12 10:46:15 [INFO] [planner] rkecluster fleet-local/local: non-ready bootstrap machine(s) custom-7f038b0bf080: Waiting for Cluster control plane to be initialized and join url to be available on bootstrap node
2026-06-12T10:47:03.322841043Z 2026/06/12 10:47:03 [INFO] [planner] rkecluster fleet-local/local: non-ready bootstrap machine(s) custom-7f038b0bf080: Waiting for Cluster control plane to be initialized and join url to be available on bootstrap node
2026-06-12T10:47:03.373725523Z 2026/06/12 10:47:03 [INFO] [planner] rkecluster fleet-local/local: non-ready bootstrap machine(s) custom-7f038b0bf080: Waiting for Cluster control plane to be initialized and join url to be available on bootstrap node
2026-06-12T10:47:03.416382892Z 2026/06/12 10:47:03 [INFO] [planner] rkecluster fleet-local/local: marking control plane as initialized
2026-06-12T10:47:03.444453675Z 2026/06/12 10:47:03 [INFO] [planner] rkecluster fleet-local/local - machine fleet-local/custom-36ac1af2c0f4 - previous join server () was not valid, using new join server (https://10.115.252.86:9345)
2026-06-12T10:47:03.444834652Z 2026/06/12 10:47:03 [INFO] [planner] rkecluster fleet-local/local - machine fleet-local/custom-86920bbe7f61 - previous join server () was not valid, using new join server (https://10.115.252.86:9345)
2026-06-12T10:47:03.497367633Z 2026/06/12 10:47:03 [ERROR] [planner] rkecluster fleet-local/local: error during plan processing: Operation cannot be fulfilled on machines.cluster.x-k8s.io "custom-36ac1af2c0f4": the object has been modified; please apply your changes to the latest version and try again
2026-06-12T10:47:03.528698772Z 2026/06/12 10:47:03 [ERROR] [planner] rkecluster fleet-local/local: error during plan processing: Operation cannot be fulfilled on machines.cluster.x-k8s.io "custom-36ac1af2c0f4": the object has been modified; please apply your changes to the latest version and try again
2026-06-12T10:47:04.900025863Z 2026/06/12 10:47:04 [INFO] [planner] rkecluster fleet-local/local: configuring worker node(s) custom-36ac1af2c0f4,custom-86920bbe7f61
2026-06-12T10:47:04.924789137Z 2026/06/12 10:47:04 [INFO] [planner] rkecluster fleet-local/local: configuring worker node(s) custom-36ac1af2c0f4,custom-86920bbe7f61
2026-06-12T10:47:04.965347077Z 2026/06/12 10:47:04 [INFO] [planner] rkecluster fleet-local/local: configuring worker node(s) custom-36ac1af2c0f4,custom-86920bbe7f61
2026-06-12T10:47:07.517205845Z 2026/06/12 10:47:07 [INFO] [planner] rkecluster fleet-local/local: configuring worker node(s) custom-36ac1af2c0f4,custom-86920bbe7f61
2026-06-12T10:47:07.536524342Z 2026/06/12 10:47:07 [ERROR] [planner] rkecluster fleet-local/local: error during plan processing: Operation cannot be fulfilled on machines.cluster.x-k8s.io "custom-86920bbe7f61": the object has been modified; please apply your changes to the latest version and try again
2026-06-12T10:47:07.550750810Z 2026/06/12 10:47:07 [INFO] [planner] rkecluster fleet-local/local: configuring worker node(s) custom-36ac1af2c0f4,custom-86920bbe7f61
2026-06-12T10:47:07.567721172Z 2026/06/12 10:47:07 [INFO] [planner] rkecluster fleet-local/local: configuring worker node(s) custom-36ac1af2c0f4,custom-86920bbe7f61
2026-06-12T10:47:08.919179318Z 2026/06/12 10:47:08 [INFO] [planner] rkecluster fleet-local/local: configuring worker node(s) custom-36ac1af2c0f4,custom-86920bbe7f61
2026-06-12T10:47:08.941416114Z 2026/06/12 10:47:08 [ERROR] [planner] rkecluster fleet-local/local: error during plan processing: Operation cannot be fulfilled on machines.cluster.x-k8s.io "custom-36ac1af2c0f4": the object has been modified; please apply your changes to the latest version and try again
2026-06-12T10:47:08.950752919Z 2026/06/12 10:47:08 [INFO] [planner] rkecluster fleet-local/local: configuring worker node(s) custom-36ac1af2c0f4,custom-86920bbe7f61
2026-06-12T10:47:08.971466191Z 2026/06/12 10:47:08 [INFO] [planner] rkecluster fleet-local/local: configuring worker node(s) custom-36ac1af2c0f4,custom-86920bbe7f61
2026-06-12T10:47:12.507097729Z 2026/06/12 10:47:12 [INFO] [planner] rkecluster fleet-local/local: configuring worker node(s) custom-36ac1af2c0f4,custom-86920bbe7f61
2026-06-12T10:47:12.546318597Z 2026/06/12 10:47:12 [INFO] [planner] rkecluster fleet-local/local: configuring worker node(s) custom-36ac1af2c0f4,custom-86920bbe7f61
2026-06-12T10:47:13.916519522Z 2026/06/12 10:47:13 [INFO] [planner] rkecluster fleet-local/local: configuring worker node(s) custom-36ac1af2c0f4,custom-86920bbe7f61
2026-06-12T10:47:13.931222164Z 2026/06/12 10:47:13 [INFO] [planner] rkecluster fleet-local/local: configuring worker node(s) custom-36ac1af2c0f4,custom-86920bbe7f61
2026-06-12T10:47:22.522050181Z 2026/06/12 10:47:22 [INFO] [planner] rkecluster fleet-local/local: configuring worker node(s) custom-36ac1af2c0f4: waiting for probes: calico
2026-06-12T10:47:22.549469724Z 2026/06/12 10:47:22 [INFO] [planner] rkecluster fleet-local/local: configuring worker node(s) custom-36ac1af2c0f4: waiting for probes: calico
2026-06-12T10:47:22.573141776Z 2026/06/12 10:47:22 [INFO] [planner] rkecluster fleet-local/local: configuring worker node(s) custom-36ac1af2c0f4: waiting for probes: calico
2026-06-12T10:47:22.596536129Z 2026/06/12 10:47:22 [INFO] [planner] rkecluster fleet-local/local: configuring worker node(s) custom-36ac1af2c0f4: waiting for probes: calico
2026-06-12T10:47:22.610709094Z 2026/06/12 10:47:22 [INFO] [planner] rkecluster fleet-local/local: configuring worker node(s) custom-36ac1af2c0f4: waiting for probes: calico
2026-06-12T10:47:24.271635910Z 2026/06/12 10:47:24 [INFO] [rke2configserver] fleet-local/custom-86920bbe7f61 machineID: 33f66c60bf5a7a272894bcf2dbf5ae60ff204871775c02e67f46142bab73fe5 delivering planSecret custom-86920bbe7f61-machine-plan with token secret fleet-local/custom-86920bbe7f61-machine-plan-token-w5knq to system-agent
2026-06-12T10:47:24.659721440Z 2026/06/12 10:47:24 [INFO] [rke2configserver] fleet-local/custom-36ac1af2c0f4 machineID: 8b5fdefe222fb42fc793c9da4866ec9ca6a82591bd55c6c4feb60e0b41159fe delivering planSecret custom-36ac1af2c0f4-machine-plan with token secret fleet-local/custom-36ac1af2c0f4-machine-plan-token-nfvqh to system-agent
2026-06-12T10:47:29.441066038Z 2026/06/12 10:47:29 [INFO] [planner] rkecluster fleet-local/local: configuring worker node(s) custom-36ac1af2c0f4: waiting for probes: calico
2026-06-12T10:47:31.625186134Z 2026/06/12 10:47:31 [INFO] [planner] rkecluster fleet-local/local: custom-36ac1af2c0f4,custom-86920bbe7f61
2026-06-12T10:47:31.647523791Z 2026/06/12 10:47:31 [INFO] [planner] rkecluster fleet-local/local: non-ready worker machine(s) custom-36ac1af2c0f4,custom-86920bbe7f61
2026-06-12T10:47:31.670254923Z 2026/06/12 10:47:31 [INFO] [planner] rkecluster fleet-local/local: non-ready worker machine(s) custom-36ac1af2c0f4,custom-86920bbe7f61
2026-06-12T10:47:31.694908297Z 2026/06/12 10:47:31 [INFO] [planner] rkecluster fleet-local/local: non-ready worker machine(s) custom-36ac1af2c0f4,custom-86920bbe7f61
2026-06-12T10:47:31.715997102Z 2026/06/12 10:47:31 [INFO] [planner] rkecluster fleet-local/local: non-ready worker machine(s) custom-36ac1af2c0f4,custom-86920bbe7f61
2026-06-12T10:47:31.734172454Z 2026/06/12 10:47:31 [INFO] [planner] rkecluster fleet-local/local: non-ready worker machine(s) custom-36ac1af2c0f4,custom-86920bbe7f61
2026-06-12T10:47:31.776690725Z 2026/06/12 10:47:31 [INFO] [planner] rkecluster fleet-local/local: non-ready worker machine(s) custom-36ac1af2c0f4,custom-86920bbe7f61
2026-06-12T10:47:31.835326599Z 2026/06/12 10:47:31 [INFO] [planner] rkecluster fleet-local/local: non-ready worker machine(s) custom-86920bbe7f61
2026-06-12T10:47:31.859802678Z 2026/06/12 10:47:31 [INFO] [planner] rkecluster fleet-local/local: non-ready worker machine(s) custom-86920bbe7f61
2026-06-12T10:47:31.875128958Z 2026/06/12 10:47:31 [INFO] [planner] rkecluster fleet-local/local: non-ready worker machine(s) custom-86920bbe7f61
2026-06-12T10:47:31.922247061Z 2026/06/12 10:47:31 [INFO] [planner] rkecluster fleet-local/local: non-ready worker machine(s) custom-86920bbe7f61
2026-06-12T10:47:31.931697018Z 2026/06/12 10:47:31 [INFO] [planner] rkecluster fleet-local/local: non-ready worker machine(s) custom-86920bbe7f61
2026-06-12T10:47:31.955251791Z 2026/06/12 10:47:31 [INFO] [planner] rkecluster fleet-local/local: non-ready worker machine(s) custom-86920bbe7f61
2026-06-12T10:47:31.964414108Z 2026/06/12 10:47:31 [INFO] [planner] rkecluster fleet-local/local: non-ready worker machine(s) custom-86920bbe7f61
2026-06-12T10:47:41.583936671Z 2026/06/12 10:47:41 [ERROR] http: TLS handshake error from 10.52.2.7:52456: remote error: tls: bad certificate
2026-06-12T10:47:41.588474137Z 2026/06/12 10:47:41 [INFO] Handling backend connection request [stv-a0d48da5-4ec2-4ce7-932a-73b94af6769d]
2026-06-12T10:47:43.281063819Z 2026/06/12 10:47:43 [INFO] [planner] rkecluster fleet-local/local: configuring etcd node(s) custom-86920bbe7f61: waiting for plan to be applied
2026-06-12T10:47:43.306212513Z 2026/06/12 10:47:43 [INFO] [planner] rkecluster fleet-local/local: configuring etcd node(s) custom-86920bbe7f61: waiting for plan to be applied
2026-06-12T10:47:43.330711668Z 2026/06/12 10:47:43 [INFO] [planner] rkecluster fleet-local/local: configuring etcd node(s) custom-86920bbe7f61: waiting for plan to be applied
2026-06-12T10:47:43.348810337Z 2026/06/12 10:47:43 [INFO] [planner] rkecluster fleet-local/local: configuring etcd node(s) custom-86920bbe7f61: waiting for plan to be applied
2026-06-12T10:47:43.372946893Z 2026/06/12 10:47:43 [INFO] [planner] rkecluster fleet-local/local: configuring etcd node(s) custom-86920bbe7f61: waiting for plan to be applied
2026-06-12T10:47:43.411449567Z 2026/06/12 10:47:43 [INFO] [planner] rkecluster fleet-local/local: configuring etcd node(s) custom-86920bbe7f61: waiting for plan to be applied
2026-06-12T10:47:48.385929067Z 2026/06/12 10:47:48 [INFO] [planner] rkecluster fleet-local/local: configuring etcd node(s) custom-86920bbe7f61: waiting for probes: etcd, kube-apiserver, kube-controller-manager, kube-scheduler, kubelet
2026-06-12T10:47:48.415538145Z 2026/06/12 10:47:48 [INFO] [planner] rkecluster fleet-local/local: configuring etcd node(s) custom-86920bbe7f61: waiting for probes: etcd, kube-apiserver, kube-controller-manager, kube-scheduler, kubelet
2026-06-12T10:47:48.438690707Z 2026/06/12 10:47:48 [INFO] [planner] rkecluster fleet-local/local: configuring etcd node(s) custom-86920bbe7f61: waiting for probes: etcd, kube-apiserver, kube-controller-manager, kube-scheduler, kubelet
2026-06-12T10:47:48.452961564Z 2026/06/12 10:47:48 [INFO] [planner] rkecluster fleet-local/local: configuring etcd node(s) custom-86920bbe7f61: waiting for probes: etcd, kube-apiserver, kube-controller-manager, kube-scheduler, kubelet
2026-06-12T10:47:48.462322770Z 2026/06/12 10:47:48 [INFO] [planner] rkecluster fleet-local/local: configuring etcd node(s) custom-86920bbe7f61: waiting for probes: etcd, kube-apiserver, kube-controller-manager, kube-scheduler, kubelet
2026-06-12T10:47:53.366771310Z 2026/06/12 10:47:53 [INFO] [planner] rkecluster fleet-local/local: configuring etcd node(s) custom-86920bbe7f61: waiting for probes: etcd, kube-apiserver, kube-controller-manager, kube-scheduler
2026-06-12T10:47:53.390434930Z 2026/06/12 10:47:53 [INFO] [planner] rkecluster fleet-local/local: configuring etcd node(s) custom-86920bbe7f61: waiting for probes: etcd, kube-apiserver, kube-controller-manager, kube-scheduler
2026-06-12T10:47:53.413976529Z 2026/06/12 10:47:53 [INFO] [planner] rkecluster fleet-local/local: configuring etcd node(s) custom-86920bbe7f61: waiting for probes: etcd, kube-apiserver, kube-controller-manager, kube-scheduler
2026-06-12T10:47:53.427702398Z 2026/06/12 10:47:53 [INFO] [planner] rkecluster fleet-local/local: configuring etcd node(s) custom-86920bbe7f61: waiting for probes: etcd, kube-apiserver, kube-controller-manager, kube-scheduler
2026-06-12T10:47:53.437002997Z 2026/06/12 10:47:53 [INFO] [planner] rkecluster fleet-local/local: configuring etcd node(s) custom-86920bbe7f61: waiting for probes: etcd, kube-apiserver, kube-controller-manager, kube-scheduler
2026-06-12T10:47:58.371829299Z 2026/06/12 10:47:58 [INFO] [planner] rkecluster fleet-local/local: configuring etcd node(s) custom-86920bbe7f61: waiting for probes: kube-apiserver, kube-controller-manager, kube-scheduler
2026-06-12T10:47:58.401106580Z 2026/06/12 10:47:58 [INFO] [planner] rkecluster fleet-local/local: configuring etcd node(s) custom-86920bbe7f61: waiting for probes: kube-apiserver, kube-controller-manager, kube-scheduler
2026-06-12T10:47:58.436611478Z 2026/06/12 10:47:58 [INFO] [planner] rkecluster fleet-local/local: configuring etcd node(s) custom-86920bbe7f61: waiting for probes: kube-apiserver, kube-controller-manager, kube-scheduler
2026-06-12T10:47:58.448120998Z 2026/06/12 10:47:58 [INFO] [planner] rkecluster fleet-local/local: configuring etcd node(s) custom-86920bbe7f61: waiting for probes: kube-apiserver, kube-controller-manager, kube-scheduler
2026-06-12T10:48:05.027783099Z 2026/06/12 10:48:05 [ERROR] Failed to handle tunnel request from remote address 10.52.2.2:42302: response 401: failed authentication
2026-06-12T10:48:05.077308699Z 2026/06/12 10:48:05 [INFO] Active TLS secret cattle-system/serving-cert (ver=12566) (count 7): map[listener.cattle.io/cn-10.115.252.20:10.115.252.20 listener.cattle.io/cn-10.52.0.6:10.52.0.6 listener.cattle.io/cn-10.52.0.74:10.52.0.74 listener.cattle.io/cn-10.52.2.2:10.52.2.2 listener.cattle.io/cn-127.0.0.1:127.0.0.1 listener.cattle.io/cn-localhost:localhost listener.cattle.io/cn-rancher.cattle-system:rancher.cattle-system listener.cattle.io/fingerprint:SHA1=D18FF768E5D7620EEB6E5FAEF21DA5C539AF42F9]
2026-06-12T10:48:10.035241304Z 2026/06/12 10:48:10 [ERROR] Failed to handle tunnel request from remote address 10.52.2.2:42308: response 401: failed authentication
2026-06-12T10:48:10.719955777Z 2026/06/12 10:48:10 [INFO] Adding peer wss://10.52.2.2/v3/connect, 10.52.2.2
2026-06-12T10:48:15.042049888Z 2026/06/12 10:48:15 [INFO] Handling backend connection request [10.52.2.2]
2026-06-12T10:48:18.386592784Z 2026/06/12 10:48:18 [INFO] [planner] rkecluster fleet-local/local: configuring etcd node(s) custom-86920bbe7f61: waiting for probes: kube-controller-manager, kube-scheduler
2026-06-12T10:48:18.421613124Z 2026/06/12 10:48:18 [INFO] [planner] rkecluster fleet-local/local: configuring etcd node(s) custom-86920bbe7f61: waiting for probes: kube-controller-manager, kube-scheduler
2026-06-12T10:48:18.452525604Z 2026/06/12 10:48:18 [INFO] [planner] rkecluster fleet-local/local: configuring etcd node(s) custom-86920bbe7f61: waiting for probes: kube-controller-manager, kube-scheduler
2026-06-12T10:48:18.463310532Z 2026/06/12 10:48:18 [INFO] [planner] rkecluster fleet-local/local: configuring etcd node(s) custom-86920bbe7f61: waiting for probes: kube-controller-manager, kube-scheduler
2026-06-12T10:48:23.400759534Z 2026/06/12 10:48:23 [INFO] [planner] rkecluster fleet-local/local: custom-86920bbe7f61
2026-06-12T10:48:23.498558265Z 2026/06/12 10:48:23 [INFO] Active TLS secret cattle-system/tls-rancher-internal (ver=13031) (count 5): map[listener.cattle.io/cn-10.115.252.20:10.115.252.20 listener.cattle.io/cn-10.52.0.6:10.52.0.6 listener.cattle.io/cn-10.52.0.74:10.52.0.74 listener.cattle.io/cn-10.52.2.2:10.52.2.2 listener.cattle.io/cn-10.53.3.202:10.53.3.202 listener.cattle.io/fingerprint:SHA1=B8841CBF04B50EEDD31695E6FADE9897CBFD258E]
2026-06-12T10:48:23.528144371Z 2026/06/12 10:48:23 [INFO] Active TLS secret cattle-system/tls-rancher-internal (ver=13036) (count 5): map[listener.cattle.io/cn-10.115.252.20:10.115.252.20 listener.cattle.io/cn-10.52.0.6:10.52.0.6 listener.cattle.io/cn-10.52.0.74:10.52.0.74 listener.cattle.io/cn-10.52.2.2:10.52.2.2 listener.cattle.io/cn-10.53.3.202:10.53.3.202 listener.cattle.io/fingerprint:SHA1=52282301BB7CD7C465B403D0BAC1F49A47E6D46D]
2026-06-12T10:48:23.553811300Z 2026/06/12 10:48:23 [INFO] Active TLS secret cattle-system/tls-rancher-internal (ver=13043) (count 5): map[listener.cattle.io/cn-10.115.252.20:10.115.252.20 listener.cattle.io/cn-10.52.0.6:10.52.0.6 listener.cattle.io/cn-10.52.0.74:10.52.0.74 listener.cattle.io/cn-10.52.2.2:10.52.2.2 listener.cattle.io/cn-10.53.3.202:10.53.3.202 listener.cattle.io/fingerprint:SHA1=B8841CBF04B50EEDD31695E6FADE9897CBFD258E]
2026-06-12T10:48:23.582267862Z 2026/06/12 10:48:23 [INFO] Active TLS secret cattle-system/tls-rancher-internal (ver=13046) (count 5): map[listener.cattle.io/cn-10.115.252.20:10.115.252.20 listener.cattle.io/cn-10.52.0.6:10.52.0.6 listener.cattle.io/cn-10.52.0.74:10.52.0.74 listener.cattle.io/cn-10.52.2.2:10.52.2.2 listener.cattle.io/cn-10.53.3.202:10.53.3.202 listener.cattle.io/fingerprint:SHA1=52282301BB7CD7C465B403D0BAC1F49A47E6D46D]
2026-06-12T10:48:23.596846563Z 2026/06/12 10:48:23 [INFO] Active TLS secret cattle-system/tls-rancher-internal (ver=13050) (count 5): map[listener.cattle.io/cn-10.115.252.20:10.115.252.20 listener.cattle.io/cn-10.52.0.6:10.52.0.6 listener.cattle.io/cn-10.52.0.74:10.52.0.74 listener.cattle.io/cn-10.52.2.2:10.52.2.2 listener.cattle.io/cn-10.53.3.202:10.53.3.202 listener.cattle.io/fingerprint:SHA1=B8841CBF04B50EEDD31695E6FADE9897CBFD258E]
2026-06-12T10:48:23.612842890Z 2026/06/12 10:48:23 [INFO] Active TLS secret cattle-system/tls-rancher-internal (ver=13053) (count 5): map[listener.cattle.io/cn-10.115.252.20:10.115.252.20 listener.cattle.io/cn-10.52.0.6:10.52.0.6 listener.cattle.io/cn-10.52.0.74:10.52.0.74 listener.cattle.io/cn-10.52.2.2:10.52.2.2 listener.cattle.io/cn-10.53.3.202:10.53.3.202 listener.cattle.io/fingerprint:SHA1=52282301BB7CD7C465B403D0BAC1F49A47E6D46D]
2026-06-12T10:48:23.633827817Z 2026/06/12 10:48:23 [INFO] Active TLS secret cattle-system/tls-rancher-internal (ver=13056) (count 5): map[listener.cattle.io/cn-10.115.252.20:10.115.252.20 listener.cattle.io/cn-10.52.0.6:10.52.0.6 listener.cattle.io/cn-10.52.0.74:10.52.0.74 listener.cattle.io/cn-10.52.2.2:10.52.2.2 listener.cattle.io/cn-10.53.3.202:10.53.3.202 listener.cattle.io/fingerprint:SHA1=B8841CBF04B50EEDD31695E6FADE9897CBFD258E]
2026-06-12T10:48:23.659573564Z 2026/06/12 10:48:23 [INFO] Active TLS secret cattle-system/tls-rancher-internal (ver=13057) (count 5): map[listener.cattle.io/cn-10.115.252.20:10.115.252.20 listener.cattle.io/cn-10.52.0.6:10.52.0.6 listener.cattle.io/cn-10.52.0.74:10.52.0.74 listener.cattle.io/cn-10.52.2.2:10.52.2.2 listener.cattle.io/cn-10.53.3.202:10.53.3.202 listener.cattle.io/fingerprint:SHA1=52282301BB7CD7C465B403D0BAC1F49A47E6D46D]
2026-06-12T10:48:23.681775869Z 2026/06/12 10:48:23 [INFO] Active TLS secret cattle-system/tls-rancher-internal (ver=13060) (count 5): map[listener.cattle.io/cn-10.115.252.20:10.115.252.20 listener.cattle.io/cn-10.52.0.6:10.52.0.6 listener.cattle.io/cn-10.52.0.74:10.52.0.74 listener.cattle.io/cn-10.52.2.2:10.52.2.2 listener.cattle.io/cn-10.53.3.202:10.53.3.202 listener.cattle.io/fingerprint:SHA1=B8841CBF04B50EEDD31695E6FADE9897CBFD258E]
2026-06-12T10:48:23.696839554Z 2026/06/12 10:48:23 [INFO] Active TLS secret cattle-system/tls-rancher-internal (ver=13063) (count 5): map[listener.cattle.io/cn-10.115.252.20:10.115.252.20 listener.cattle.io/cn-10.52.0.6:10.52.0.6 listener.cattle.io/cn-10.52.0.74:10.52.0.74 listener.cattle.io/cn-10.52.2.2:10.52.2.2 listener.cattle.io/cn-10.53.3.202:10.53.3.202 listener.cattle.io/fingerprint:SHA1=52282301BB7CD7C465B403D0BAC1F49A47E6D46D]
2026-06-12T10:48:23.711894034Z 2026/06/12 10:48:23 [INFO] Active TLS secret cattle-system/tls-rancher-internal (ver=13066) (count 5): map[listener.cattle.io/cn-10.115.252.20:10.115.252.20 listener.cattle.io/cn-10.52.0.6:10.52.0.6 listener.cattle.io/cn-10.52.0.74:10.52.0.74 listener.cattle.io/cn-10.52.2.2:10.52.2.2 listener.cattle.io/cn-10.53.3.202:10.53.3.202 listener.cattle.io/fingerprint:SHA1=B8841CBF04B50EEDD31695E6FADE9897CBFD258E]
2026-06-12T10:48:23.729599989Z 2026/06/12 10:48:23 [INFO] Active TLS secret cattle-system/tls-rancher-internal (ver=13067) (count 5): map[listener.cattle.io/cn-10.115.252.20:10.115.252.20 listener.cattle.io/cn-10.52.0.6:10.52.0.6 listener.cattle.io/cn-10.52.0.74:10.52.0.74 listener.cattle.io/cn-10.52.2.2:10.52.2.2 listener.cattle.io/cn-10.53.3.202:10.53.3.202 listener.cattle.io/fingerprint:SHA1=52282301BB7CD7C465B403D0BAC1F49A47E6D46D]
2026-06-12T10:48:23.740273703Z 2026/06/12 10:48:23 [INFO] Active TLS secret cattle-system/tls-rancher-internal (ver=13068) (count 5): map[listener.cattle.io/cn-10.115.252.20:10.115.252.20 listener.cattle.io/cn-10.52.0.6:10.52.0.6 listener.cattle.io/cn-10.52.0.74:10.52.0.74 listener.cattle.io/cn-10.52.2.2:10.52.2.2 listener.cattle.io/cn-10.53.3.202:10.53.3.202 listener.cattle.io/fingerprint:SHA1=B8841CBF04B50EEDD31695E6FADE9897CBFD258E]
2026-06-12T10:48:23.753816002Z 2026/06/12 10:48:23 [INFO] Active TLS secret cattle-system/tls-rancher-internal (ver=13069) (count 5): map[listener.cattle.io/cn-10.115.252.20:10.115.252.20 listener.cattle.io/cn-10.52.0.6:10.52.0.6 listener.cattle.io/cn-10.52.0.74:10.52.0.74 listener.cattle.io/cn-10.52.2.2:10.52.2.2 listener.cattle.io/cn-10.53.3.202:10.53.3.202 listener.cattle.io/fingerprint:SHA1=52282301BB7CD7C465B403D0BAC1F49A47E6D46D]
2026-06-12T10:48:23.780554922Z 2026/06/12 10:48:23 [INFO] Active TLS secret cattle-system/tls-rancher-internal (ver=13070) (count 5): map[listener.cattle.io/cn-10.115.252.20:10.115.252.20 listener.cattle.io/cn-10.52.0.6:10.52.0.6 listener.cattle.io/cn-10.52.0.74:10.52.0.74 listener.cattle.io/cn-10.52.2.2:10.52.2.2 listener.cattle.io/cn-10.53.3.202:10.53.3.202 listener.cattle.io/fingerprint:SHA1=B8841CBF04B50EEDD31695E6FADE9897CBFD258E]
2026-06-12T10:48:23.805687790Z 2026/06/12 10:48:23 [INFO] Active TLS secret cattle-system/tls-rancher-internal (ver=13073) (count 5): map[listener.cattle.io/cn-10.115.252.20:10.115.252.20 listener.cattle.io/cn-10.52.0.6:10.52.0.6 listener.cattle.io/cn-10.52.0.74:10.52.0.74 listener.cattle.io/cn-10.52.2.2:10.52.2.2 listener.cattle.io/cn-10.53.3.202:10.53.3.202 listener.cattle.io/fingerprint:SHA1=52282301BB7CD7C465B403D0BAC1F49A47E6D46D]
2026-06-12T10:48:23.822231944Z 2026/06/12 10:48:23 [INFO] Active TLS secret cattle-system/tls-rancher-internal (ver=13078) (count 5): map[listener.cattle.io/cn-10.115.252.20:10.115.252.20 listener.cattle.io/cn-10.52.0.6:10.52.0.6 listener.cattle.io/cn-10.52.0.74:10.52.0.74 listener.cattle.io/cn-10.52.2.2:10.52.2.2 listener.cattle.io/cn-10.53.3.202:10.53.3.202 listener.cattle.io/fingerprint:SHA1=B8841CBF04B50EEDD31695E6FADE9897CBFD258E]
2026-06-12T10:48:23.842517114Z 2026/06/12 10:48:23 [INFO] Active TLS secret cattle-system/tls-rancher-internal (ver=13083) (count 5): map[listener.cattle.io/cn-10.115.252.20:10.115.252.20 listener.cattle.io/cn-10.52.0.6:10.52.0.6 listener.cattle.io/cn-10.52.0.74:10.52.0.74 listener.cattle.io/cn-10.52.2.2:10.52.2.2 listener.cattle.io/cn-10.53.3.202:10.53.3.202 listener.cattle.io/fingerprint:SHA1=52282301BB7CD7C465B403D0BAC1F49A47E6D46D]
2026-06-12T10:48:23.859518916Z 2026/06/12 10:48:23 [INFO] Active TLS secret cattle-system/tls-rancher-internal (ver=13086) (count 5): map[listener.cattle.io/cn-10.115.252.20:10.115.252.20 listener.cattle.io/cn-10.52.0.6:10.52.0.6 listener.cattle.io/cn-10.52.0.74:10.52.0.74 listener.cattle.io/cn-10.52.2.2:10.52.2.2 listener.cattle.io/cn-10.53.3.202:10.53.3.202 listener.cattle.io/fingerprint:SHA1=B8841CBF04B50EEDD31695E6FADE9897CBFD258E]
2026-06-12T10:48:23.885804316Z 2026/06/12 10:48:23 [INFO] Active TLS secret cattle-system/tls-rancher-internal (ver=13088) (count 5): map[listener.cattle.io/cn-10.115.252.20:10.115.252.20 listener.cattle.io/cn-10.52.0.6:10.52.0.6 listener.cattle.io/cn-10.52.0.74:10.52.0.74 listener.cattle.io/cn-10.52.2.2:10.52.2.2 listener.cattle.io/cn-10.53.3.202:10.53.3.202 listener.cattle.io/fingerprint:SHA1=52282301BB7CD7C465B403D0BAC1F49A47E6D46D]
2026-06-12T10:48:23.901529895Z 2026/06/12 10:48:23 [INFO] Active TLS secret cattle-system/tls-rancher-internal (ver=13091) (count 5): map[listener.cattle.io/cn-10.115.252.20:10.115.252.20 listener.cattle.io/cn-10.52.0.6:10.52.0.6 listener.cattle.io/cn-10.52.0.74:10.52.0.74 listener.cattle.io/cn-10.52.2.2:10.52.2.2 listener.cattle.io/cn-10.53.3.202:10.53.3.202 listener.cattle.io/fingerprint:SHA1=B8841CBF04B50EEDD31695E6FADE9897CBFD258E]
2026-06-12T10:48:23.914836852Z 2026/06/12 10:48:23 [INFO] Active TLS secret cattle-system/tls-rancher-internal (ver=13093) (count 5): map[listener.cattle.io/cn-10.115.252.20:10.115.252.20 listener.cattle.io/cn-10.52.0.6:10.52.0.6 listener.cattle.io/cn-10.52.0.74:10.52.0.74 listener.cattle.io/cn-10.52.2.2:10.52.2.2 listener.cattle.io/cn-10.53.3.202:10.53.3.202 listener.cattle.io/fingerprint:SHA1=52282301BB7CD7C465B403D0BAC1F49A47E6D46D]
2026-06-12T10:48:23.928871189Z 2026/06/12 10:48:23 [INFO] Active TLS secret cattle-system/tls-rancher-internal (ver=13095) (count 5): map[listener.cattle.io/cn-10.115.252.20:10.115.252.20 listener.cattle.io/cn-10.52.0.6:10.52.0.6 listener.cattle.io/cn-10.52.0.74:10.52.0.74 listener.cattle.io/cn-10.52.2.2:10.52.2.2 listener.cattle.io/cn-10.53.3.202:10.53.3.202 listener.cattle.io/fingerprint:SHA1=B8841CBF04B50EEDD31695E6FADE9897CBFD258E]
2026-06-12T10:48:23.938610322Z 2026/06/12 10:48:23 [INFO] Active TLS secret cattle-system/tls-rancher-internal (ver=13097) (count 5): map[listener.cattle.io/cn-10.115.252.20:10.115.252.20 listener.cattle.io/cn-10.52.0.6:10.52.0.6 listener.cattle.io/cn-10.52.0.74:10.52.0.74 listener.cattle.io/cn-10.52.2.2:10.52.2.2 listener.cattle.io/cn-10.53.3.202:10.53.3.202 listener.cattle.io/fingerprint:SHA1=52282301BB7CD7C465B403D0BAC1F49A47E6D46D]
2026-06-12T10:48:23.957239922Z 2026/06/12 10:48:23 [INFO] Active TLS secret cattle-system/tls-rancher-internal (ver=13099) (count 5): map[listener.cattle.io/cn-10.115.252.20:10.115.252.20 listener.cattle.io/cn-10.52.0.6:10.52.0.6 listener.cattle.io/cn-10.52.0.74:10.52.0.74 listener.cattle.io/cn-10.52.2.2:10.52.2.2 listener.cattle.io/cn-10.53.3.202:10.53.3.202 listener.cattle.io/fingerprint:SHA1=B8841CBF04B50EEDD31695E6FADE9897CBFD258E]
2026-06-12T10:48:23.974635174Z 2026/06/12 10:48:23 [INFO] Active TLS secret cattle-system/tls-rancher-internal (ver=13101) (count 5): map[listener.cattle.io/cn-10.115.252.20:10.115.252.20 listener.cattle.io/cn-10.52.0.6:10.52.0.6 listener.cattle.io/cn-10.52.0.74:10.52.0.74 listener.cattle.io/cn-10.52.2.2:10.52.2.2 listener.cattle.io/cn-10.53.3.202:10.53.3.202 listener.cattle.io/fingerprint:SHA1=52282301BB7CD7C465B403D0BAC1F49A47E6D46D]
2026-06-12T10:48:24.037738872Z 2026/06/12 10:48:24 [INFO] Updating TLS secret for cattle-system/tls-rancher-internal (count: 5): map[listener.cattle.io/cn-10.115.252.20:10.115.252.20 listener.cattle.io/cn-10.52.0.6:10.52.0.6 listener.cattle.io/cn-10.52.0.74:10.52.0.74 listener.cattle.io/cn-10.52.2.2:10.52.2.2 listener.cattle.io/cn-10.53.3.202:10.53.3.202 listener.cattle.io/fingerprint:SHA1=B8841CBF04B50EEDD31695E6FADE9897CBFD258E]
2026-06-12T10:48:24.075095281Z 2026/06/12 10:48:24 [INFO] Active TLS secret cattle-system/tls-rancher-internal (ver=13113) (count 5): map[listener.cattle.io/cn-10.115.252.20:10.115.252.20 listener.cattle.io/cn-10.52.0.6:10.52.0.6 listener.cattle.io/cn-10.52.0.74:10.52.0.74 listener.cattle.io/cn-10.52.2.2:10.52.2.2 listener.cattle.io/cn-10.53.3.202:10.53.3.202 listener.cattle.io/fingerprint:SHA1=B8841CBF04B50EEDD31695E6FADE9897CBFD258E]
2026-06-12T10:48:54.513822172Z 2026/06/12 10:48:54 [INFO] [planner] rkecluster fleet-local/local: configuring etcd node(s) custom-36ac1af2c0f4: waiting for plan to be applied
2026-06-12T10:48:54.577662397Z 2026/06/12 10:48:54 [INFO] [planner] rkecluster fleet-local/local: configuring etcd node(s) custom-36ac1af2c0f4: waiting for plan to be applied
2026-06-12T10:48:54.614380561Z 2026/06/12 10:48:54 [INFO] [planner] rkecluster fleet-local/local: configuring etcd node(s) custom-36ac1af2c0f4: waiting for plan to be applied
2026-06-12T10:48:54.632131325Z 2026/06/12 10:48:54 [INFO] [planner] rkecluster fleet-local/local: configuring etcd node(s) custom-36ac1af2c0f4: waiting for plan to be applied
2026-06-12T10:48:54.711577617Z 2026/06/12 10:48:54 [INFO] [planner] rkecluster fleet-local/local: configuring etcd node(s) custom-36ac1af2c0f4: waiting for plan to be applied
2026-06-12T10:48:58.420367445Z 2026/06/12 10:48:58 [ERROR] Failed to handle tunnel request from remote address 10.52.1.11:56078: response 401: failed authentication
2026-06-12T10:48:58.472799397Z 2026/06/12 10:48:58 [INFO] Active TLS secret cattle-system/serving-cert (ver=13989) (count 8): map[listener.cattle.io/cn-10.115.252.20:10.115.252.20 listener.cattle.io/cn-10.52.0.6:10.52.0.6 listener.cattle.io/cn-10.52.0.74:10.52.0.74 listener.cattle.io/cn-10.52.1.11:10.52.1.11 listener.cattle.io/cn-10.52.2.2:10.52.2.2 listener.cattle.io/cn-127.0.0.1:127.0.0.1 listener.cattle.io/cn-localhost:localhost listener.cattle.io/cn-rancher.cattle-system:rancher.cattle-system listener.cattle.io/fingerprint:SHA1=CE74CAA9365D419AD3402BCB5525BBD253929234]
2026-06-12T10:49:01.849930783Z 2026/06/12 10:49:01 [INFO] [planner] rkecluster fleet-local/local: configuring etcd node(s) custom-36ac1af2c0f4: waiting for probes: etcd, kube-apiserver, kube-controller-manager, kube-scheduler, kubelet
2026-06-12T10:49:01.886849555Z 2026/06/12 10:49:01 [INFO] [planner] rkecluster fleet-local/local: configuring etcd node(s) custom-36ac1af2c0f4: waiting for probes: etcd, kube-apiserver, kube-controller-manager, kube-scheduler, kubelet
2026-06-12T10:49:01.913328568Z 2026/06/12 10:49:01 [INFO] [planner] rkecluster fleet-local/local: configuring etcd node(s) custom-36ac1af2c0f4: waiting for probes: etcd, kube-apiserver, kube-controller-manager, kube-scheduler, kubelet
2026-06-12T10:49:01.927738845Z 2026/06/12 10:49:01 [INFO] [planner] rkecluster fleet-local/local: configuring etcd node(s) custom-36ac1af2c0f4: waiting for probes: etcd, kube-apiserver, kube-controller-manager, kube-scheduler, kubelet
2026-06-12T10:49:02.189520162Z 2026/06/12 10:49:02 [INFO] Adding peer wss://10.52.1.11/v3/connect, 10.52.1.11
2026-06-12T10:49:03.423716021Z 2026/06/12 10:49:03 [INFO] error in remotedialer server [400]: read tcp 10.52.0.74:443->10.52.2.2:59782: use of closed network connection
2026-06-12T10:49:03.425074287Z 2026/06/12 10:49:03 [WARNING] [2] encountered error "write tcp 10.52.0.74:55138->10.52.2.2:443: write: broken pipe" while writing error "tunnel disconnect" to close remotedialer
2026-06-12T10:49:03.425103654Z 2026/06/12 10:49:03 [ERROR] Failed to serve peer connection 10.52.2.2: read tcp 10.52.0.74:55138->10.52.2.2:443: read: connection reset by peer
2026-06-12T10:49:03.425187571Z 2026/06/12 10:49:03 [WARNING] [2] encountered error "write tcp 10.52.0.74:55138->10.52.2.2:443: write: broken pipe" while writing error "EOF" to close remotedialer
2026-06-12T10:49:03.425447254Z 2026/06/12 10:49:03 [INFO] Handling backend connection request [10.52.1.11]
2026-06-12T10:49:06.836591184Z 2026/06/12 10:49:06 [INFO] [planner] rkecluster fleet-local/local: configuring etcd node(s) custom-36ac1af2c0f4: waiting for probes: etcd, kube-apiserver, kube-controller-manager, kube-scheduler
2026-06-12T10:49:06.865164700Z 2026/06/12 10:49:06 [INFO] [planner] rkecluster fleet-local/local: configuring etcd node(s) custom-36ac1af2c0f4: waiting for probes: etcd, kube-apiserver, kube-controller-manager, kube-scheduler
2026-06-12T10:49:06.893936350Z 2026/06/12 10:49:06 [INFO] [planner] rkecluster fleet-local/local: configuring etcd node(s) custom-36ac1af2c0f4: waiting for probes: etcd, kube-apiserver, kube-controller-manager, kube-scheduler
2026-06-12T10:49:06.908672694Z 2026/06/12 10:49:06 [INFO] [planner] rkecluster fleet-local/local: configuring etcd node(s) custom-36ac1af2c0f4: waiting for probes: etcd, kube-apiserver, kube-controller-manager, kube-scheduler
2026-06-12T10:49:08.429683764Z 2026/06/12 10:49:08 [INFO] Handling backend connection request [10.52.2.2]
2026-06-12T10:49:11.847463880Z 2026/06/12 10:49:11 [INFO] [planner] rkecluster fleet-local/local: configuring etcd node(s) custom-36ac1af2c0f4: waiting for probes: kube-apiserver, kube-controller-manager, kube-scheduler
2026-06-12T10:49:11.879026816Z 2026/06/12 10:49:11 [INFO] [planner] rkecluster fleet-local/local: configuring etcd node(s) custom-36ac1af2c0f4: waiting for probes: kube-apiserver, kube-controller-manager, kube-scheduler
2026-06-12T10:49:11.904299903Z 2026/06/12 10:49:11 [INFO] [planner] rkecluster fleet-local/local: configuring etcd node(s) custom-36ac1af2c0f4: waiting for probes: kube-apiserver, kube-controller-manager, kube-scheduler
2026-06-12T10:49:11.918300694Z 2026/06/12 10:49:11 [INFO] [planner] rkecluster fleet-local/local: configuring etcd node(s) custom-36ac1af2c0f4: waiting for probes: kube-apiserver, kube-controller-manager, kube-scheduler
2026-06-12T10:49:32.352940905Z 2026/06/12 10:49:32 [INFO] [planner] rkecluster fleet-local/local: configuring etcd node(s) custom-36ac1af2c0f4: waiting for probes: kube-controller-manager, kube-scheduler
2026-06-12T10:49:32.381417754Z 2026/06/12 10:49:32 [INFO] [planner] rkecluster fleet-local/local: configuring etcd node(s) custom-36ac1af2c0f4: waiting for probes: kube-controller-manager, kube-scheduler
2026-06-12T10:49:32.411756297Z 2026/06/12 10:49:32 [INFO] [planner] rkecluster fleet-local/local: configuring etcd node(s) custom-36ac1af2c0f4: waiting for probes: kube-controller-manager, kube-scheduler
2026-06-12T10:49:32.424160083Z 2026/06/12 10:49:32 [INFO] [planner] rkecluster fleet-local/local: configuring etcd node(s) custom-36ac1af2c0f4: waiting for probes: kube-controller-manager, kube-scheduler
2026-06-12T10:49:37.366872928Z 2026/06/12 10:49:37 [INFO] [planner] rkecluster fleet-local/local: custom-36ac1af2c0f4,custom-86920bbe7f61
2026-06-12T10:50:07.597144323Z I0612 10:50:07.596939      43 warnings.go:107] "Warning: cdi.kubevirt.io/v1beta1 ObjectTransfers is now deprecated and will be removed in v1."
2026-06-12T10:51:17.936986360Z I0612 10:51:17.936865      43 warnings.go:107] "Warning: v1 Endpoints is deprecated in v1.33+; use discovery.k8s.io/v1 EndpointSlice"
2026-06-12T10:51:35.597321773Z I0612 10:51:35.597163      43 warnings.go:107] "Warning: kubevirt.io/v1 VirtualMachineInstancePresets is now deprecated and will be removed in v2."
2026-06-12T10:54:17.709655189Z I0612 10:54:17.709505      43 warnings.go:107] "Warning: v1 Endpoints is deprecated in v1.33+; use discovery.k8s.io/v1 EndpointSlice"
2026-06-12T10:58:00.938591029Z I0612 10:58:00.938463      43 warnings.go:107] "Warning: v1 Endpoints is deprecated in v1.33+; use discovery.k8s.io/v1 EndpointSlice"
2026-06-12T10:59:55.598289516Z I0612 10:59:55.598169      43 warnings.go:107] "Warning: cdi.kubevirt.io/v1beta1 ObjectTransfers is now deprecated and will be removed in v1."
2026-06-12T10:59:58.599138260Z I0612 10:59:58.598998      43 warnings.go:107] "Warning: kubevirt.io/v1 VirtualMachineInstancePresets is now deprecated and will be removed in v2."
2026-06-12T11:01:13.711382530Z I0612 11:01:13.711226      43 warnings.go:107] "Warning: v1 Endpoints is deprecated in v1.33+; use discovery.k8s.io/v1 EndpointSlice"
2026-06-12T11:02:37.280377152Z 2026/06/12 11:02:37 [ERROR] Failed to read API for groups map[custom.metrics.k8s.io/v1beta1:stale GroupVersion discovery: custom.metrics.k8s.io/v1beta1]
2026-06-12T11:02:37.283470662Z W0612 11:02:37.283373      43 gvks.go:80] Failed to read API for groups: map[custom.metrics.k8s.io/v1beta1:stale GroupVersion discovery: custom.metrics.k8s.io/v1beta1]
2026-06-12T11:02:39.528973231Z I0612 11:02:39.528781      43 warnings.go:107] "Warning: v1 Endpoints is deprecated in v1.33+; use discovery.k8s.io/v1 EndpointSlice"
2026-06-12T11:02:39.596804570Z I0612 11:02:39.596689      43 warnings.go:107] "Warning: kubevirt.io/v1 VirtualMachineInstancePresets is now deprecated and will be removed in v2."
2026-06-12T11:02:39.653036849Z I0612 11:02:39.652871      43 warnings.go:107] "Warning: v1 ComponentStatus is deprecated in v1.19+"
2026-06-12T11:02:39.682908626Z I0612 11:02:39.682366      43 warnings.go:107] "Warning: cdi.kubevirt.io/v1beta1 ObjectTransfers is now deprecated and will be removed in v1."
2026-06-12T11:03:07.414310078Z 2026/06/12 11:03:07 [ERROR] Failed to read API for groups map[custom.metrics.k8s.io/v1beta1:stale GroupVersion discovery: custom.metrics.k8s.io/v1beta1]
2026-06-12T11:03:07.416311315Z W0612 11:03:07.416209      43 gvks.go:80] Failed to read API for groups: map[custom.metrics.k8s.io/v1beta1:stale GroupVersion discovery: custom.metrics.k8s.io/v1beta1]
2026-06-12T11:03:13.506869551Z I0612 11:03:13.506740      43 warnings.go:107] "Warning: cdi.kubevirt.io/v1beta1 ObjectTransfers is now deprecated and will be removed in v1."
2026-06-12T11:03:13.566847917Z I0612 11:03:13.566716      43 warnings.go:107] "Warning: v1 Endpoints is deprecated in v1.33+; use discovery.k8s.io/v1 EndpointSlice"
2026-06-12T11:03:13.572752119Z I0612 11:03:13.572636      43 warnings.go:107] "Warning: v1 ComponentStatus is deprecated in v1.19+"
2026-06-12T11:03:13.575863448Z I0612 11:03:13.575795      43 warnings.go:107] "Warning: kubevirt.io/v1 VirtualMachineInstancePresets is now deprecated and will be removed in v2."
2026-06-12T11:03:13.621495614Z 2026/06/12 11:03:13 [INFO] Watching metadata for bmc.tinkerbell.org/v1alpha1, Kind=Machine
2026-06-12T11:03:13.621588780Z 2026/06/12 11:03:13 [INFO] Watching metadata for metal.harvesterhci.io/v1alpha1, Kind=Inventory
2026-06-12T11:03:13.621630082Z 2026/06/12 11:03:13 [INFO] Watching metadata for tinkerbell.org/v1alpha1, Kind=Template
2026-06-12T11:03:13.621722961Z 2026/06/12 11:03:13 [INFO] Watching metadata for tinkerbell.org/v1alpha1, Kind=Hardware
2026-06-12T11:03:13.621749097Z 2026/06/12 11:03:13 [INFO] Watching metadata for metal.harvesterhci.io/v1alpha1, Kind=AddressPool
2026-06-12T11:03:13.621817634Z 2026/06/12 11:03:13 [INFO] Watching metadata for bmc.tinkerbell.org/v1alpha1, Kind=Job
2026-06-12T11:03:13.621849023Z 2026/06/12 11:03:13 [INFO] Watching metadata for metal.harvesterhci.io/v1alpha1, Kind=Cluster
2026-06-12T11:03:13.622017129Z 2026/06/12 11:03:13 [INFO] Watching metadata for tinkerbell.org/v1alpha1, Kind=WorkflowData
2026-06-12T11:03:13.622059323Z 2026/06/12 11:03:13 [INFO] Watching metadata for bmc.tinkerbell.org/v1alpha1, Kind=BaseboardManagement
2026-06-12T11:03:13.622176414Z 2026/06/12 11:03:13 [INFO] Watching metadata for bmc.tinkerbell.org/v1alpha1, Kind=Task
2026-06-12T11:03:13.622313022Z 2026/06/12 11:03:13 [INFO] Watching metadata for bmc.tinkerbell.org/v1alpha1, Kind=BMCTask
2026-06-12T11:03:13.622344733Z 2026/06/12 11:03:13 [INFO] Watching metadata for tinkerbell.org/v1alpha1, Kind=Workflow
2026-06-12T11:03:16.549198455Z I0612 11:03:16.549044      43 warnings.go:107] "Warning: kubevirt.io/v1 VirtualMachineInstancePresets is now deprecated and will be removed in v2."
2026-06-12T11:03:16.555004008Z I0612 11:03:16.554911      43 warnings.go:107] "Warning: cdi.kubevirt.io/v1beta1 ObjectTransfers is now deprecated and will be removed in v1."
2026-06-12T11:03:16.579363055Z I0612 11:03:16.578743      43 warnings.go:107] "Warning: v1 Endpoints is deprecated in v1.33+; use discovery.k8s.io/v1 EndpointSlice"
2026-06-12T11:03:16.594800556Z I0612 11:03:16.594606      43 warnings.go:107] "Warning: v1 ComponentStatus is deprecated in v1.19+"
2026-06-12T11:03:50.248573743Z I0612 11:03:50.248452      43 warnings.go:107] "Warning: v1 Endpoints is deprecated in v1.33+; use discovery.k8s.io/v1 EndpointSlice"
2026-06-12T11:03:50.324570766Z I0612 11:03:50.324423      43 warnings.go:107] "Warning: cdi.kubevirt.io/v1beta1 ObjectTransfers is now deprecated and will be removed in v1."
2026-06-12T11:03:50.337388113Z I0612 11:03:50.337296      43 warnings.go:107] "Warning: v1 ComponentStatus is deprecated in v1.19+"
2026-06-12T11:03:50.352052014Z I0612 11:03:50.351948      43 warnings.go:107] "Warning: kubevirt.io/v1 VirtualMachineInstancePresets is now deprecated and will be removed in v2."
2026-06-12T11:03:50.412552445Z 2026/06/12 11:03:50 [INFO] Watching metadata for devices.harvesterhci.io/v1beta1, Kind=PCIDeviceClaim
2026-06-12T11:03:50.412590987Z 2026/06/12 11:03:50 [INFO] Watching metadata for devices.harvesterhci.io/v1beta1, Kind=SRIOVGPUDevice
2026-06-12T11:03:50.412611648Z 2026/06/12 11:03:50 [INFO] Watching metadata for migration.harvesterhci.io/v1beta1, Kind=OpenstackSource
2026-06-12T11:03:50.412776190Z 2026/06/12 11:03:50 [INFO] Watching metadata for devices.harvesterhci.io/v1beta1, Kind=PCIDevice
2026-06-12T11:03:50.413092780Z 2026/06/12 11:03:50 [INFO] Watching metadata for devices.harvesterhci.io/v1beta1, Kind=Node
2026-06-12T11:03:50.413108978Z 2026/06/12 11:03:50 [INFO] Watching metadata for migration.harvesterhci.io/v1beta1, Kind=VirtualMachineImport
2026-06-12T11:03:50.413182680Z 2026/06/12 11:03:50 [INFO] Watching metadata for devices.harvesterhci.io/v1beta1, Kind=VGPUDevice
2026-06-12T11:03:50.413306293Z 2026/06/12 11:03:50 [INFO] Watching metadata for devices.harvesterhci.io/v1beta1, Kind=SRIOVNetworkDevice
2026-06-12T11:03:50.413329633Z 2026/06/12 11:03:50 [INFO] Watching metadata for migration.harvesterhci.io/v1beta1, Kind=VmwareSource
2026-06-12T11:03:50.413415390Z 2026/06/12 11:03:50 [INFO] Watching metadata for migration.harvesterhci.io/v1beta1, Kind=OvaSource
2026-06-12T11:03:54.735822972Z I0612 11:03:54.735731      43 warnings.go:107] "Warning: cdi.kubevirt.io/v1beta1 ObjectTransfers is now deprecated and will be removed in v1."
2026-06-12T11:03:54.749384151Z I0612 11:03:54.749259      43 warnings.go:107] "Warning: v1 ComponentStatus is deprecated in v1.19+"
2026-06-12T11:03:54.786782647Z I0612 11:03:54.786550      43 warnings.go:107] "Warning: v1 Endpoints is deprecated in v1.33+; use discovery.k8s.io/v1 EndpointSlice"
2026-06-12T11:03:54.886426323Z I0612 11:03:54.886317      43 warnings.go:107] "Warning: kubevirt.io/v1 VirtualMachineInstancePresets is now deprecated and will be removed in v2."
2026-06-12T11:03:54.915506773Z 2026/06/12 11:03:54 [INFO] Watching metadata for devices.harvesterhci.io/v1beta1, Kind=USBDeviceClaim
2026-06-12T11:03:54.915747662Z 2026/06/12 11:03:54 [INFO] Watching metadata for devices.harvesterhci.io/v1beta1, Kind=MigConfiguration
2026-06-12T11:03:54.915941217Z 2026/06/12 11:03:54 [INFO] Watching metadata for devices.harvesterhci.io/v1beta1, Kind=USBDevice
2026-06-12T11:04:34.703719646Z I0612 11:04:34.703598      43 warnings.go:107] "Warning: cdi.kubevirt.io/v1beta1 ObjectTransfers is now deprecated and will be removed in v1."
2026-06-12T11:04:34.710219198Z I0612 11:04:34.710135      43 warnings.go:107] "Warning: kubevirt.io/v1 VirtualMachineInstancePresets is now deprecated and will be removed in v2."
2026-06-12T11:04:34.740821236Z I0612 11:04:34.740730      43 warnings.go:107] "Warning: v1 ComponentStatus is deprecated in v1.19+"
2026-06-12T11:04:34.751043459Z I0612 11:04:34.750956      43 warnings.go:107] "Warning: v1 Endpoints is deprecated in v1.33+; use discovery.k8s.io/v1 EndpointSlice"
2026-06-12T11:05:23.599294566Z 2026/06/12 11:05:23 [INFO] Removing peer 10.52.2.2
2026-06-12T11:05:23.631328159Z 2026/06/12 11:05:23 [INFO] error in remotedialer server [400]: websocket: close 1006 (abnormal closure): unexpected EOF
2026-06-12T11:05:23.708039214Z 2026/06/12 11:05:23 [ERROR] Failed to serve peer connection 10.52.2.2: read tcp 10.52.0.74:38008->10.52.2.2:443: read: connection reset by peer
2026-06-12T11:05:23.708147824Z 2026/06/12 11:05:23 [INFO] error in remotedialer server [400]: websocket: close 1006 (abnormal closure): unexpected EOF
2026-06-12T11:05:23.710147017Z I0612 11:05:23.710068      43 reflector.go:578] "Warning: watch ended with error" reflector="/root/.cache/go/modcache/k8s.io/client-go@v0.35.1/tools/cache/reflector.go:289" type="*v1.Token" err="an error on the server (\"unable to decode an event from the watch stream: stream error: stream ID 8317; INTERNAL_ERROR; received from peer\") has prevented the request from succeeding"
2026-06-12T11:05:24.018565672Z 2026/06/12 11:05:24 [ERROR] failed to create secret: secrets "imperative-api-sni-provider-cert-ca" already exists
2026-06-12T11:05:24.018588355Z 2026/06/12 11:05:24 [INFO] imperative api APIService cert updated
2026-06-12T11:05:24.527662805Z W0612 11:05:24.527555      43 gvks.go:80] Failed to read API for groups: map[ext.cattle.io/v1:stale GroupVersion discovery: ext.cattle.io/v1]
2026-06-12T11:05:24.529339600Z 2026/06/12 11:05:24 [ERROR] Failed to read API for groups map[ext.cattle.io/v1:stale GroupVersion discovery: ext.cattle.io/v1]
2026-06-12T11:05:26.438120408Z I0612 11:05:26.437974      43 warnings.go:107] "Warning: v1 Endpoints is deprecated in v1.33+; use discovery.k8s.io/v1 EndpointSlice"
2026-06-12T11:05:26.460757008Z I0612 11:05:26.460003      43 warnings.go:107] "Warning: cdi.kubevirt.io/v1beta1 ObjectTransfers is now deprecated and will be removed in v1."
2026-06-12T11:05:26.461466326Z I0612 11:05:26.461331      43 warnings.go:107] "Warning: kubevirt.io/v1 VirtualMachineInstancePresets is now deprecated and will be removed in v2."
2026-06-12T11:05:26.466601537Z I0612 11:05:26.466125      43 warnings.go:107] "Warning: v1 ComponentStatus is deprecated in v1.19+"
2026-06-12T11:05:26.474539766Z 2026/06/12 11:05:26 [INFO] Stopping metadata watch on ext.cattle.io/v1, Kind=Token
2026-06-12T11:05:26.474560803Z 2026/06/12 11:05:26 [INFO] Stopping metadata watch on ext.cattle.io/v1, Kind=Kubeconfig
2026-06-12T11:05:28.726794827Z 2026/06/12 11:05:28 [INFO] Active TLS secret cattle-system/tls-rancher-internal (ver=31342) (count 6): map[listener.cattle.io/cn-10.115.252.20:10.115.252.20 listener.cattle.io/cn-10.52.0.6:10.52.0.6 listener.cattle.io/cn-10.52.0.74:10.52.0.74 listener.cattle.io/cn-10.52.1.11:10.52.1.11 listener.cattle.io/cn-10.52.2.2:10.52.2.2 listener.cattle.io/cn-10.53.3.202:10.53.3.202 listener.cattle.io/fingerprint:SHA1=5142FAAEB7968442C3476B82128682996466AE97]
2026-06-12T11:05:43.523480898Z 2026/06/12 11:05:43 [ERROR] http: TLS handshake error from 10.52.2.59:40950: remote error: tls: bad certificate
2026-06-12T11:05:45.600913689Z I0612 11:05:45.600792      43 warnings.go:107] "Warning: kubevirt.io/v1 VirtualMachineInstancePresets is now deprecated and will be removed in v2."
2026-06-12T11:06:09.293468090Z 2026/06/12 11:06:09 [ERROR] Failed to handle tunnel request from remote address 10.52.2.58:54856: response 401: failed authentication
2026-06-12T11:06:09.400961800Z 2026/06/12 11:06:09 [INFO] Active TLS secret cattle-system/serving-cert (ver=32182) (count 9): map[listener.cattle.io/cn-10.115.252.20:10.115.252.20 listener.cattle.io/cn-10.52.0.6:10.52.0.6 listener.cattle.io/cn-10.52.0.74:10.52.0.74 listener.cattle.io/cn-10.52.1.11:10.52.1.11 listener.cattle.io/cn-10.52.2.2:10.52.2.2 listener.cattle.io/cn-10.52.2.58:10.52.2.58 listener.cattle.io/cn-127.0.0.1:127.0.0.1 listener.cattle.io/cn-localhost:localhost listener.cattle.io/cn-rancher.cattle-system:rancher.cattle-system listener.cattle.io/fingerprint:SHA1=8FED58E1FD6987B48AB37A969D009703854F0364]
2026-06-12T11:06:14.293338675Z 2026/06/12 11:06:14 [ERROR] Failed to serve peer connection 10.52.1.11: websocket: close 1006 (abnormal closure): unexpected EOF
2026-06-12T11:06:14.293420510Z 2026/06/12 11:06:14 [WARNING] [2] encountered error "set tcp 10.52.0.74:48108: use of closed network connection" while writing error "EOF" to close remotedialer
2026-06-12T11:06:14.297656996Z 2026/06/12 11:06:14 [INFO] error in remotedialer server [400]: read tcp 10.52.0.74:443->10.52.1.11:56082: use of closed network connection
2026-06-12T11:06:14.299877098Z 2026/06/12 11:06:14 [ERROR] Failed to handle tunnel request from remote address 10.52.2.58:57134: response 401: failed authentication
2026-06-12T11:06:19.145389013Z 2026/06/12 11:06:19 [INFO] Adding peer wss://10.52.2.58/v3/connect, 10.52.2.58
2026-06-12T11:06:19.301255366Z 2026/06/12 11:06:19 [INFO] Handling backend connection request [10.52.1.11]
2026-06-12T11:06:19.306769814Z 2026/06/12 11:06:19 [INFO] Handling backend connection request [10.52.2.58]
2026-06-12T11:06:27.940370133Z I0612 11:06:27.940217      43 warnings.go:107] "Warning: v1 Endpoints is deprecated in v1.33+; use discovery.k8s.io/v1 EndpointSlice"
2026-06-12T11:07:08.599536752Z I0612 11:07:08.599406      43 warnings.go:107] "Warning: cdi.kubevirt.io/v1beta1 ObjectTransfers is now deprecated and will be removed in v1."
2026-06-12T11:08:16.712425047Z I0612 11:08:16.712301      43 warnings.go:107] "Warning: v1 Endpoints is deprecated in v1.33+; use discovery.k8s.io/v1 EndpointSlice"
2026-06-12T11:13:35.602958869Z I0612 11:13:35.602827      43 warnings.go:107] "Warning: kubevirt.io/v1 VirtualMachineInstancePresets is now deprecated and will be removed in v2."
2026-06-12T11:15:15.942179343Z I0612 11:15:15.942065      43 warnings.go:107] "Warning: v1 Endpoints is deprecated in v1.33+; use discovery.k8s.io/v1 EndpointSlice"
2026-06-12T11:16:05.600966973Z I0612 11:16:05.600836      43 warnings.go:107] "Warning: cdi.kubevirt.io/v1beta1 ObjectTransfers is now deprecated and will be removed in v1."
2026-06-12T11:17:42.714602632Z I0612 11:17:42.714453      43 warnings.go:107] "Warning: v1 Endpoints is deprecated in v1.33+; use discovery.k8s.io/v1 EndpointSlice"
2026-06-12T11:19:01.604189068Z I0612 11:19:01.604015      43 warnings.go:107] "Warning: kubevirt.io/v1 VirtualMachineInstancePresets is now deprecated and will be removed in v2."
2026-06-12T11:21:44.357774328Z 2026/06/12 11:21:44 [INFO] CacheFor STARTS creating informer for /v1, Kind=Pod
2026-06-12T11:21:44.906584635Z 2026/06/12 11:21:44 [INFO] CacheFor IS DONE creating informer for /v1, Kind=Pod (took 548.825226ms)
2026-06-12T11:22:40.603100526Z I0612 11:22:40.602952      43 warnings.go:107] "Warning: cdi.kubevirt.io/v1beta1 ObjectTransfers is now deprecated and will be removed in v1."
2026-06-12T11:23:33.944054116Z I0612 11:23:33.943888      43 warnings.go:107] "Warning: v1 Endpoints is deprecated in v1.33+; use discovery.k8s.io/v1 EndpointSlice"
2026-06-12T11:25:42.716554396Z I0612 11:25:42.716410      43 warnings.go:107] "Warning: v1 Endpoints is deprecated in v1.33+; use discovery.k8s.io/v1 EndpointSlice"
2026-06-12T11:27:31.606266588Z I0612 11:27:31.606129      43 warnings.go:107] "Warning: kubevirt.io/v1 VirtualMachineInstancePresets is now deprecated and will be removed in v2."
2026-06-12T11:29:46.604363528Z I0612 11:29:46.604199      43 warnings.go:107] "Warning: cdi.kubevirt.io/v1beta1 ObjectTransfers is now deprecated and will be removed in v1."
2026-06-12T11:31:11.945953078Z I0612 11:31:11.945841      43 warnings.go:107] "Warning: v1 Endpoints is deprecated in v1.33+; use discovery.k8s.io/v1 EndpointSlice"
2026-06-12T11:33:23.718139864Z I0612 11:33:23.718021      43 warnings.go:107] "Warning: v1 Endpoints is deprecated in v1.33+; use discovery.k8s.io/v1 EndpointSlice"
2026-06-12T11:34:47.605182590Z I0612 11:34:47.605085      43 warnings.go:107] "Warning: cdi.kubevirt.io/v1beta1 ObjectTransfers is now deprecated and will be removed in v1."
2026-06-12T11:35:33.608439048Z I0612 11:35:33.608272      43 warnings.go:107] "Warning: kubevirt.io/v1 VirtualMachineInstancePresets is now deprecated and will be removed in v2."
2026-06-12T11:37:50.947360539Z I0612 11:37:50.947240      43 warnings.go:107] "Warning: v1 Endpoints is deprecated in v1.33+; use discovery.k8s.io/v1 EndpointSlice"
2026-06-12T11:39:57.719359759Z I0612 11:39:57.719235      43 warnings.go:107] "Warning: v1 Endpoints is deprecated in v1.33+; use discovery.k8s.io/v1 EndpointSlice"
2026-06-12T11:41:47.609524600Z I0612 11:41:47.609397      43 warnings.go:107] "Warning: kubevirt.io/v1 VirtualMachineInstancePresets is now deprecated and will be removed in v2."
2026-06-12T11:41:52.607686260Z I0612 11:41:52.607491      43 warnings.go:107] "Warning: cdi.kubevirt.io/v1beta1 ObjectTransfers is now deprecated and will be removed in v1."
2026-06-12T11:44:12.615108477Z 2026/06/12 11:44:12 [ERROR] watcher channel closed
2026-06-12T11:44:22.615779677Z 2026/06/12 11:44:22 [INFO] starting imperative api cert rotator
2026-06-12T11:44:22.621033178Z 2026/06/12 11:44:22 [INFO] imperative api APIService cert updated
2026-06-12T11:44:31.364092392Z 2026/06/12 11:44:31 [INFO] Downloading repo index from http://harvester-cluster-repo.cattle-system/charts/index.yaml
2026-06-12T11:44:31.364370474Z 2026/06/12 11:44:31 [INFO] Downloading repo index from https://releases.rancher.com/server-charts/stable/index.yaml
2026-06-12T11:44:31.389341638Z 2026/06/12 11:44:31 [INFO] Skipping handler for clusterrepo harvester-charts. NumberOfRetries is 0, MaxRetry is 3, ClusterRepo Generation is 1, ObservedGeneration is 1, LastUpdated plus interval is 2026-06-12 12:44:31 +0000 UTC, now is 2026-06-12 11:44:31.38665901 +0000 UTC
2026-06-12T11:44:31.552709112Z 2026/06/12 11:44:31 [INFO] Skipping handler for clusterrepo rancher-stable. NumberOfRetries is 0, MaxRetry is 3, ClusterRepo Generation is 1, ObservedGeneration is 1, LastUpdated plus interval is 2026-06-12 12:44:31 +0000 UTC, now is 2026-06-12 11:44:31.549788701 +0000 UTC
2026-06-12T11:44:31.901659076Z 2026/06/12 11:44:31 [INFO] Skipping handler for clusterrepo rancher-partner-charts. NumberOfRetries is 0, MaxRetry is 3, ClusterRepo Generation is 1, ObservedGeneration is 1, LastUpdated plus interval is 2026-06-12 12:44:31 +0000 UTC, now is 2026-06-12 11:44:31.898723083 +0000 UTC
2026-06-12T11:44:32.291840033Z 2026/06/12 11:44:32 [INFO] Skipping handler for clusterrepo rancher-rke2-charts. NumberOfRetries is 0, MaxRetry is 3, ClusterRepo Generation is 1, ObservedGeneration is 1, LastUpdated plus interval is 2026-06-12 12:44:32 +0000 UTC, now is 2026-06-12 11:44:32.289179426 +0000 UTC
2026-06-12T11:45:20.537076586Z 2026/06/12 11:45:20 [INFO] Skipping handler for clusterrepo rancher-charts. NumberOfRetries is 0, MaxRetry is 3, ClusterRepo Generation is 1, ObservedGeneration is 1, LastUpdated plus interval is 2026-06-12 12:45:20 +0000 UTC, now is 2026-06-12 11:45:20.534673805 +0000 UTC
2026-06-12T11:47:17.949265057Z I0612 11:47:17.949150      43 warnings.go:107] "Warning: v1 Endpoints is deprecated in v1.33+; use discovery.k8s.io/v1 EndpointSlice"
2026-06-12T11:49:05.609538127Z I0612 11:49:05.609385      43 warnings.go:107] "Warning: cdi.kubevirt.io/v1beta1 ObjectTransfers is now deprecated and will be removed in v1."
2026-06-12T11:49:18.720357780Z I0612 11:49:18.720244      43 warnings.go:107] "Warning: v1 Endpoints is deprecated in v1.33+; use discovery.k8s.io/v1 EndpointSlice"
2026-06-12T11:50:05.610787227Z I0612 11:50:05.610683      43 warnings.go:107] "Warning: kubevirt.io/v1 VirtualMachineInstancePresets is now deprecated and will be removed in v2."
2026-06-12T11:54:21.950245472Z I0612 11:54:21.950105      43 warnings.go:107] "Warning: v1 Endpoints is deprecated in v1.33+; use discovery.k8s.io/v1 EndpointSlice"
2026-06-12T11:54:34.610694306Z I0612 11:54:34.610538      43 warnings.go:107] "Warning: cdi.kubevirt.io/v1beta1 ObjectTransfers is now deprecated and will be removed in v1."
2026-06-12T11:56:57.722722350Z I0612 11:56:57.722604      43 warnings.go:107] "Warning: v1 Endpoints is deprecated in v1.33+; use discovery.k8s.io/v1 EndpointSlice"
2026-06-12T11:58:01.612411123Z I0612 11:58:01.612283      43 warnings.go:107] "Warning: kubevirt.io/v1 VirtualMachineInstancePresets is now deprecated and will be removed in v2."
2026-06-12T12:02:32.951447931Z I0612 12:02:32.951317      43 warnings.go:107] "Warning: v1 Endpoints is deprecated in v1.33+; use discovery.k8s.io/v1 EndpointSlice"
2026-06-12T12:03:04.612560227Z I0612 12:03:04.612428      43 warnings.go:107] "Warning: cdi.kubevirt.io/v1beta1 ObjectTransfers is now deprecated and will be removed in v1."
2026-06-12T12:04:01.613582698Z I0612 12:04:01.613427      43 warnings.go:107] "Warning: kubevirt.io/v1 VirtualMachineInstancePresets is now deprecated and will be removed in v2."
2026-06-12T12:04:11.724521714Z I0612 12:04:11.724406      43 warnings.go:107] "Warning: v1 Endpoints is deprecated in v1.33+; use discovery.k8s.io/v1 EndpointSlice"
2026-06-12T12:08:32.614585355Z I0612 12:08:32.614466      43 warnings.go:107] "Warning: cdi.kubevirt.io/v1beta1 ObjectTransfers is now deprecated and will be removed in v1."
2026-06-12T12:09:19.726336576Z I0612 12:09:19.726183      43 warnings.go:107] "Warning: v1 Endpoints is deprecated in v1.33+; use discovery.k8s.io/v1 EndpointSlice"
2026-06-12T12:09:50.614959494Z I0612 12:09:50.614842      43 warnings.go:107] "Warning: kubevirt.io/v1 VirtualMachineInstancePresets is now deprecated and will be removed in v2."
2026-06-12T12:11:51.952759262Z I0612 12:11:51.952605      43 warnings.go:107] "Warning: v1 Endpoints is deprecated in v1.33+; use discovery.k8s.io/v1 EndpointSlice"
2026-06-12T12:14:49.728862622Z I0612 12:14:49.728670      43 warnings.go:107] "Warning: v1 Endpoints is deprecated in v1.33+; use discovery.k8s.io/v1 EndpointSlice"
2026-06-12T12:15:12.616408602Z I0612 12:15:12.616294      43 warnings.go:107] "Warning: cdi.kubevirt.io/v1beta1 ObjectTransfers is now deprecated and will be removed in v1."
2026-06-12T12:17:16.616857182Z I0612 12:17:16.616729      43 warnings.go:107] "Warning: kubevirt.io/v1 VirtualMachineInstancePresets is now deprecated and will be removed in v2."
2026-06-12T12:20:20.954184732Z I0612 12:20:20.954055      43 warnings.go:107] "Warning: v1 Endpoints is deprecated in v1.33+; use discovery.k8s.io/v1 EndpointSlice"
2026-06-12T12:21:57.729869964Z I0612 12:21:57.729742      43 warnings.go:107] "Warning: v1 Endpoints is deprecated in v1.33+; use discovery.k8s.io/v1 EndpointSlice"
2026-06-12T12:23:22.617998636Z I0612 12:23:22.617914      43 warnings.go:107] "Warning: kubevirt.io/v1 VirtualMachineInstancePresets is now deprecated and will be removed in v2."
2026-06-12T12:24:55.618178221Z I0612 12:24:55.618037      43 warnings.go:107] "Warning: cdi.kubevirt.io/v1beta1 ObjectTransfers is now deprecated and will be removed in v1."
2026-06-12T12:28:37.026082986Z 2026/06/12 12:28:37 [ERROR] watcher channel closed
2026-06-12T12:28:47.027010758Z 2026/06/12 12:28:47 [INFO] starting imperative api cert rotator
2026-06-12T12:28:47.032738080Z 2026/06/12 12:28:47 [INFO] imperative api APIService cert updated
2026-06-12T12:29:36.956477285Z I0612 12:29:36.956339      43 warnings.go:107] "Warning: v1 Endpoints is deprecated in v1.33+; use discovery.k8s.io/v1 EndpointSlice"
2026-06-12T12:31:39.731826733Z I0612 12:31:39.731667      43 warnings.go:107] "Warning: v1 Endpoints is deprecated in v1.33+; use discovery.k8s.io/v1 EndpointSlice"
2026-06-12T12:32:18.619288368Z I0612 12:32:18.619157      43 warnings.go:107] "Warning: kubevirt.io/v1 VirtualMachineInstancePresets is now deprecated and will be removed in v2."
2026-06-12T12:33:16.619873144Z I0612 12:33:16.619677      43 warnings.go:107] "Warning: cdi.kubevirt.io/v1beta1 ObjectTransfers is now deprecated and will be removed in v1."
2026-06-12T12:37:40.733774626Z I0612 12:37:40.733631      43 warnings.go:107] "Warning: v1 Endpoints is deprecated in v1.33+; use discovery.k8s.io/v1 EndpointSlice"
2026-06-12T12:37:47.620452665Z I0612 12:37:47.620331      43 warnings.go:107] "Warning: kubevirt.io/v1 VirtualMachineInstancePresets is now deprecated and will be removed in v2."
2026-06-12T12:38:54.621021740Z I0612 12:38:54.620886      43 warnings.go:107] "Warning: cdi.kubevirt.io/v1beta1 ObjectTransfers is now deprecated and will be removed in v1."
2026-06-12T12:39:26.957633930Z I0612 12:39:26.957530      43 warnings.go:107] "Warning: v1 Endpoints is deprecated in v1.33+; use discovery.k8s.io/v1 EndpointSlice"
2026-06-12T12:44:31.365412871Z 2026/06/12 12:44:31 [INFO] Downloading repo index from http://harvester-cluster-repo.cattle-system/charts/index.yaml
2026-06-12T12:44:31.365794342Z 2026/06/12 12:44:31 [INFO] Downloading repo index from https://releases.rancher.com/server-charts/stable/index.yaml
2026-06-12T12:44:31.368107615Z 2026/06/12 12:44:31 [INFO] Skipping handler for clusterrepo rancher-rke2-charts. NumberOfRetries is 0, MaxRetry is 3, ClusterRepo Generation is 1, ObservedGeneration is 1, LastUpdated plus interval is 2026-06-12 12:44:32 +0000 UTC, now is 2026-06-12 12:44:31.364984094 +0000 UTC
2026-06-12T12:44:31.394285991Z 2026/06/12 12:44:31 [INFO] Skipping handler for clusterrepo harvester-charts. NumberOfRetries is 0, MaxRetry is 3, ClusterRepo Generation is 1, ObservedGeneration is 1, LastUpdated plus interval is 2026-06-12 13:44:31 +0000 UTC, now is 2026-06-12 12:44:31.391565208 +0000 UTC
2026-06-12T12:44:31.483856520Z 2026/06/12 12:44:31 [INFO] Skipping handler for clusterrepo rancher-partner-charts. NumberOfRetries is 0, MaxRetry is 3, ClusterRepo Generation is 1, ObservedGeneration is 1, LastUpdated plus interval is 2026-06-12 13:44:31 +0000 UTC, now is 2026-06-12 12:44:31.480216768 +0000 UTC
2026-06-12T12:44:31.556728939Z 2026/06/12 12:44:31 [INFO] Skipping handler for clusterrepo rancher-stable. NumberOfRetries is 0, MaxRetry is 3, ClusterRepo Generation is 1, ObservedGeneration is 1, LastUpdated plus interval is 2026-06-12 13:44:31 +0000 UTC, now is 2026-06-12 12:44:31.553977327 +0000 UTC
2026-06-12T12:45:19.611044670Z 2026/06/12 12:45:19 [INFO] Skipping handler for clusterrepo rancher-charts. NumberOfRetries is 0, MaxRetry is 3, ClusterRepo Generation is 1, ObservedGeneration is 1, LastUpdated plus interval is 2026-06-12 12:45:20 +0000 UTC, now is 2026-06-12 12:45:19.608121325 +0000 UTC
2026-06-12T12:45:31.621749292Z I0612 12:45:31.621563      43 warnings.go:107] "Warning: kubevirt.io/v1 VirtualMachineInstancePresets is now deprecated and will be removed in v2."
2026-06-12T12:45:37.958819610Z I0612 12:45:37.958683      43 warnings.go:107] "Warning: v1 Endpoints is deprecated in v1.33+; use discovery.k8s.io/v1 EndpointSlice"
2026-06-12T12:47:28.735407985Z I0612 12:47:28.735252      43 warnings.go:107] "Warning: v1 Endpoints is deprecated in v1.33+; use discovery.k8s.io/v1 EndpointSlice"
2026-06-12T12:48:22.622465744Z I0612 12:48:22.622347      43 warnings.go:107] "Warning: cdi.kubevirt.io/v1beta1 ObjectTransfers is now deprecated and will be removed in v1."
2026-06-12T12:54:33.737613816Z I0612 12:54:33.737493      43 warnings.go:107] "Warning: v1 Endpoints is deprecated in v1.33+; use discovery.k8s.io/v1 EndpointSlice"
2026-06-12T12:54:38.960512905Z I0612 12:54:38.960411      43 warnings.go:107] "Warning: v1 Endpoints is deprecated in v1.33+; use discovery.k8s.io/v1 EndpointSlice"
2026-06-12T12:54:44.623844801Z I0612 12:54:44.623769      43 warnings.go:107] "Warning: kubevirt.io/v1 VirtualMachineInstancePresets is now deprecated and will be removed in v2."
2026-06-12T12:55:58.624325318Z I0612 12:55:58.624220      43 warnings.go:107] "Warning: cdi.kubevirt.io/v1beta1 ObjectTransfers is now deprecated and will be removed in v1."
2026-06-12T13:00:22.739521027Z I0612 13:00:22.739402      43 warnings.go:107] "Warning: v1 Endpoints is deprecated in v1.33+; use discovery.k8s.io/v1 EndpointSlice"
2026-06-12T13:00:45.625221492Z I0612 13:00:45.625059      43 warnings.go:107] "Warning: kubevirt.io/v1 VirtualMachineInstancePresets is now deprecated and will be removed in v2."
2026-06-12T13:01:26.961933006Z I0612 13:01:26.961804      43 warnings.go:107] "Warning: v1 Endpoints is deprecated in v1.33+; use discovery.k8s.io/v1 EndpointSlice"
2026-06-12T13:03:06.420584865Z 2026/06/12 13:03:06 [ERROR] watcher channel closed
2026-06-12T13:03:16.421534930Z 2026/06/12 13:03:16 [INFO] starting imperative api cert rotator
2026-06-12T13:03:16.427390176Z 2026/06/12 13:03:16 [INFO] imperative api APIService cert updated
2026-06-12T13:03:19.626869927Z I0612 13:03:19.626691      43 warnings.go:107] "Warning: cdi.kubevirt.io/v1beta1 ObjectTransfers is now deprecated and will be removed in v1."
2026-06-12T13:07:09.627048861Z I0612 13:07:09.626921      43 warnings.go:107] "Warning: kubevirt.io/v1 VirtualMachineInstancePresets is now deprecated and will be removed in v2."
2026-06-12T13:07:23.963850490Z I0612 13:07:23.963703      43 warnings.go:107] "Warning: v1 Endpoints is deprecated in v1.33+; use discovery.k8s.io/v1 EndpointSlice"
2026-06-12T13:09:49.740919452Z I0612 13:09:49.740748      43 warnings.go:107] "Warning: v1 Endpoints is deprecated in v1.33+; use discovery.k8s.io/v1 EndpointSlice"
2026-06-12T13:10:21.343820778Z I0612 13:10:21.343728      43 warnings.go:107] "Warning: v1 ComponentStatus is deprecated in v1.19+"
2026-06-12T13:10:21.383562717Z I0612 13:10:21.383448      43 warnings.go:107] "Warning: cdi.kubevirt.io/v1beta1 ObjectTransfers is now deprecated and will be removed in v1."
2026-06-12T13:10:21.392896251Z I0612 13:10:21.392806      43 warnings.go:107] "Warning: v1 Endpoints is deprecated in v1.33+; use discovery.k8s.io/v1 EndpointSlice"
2026-06-12T13:10:21.415549096Z I0612 13:10:21.415324      43 warnings.go:107] "Warning: kubevirt.io/v1 VirtualMachineInstancePresets is now deprecated and will be removed in v2."
2026-06-12T13:10:21.559148659Z 2026/06/12 13:10:21 [INFO] Watching metadata for ext.cattle.io/v1, Kind=Token
2026-06-12T13:10:21.559485871Z 2026/06/12 13:10:21 [INFO] Watching metadata for ext.cattle.io/v1, Kind=Kubeconfig
2026-06-12T13:10:23.308783739Z I0612 13:10:23.308656      43 warnings.go:107] "Warning: v1 Endpoints is deprecated in v1.33+; use discovery.k8s.io/v1 EndpointSlice"
2026-06-12T13:10:23.364418307Z I0612 13:10:23.364281      43 warnings.go:107] "Warning: cdi.kubevirt.io/v1beta1 ObjectTransfers is now deprecated and will be removed in v1."
2026-06-12T13:10:23.384599738Z I0612 13:10:23.384522      43 warnings.go:107] "Warning: v1 ComponentStatus is deprecated in v1.19+"
2026-06-12T13:10:23.392859050Z I0612 13:10:23.392766      43 warnings.go:107] "Warning: kubevirt.io/v1 VirtualMachineInstancePresets is now deprecated and will be removed in v2."
2026-06-12T13:10:28.120863197Z I0612 13:10:28.120759      43 warnings.go:107] "Warning: kubevirt.io/v1 VirtualMachineInstancePresets is now deprecated and will be removed in v2."
2026-06-12T13:10:28.172696003Z I0612 13:10:28.172572      43 warnings.go:107] "Warning: v1 ComponentStatus is deprecated in v1.19+"
2026-06-12T13:10:28.176639203Z I0612 13:10:28.176530      43 warnings.go:107] "Warning: cdi.kubevirt.io/v1beta1 ObjectTransfers is now deprecated and will be removed in v1."
2026-06-12T13:10:28.208798021Z I0612 13:10:28.208715      43 warnings.go:107] "Warning: v1 Endpoints is deprecated in v1.33+; use discovery.k8s.io/v1 EndpointSlice"
2026-06-12T13:10:31.720617086Z I0612 13:10:31.720486      43 warnings.go:107] "Warning: cdi.kubevirt.io/v1beta1 ObjectTransfers is now deprecated and will be removed in v1."
2026-06-12T13:10:31.777782981Z I0612 13:10:31.777597      43 warnings.go:107] "Warning: kubevirt.io/v1 VirtualMachineInstancePresets is now deprecated and will be removed in v2."
2026-06-12T13:10:31.789420480Z I0612 13:10:31.789267      43 warnings.go:107] "Warning: v1 ComponentStatus is deprecated in v1.19+"
2026-06-12T13:10:31.790213807Z I0612 13:10:31.790144      43 warnings.go:107] "Warning: v1 Endpoints is deprecated in v1.33+; use discovery.k8s.io/v1 EndpointSlice"
2026-06-12T13:10:42.628211392Z I0612 13:10:42.628125      43 warnings.go:107] "Warning: cdi.kubevirt.io/v1beta1 ObjectTransfers is now deprecated and will be removed in v1."
2026-06-12T13:10:56.623699589Z I0612 13:10:56.623538      43 warnings.go:107] "Warning: cdi.kubevirt.io/v1beta1 ObjectTransfers is now deprecated and will be removed in v1."
2026-06-12T13:10:56.626912550Z I0612 13:10:56.626821      43 warnings.go:107] "Warning: kubevirt.io/v1 VirtualMachineInstancePresets is now deprecated and will be removed in v2."
2026-06-12T13:10:56.665962407Z I0612 13:10:56.665858      43 warnings.go:107] "Warning: v1 ComponentStatus is deprecated in v1.19+"
2026-06-12T13:10:56.675135672Z I0612 13:10:56.675053      43 warnings.go:107] "Warning: v1 Endpoints is deprecated in v1.33+; use discovery.k8s.io/v1 EndpointSlice"
2026-06-12T13:10:58.540422542Z I0612 13:10:58.540287      43 warnings.go:107] "Warning: v1 ComponentStatus is deprecated in v1.19+"
2026-06-12T13:10:58.548808094Z I0612 13:10:58.548718      43 warnings.go:107] "Warning: v1 Endpoints is deprecated in v1.33+; use discovery.k8s.io/v1 EndpointSlice"
2026-06-12T13:10:58.558013830Z I0612 13:10:58.557919      43 warnings.go:107] "Warning: cdi.kubevirt.io/v1beta1 ObjectTransfers is now deprecated and will be removed in v1."
2026-06-12T13:10:58.558172618Z I0612 13:10:58.558101      43 warnings.go:107] "Warning: kubevirt.io/v1 VirtualMachineInstancePresets is now deprecated and will be removed in v2."
2026-06-12T13:11:02.969596592Z I0612 13:11:02.969474      43 warnings.go:107] "Warning: v1 ComponentStatus is deprecated in v1.19+"
2026-06-12T13:11:03.000667262Z I0612 13:11:03.000558      43 warnings.go:107] "Warning: v1 Endpoints is deprecated in v1.33+; use discovery.k8s.io/v1 EndpointSlice"
2026-06-12T13:11:03.032241572Z I0612 13:11:03.032041      43 warnings.go:107] "Warning: cdi.kubevirt.io/v1beta1 ObjectTransfers is now deprecated and will be removed in v1."
2026-06-12T13:11:03.052072765Z I0612 13:11:03.051958      43 warnings.go:107] "Warning: kubevirt.io/v1 VirtualMachineInstancePresets is now deprecated and will be removed in v2."
2026-06-12T13:11:06.608357924Z I0612 13:11:06.608213      43 warnings.go:107] "Warning: v1 Endpoints is deprecated in v1.33+; use discovery.k8s.io/v1 EndpointSlice"
2026-06-12T13:11:06.647846550Z I0612 13:11:06.647746      43 warnings.go:107] "Warning: v1 ComponentStatus is deprecated in v1.19+"
2026-06-12T13:11:06.717956346Z I0612 13:11:06.717867      43 warnings.go:107] "Warning: cdi.kubevirt.io/v1beta1 ObjectTransfers is now deprecated and will be removed in v1."
2026-06-12T13:11:06.744676832Z I0612 13:11:06.744547      43 warnings.go:107] "Warning: kubevirt.io/v1 VirtualMachineInstancePresets is now deprecated and will be removed in v2."
2026-06-12T13:15:40.628023965Z I0612 13:15:40.627859      43 warnings.go:107] "Warning: kubevirt.io/v1 VirtualMachineInstancePresets is now deprecated and will be removed in v2."
2026-06-12T13:15:54.965619991Z I0612 13:15:54.965484      43 warnings.go:107] "Warning: v1 Endpoints is deprecated in v1.33+; use discovery.k8s.io/v1 EndpointSlice"
2026-06-12T13:17:49.741864476Z I0612 13:17:49.741742      43 warnings.go:107] "Warning: v1 Endpoints is deprecated in v1.33+; use discovery.k8s.io/v1 EndpointSlice"
2026-06-12T13:18:59.629865839Z I0612 13:18:59.629721      43 warnings.go:107] "Warning: cdi.kubevirt.io/v1beta1 ObjectTransfers is now deprecated and will be removed in v1."
2026-06-12T13:21:01.967374313Z I0612 13:21:01.967228      43 warnings.go:107] "Warning: v1 Endpoints is deprecated in v1.33+; use discovery.k8s.io/v1 EndpointSlice"
2026-06-12T13:25:00.629392509Z I0612 13:25:00.629278      43 warnings.go:107] "Warning: kubevirt.io/v1 VirtualMachineInstancePresets is now deprecated and will be removed in v2."
2026-06-12T13:27:20.968625543Z I0612 13:27:20.968507      43 warnings.go:107] "Warning: v1 Endpoints is deprecated in v1.33+; use discovery.k8s.io/v1 EndpointSlice"
2026-06-12T13:27:30.742917263Z I0612 13:27:30.742803      43 warnings.go:107] "Warning: v1 Endpoints is deprecated in v1.33+; use discovery.k8s.io/v1 EndpointSlice"
2026-06-12T13:28:45.631902757Z I0612 13:28:45.631718      43 warnings.go:107] "Warning: cdi.kubevirt.io/v1beta1 ObjectTransfers is now deprecated and will be removed in v1."
2026-06-12T13:31:50.630544778Z I0612 13:31:50.630381      43 warnings.go:107] "Warning: kubevirt.io/v1 VirtualMachineInstancePresets is now deprecated and will be removed in v2."
2026-06-12T13:33:55.970341987Z I0612 13:33:55.970206      43 warnings.go:107] "Warning: v1 Endpoints is deprecated in v1.33+; use discovery.k8s.io/v1 EndpointSlice"
2026-06-12T13:35:54.633744595Z I0612 13:35:54.633568      43 warnings.go:107] "Warning: cdi.kubevirt.io/v1beta1 ObjectTransfers is now deprecated and will be removed in v1."
2026-06-12T13:36:09.744074920Z I0612 13:36:09.743956      43 warnings.go:107] "Warning: v1 Endpoints is deprecated in v1.33+; use discovery.k8s.io/v1 EndpointSlice"
2026-06-12T13:37:19.632343041Z I0612 13:37:19.632227      43 warnings.go:107] "Warning: kubevirt.io/v1 VirtualMachineInstancePresets is now deprecated and will be removed in v2."
2026-06-12T13:39:40.972304133Z I0612 13:39:40.972172      43 warnings.go:107] "Warning: v1 Endpoints is deprecated in v1.33+; use discovery.k8s.io/v1 EndpointSlice"
2026-06-12T13:42:53.745506103Z I0612 13:42:53.745378      43 warnings.go:107] "Warning: v1 Endpoints is deprecated in v1.33+; use discovery.k8s.io/v1 EndpointSlice"
2026-06-12T13:44:31.364735901Z 2026/06/12 13:44:31 [INFO] Downloading repo index from https://releases.rancher.com/server-charts/stable/index.yaml
2026-06-12T13:44:31.364826732Z 2026/06/12 13:44:31 [INFO] Downloading repo index from http://harvester-cluster-repo.cattle-system/charts/index.yaml
2026-06-12T13:44:31.402061927Z 2026/06/12 13:44:31 [INFO] Skipping handler for clusterrepo harvester-charts. NumberOfRetries is 0, MaxRetry is 3, ClusterRepo Generation is 1, ObservedGeneration is 1, LastUpdated plus interval is 2026-06-12 14:44:31 +0000 UTC, now is 2026-06-12 13:44:31.393102809 +0000 UTC
2026-06-12T13:44:31.414928449Z 2026/06/12 13:44:31 [INFO] Skipping handler for clusterrepo rancher-partner-charts. NumberOfRetries is 0, MaxRetry is 3, ClusterRepo Generation is 1, ObservedGeneration is 1, LastUpdated plus interval is 2026-06-12 14:44:31 +0000 UTC, now is 2026-06-12 13:44:31.406087669 +0000 UTC
2026-06-12T13:44:31.564023285Z 2026/06/12 13:44:31 [INFO] Skipping handler for clusterrepo rancher-stable. NumberOfRetries is 0, MaxRetry is 3, ClusterRepo Generation is 1, ObservedGeneration is 1, LastUpdated plus interval is 2026-06-12 14:44:31 +0000 UTC, now is 2026-06-12 13:44:31.560706268 +0000 UTC
2026-06-12T13:44:31.735749684Z 2026/06/12 13:44:31 [INFO] Skipping handler for clusterrepo rancher-rke2-charts. NumberOfRetries is 0, MaxRetry is 3, ClusterRepo Generation is 1, ObservedGeneration is 1, LastUpdated plus interval is 2026-06-12 14:44:31 +0000 UTC, now is 2026-06-12 13:44:31.726847625 +0000 UTC
2026-06-12T13:44:44.635967822Z I0612 13:44:44.635846      43 warnings.go:107] "Warning: cdi.kubevirt.io/v1beta1 ObjectTransfers is now deprecated and will be removed in v1."
2026-06-12T13:45:20.074616583Z 2026/06/12 13:45:20 [INFO] Skipping handler for clusterrepo rancher-charts. NumberOfRetries is 0, MaxRetry is 3, ClusterRepo Generation is 1, ObservedGeneration is 1, LastUpdated plus interval is 2026-06-12 14:45:20 +0000 UTC, now is 2026-06-12 13:45:20.072052266 +0000 UTC
2026-06-12T13:45:28.973268441Z I0612 13:45:28.973174      43 warnings.go:107] "Warning: v1 Endpoints is deprecated in v1.33+; use discovery.k8s.io/v1 EndpointSlice"
2026-06-12T13:46:55.634233812Z I0612 13:46:55.634121      43 warnings.go:107] "Warning: kubevirt.io/v1 VirtualMachineInstancePresets is now deprecated and will be removed in v2."
2026-06-12T13:50:35.746701617Z I0612 13:50:35.746535      43 warnings.go:107] "Warning: v1 Endpoints is deprecated in v1.33+; use discovery.k8s.io/v1 EndpointSlice"
2026-06-12T13:50:41.615890431Z 2026/06/12 13:50:41 [ERROR] watcher channel closed
2026-06-12T13:50:51.616731293Z 2026/06/12 13:50:51 [INFO] starting imperative api cert rotator
2026-06-12T13:50:51.621923522Z 2026/06/12 13:50:51 [INFO] imperative api APIService cert updated
2026-06-12T13:53:10.637149285Z I0612 13:53:10.637001      43 warnings.go:107] "Warning: cdi.kubevirt.io/v1beta1 ObjectTransfers is now deprecated and will be removed in v1."
2026-06-12T13:53:23.974446919Z I0612 13:53:23.974262      43 warnings.go:107] "Warning: v1 Endpoints is deprecated in v1.33+; use discovery.k8s.io/v1 EndpointSlice"
2026-06-12T13:55:26.636542319Z I0612 13:55:26.636393      43 warnings.go:107] "Warning: kubevirt.io/v1 VirtualMachineInstancePresets is now deprecated and will be removed in v2."
2026-06-12T13:56:42.748560473Z I0612 13:56:42.748405      43 warnings.go:107] "Warning: v1 Endpoints is deprecated in v1.33+; use discovery.k8s.io/v1 EndpointSlice"
2026-06-12T14:00:40.975734286Z I0612 14:00:40.975620      43 warnings.go:107] "Warning: v1 Endpoints is deprecated in v1.33+; use discovery.k8s.io/v1 EndpointSlice"
2026-06-12T14:01:03.638606704Z I0612 14:01:03.638460      43 warnings.go:107] "Warning: cdi.kubevirt.io/v1beta1 ObjectTransfers is now deprecated and will be removed in v1."
2026-06-12T14:01:35.638274127Z I0612 14:01:35.638117      43 warnings.go:107] "Warning: kubevirt.io/v1 VirtualMachineInstancePresets is now deprecated and will be removed in v2."
2026-06-12T14:02:58.750170182Z I0612 14:02:58.750044      43 warnings.go:107] "Warning: v1 Endpoints is deprecated in v1.33+; use discovery.k8s.io/v1 EndpointSlice"
2026-06-12T14:08:21.640221777Z I0612 14:08:21.640050      43 warnings.go:107] "Warning: kubevirt.io/v1 VirtualMachineInstancePresets is now deprecated and will be removed in v2."
2026-06-12T14:08:49.976790472Z I0612 14:08:49.976661      43 warnings.go:107] "Warning: v1 Endpoints is deprecated in v1.33+; use discovery.k8s.io/v1 EndpointSlice"
2026-06-12T14:10:59.640585974Z I0612 14:10:59.640418      43 warnings.go:107] "Warning: cdi.kubevirt.io/v1beta1 ObjectTransfers is now deprecated and will be removed in v1."
2026-06-12T14:12:53.751599261Z I0612 14:12:53.751432      43 warnings.go:107] "Warning: v1 Endpoints is deprecated in v1.33+; use discovery.k8s.io/v1 EndpointSlice"
2026-06-12T14:15:22.641542339Z I0612 14:15:22.641440      43 warnings.go:107] "Warning: kubevirt.io/v1 VirtualMachineInstancePresets is now deprecated and will be removed in v2."
2026-06-12T14:16:27.978064961Z I0612 14:16:27.977940      43 warnings.go:107] "Warning: v1 Endpoints is deprecated in v1.33+; use discovery.k8s.io/v1 EndpointSlice"
2026-06-12T14:17:17.642542890Z I0612 14:17:17.642420      43 warnings.go:107] "Warning: cdi.kubevirt.io/v1beta1 ObjectTransfers is now deprecated and will be removed in v1."
2026-06-12T14:20:15.752841454Z I0612 14:20:15.752704      43 warnings.go:107] "Warning: v1 Endpoints is deprecated in v1.33+; use discovery.k8s.io/v1 EndpointSlice"
2026-06-12T14:22:28.979906749Z I0612 14:22:28.979766      43 warnings.go:107] "Warning: v1 Endpoints is deprecated in v1.33+; use discovery.k8s.io/v1 EndpointSlice"
2026-06-12T14:23:55.642668488Z I0612 14:23:55.642510      43 warnings.go:107] "Warning: kubevirt.io/v1 VirtualMachineInstancePresets is now deprecated and will be removed in v2."
2026-06-12T14:26:20.644358539Z I0612 14:26:20.644171      43 warnings.go:107] "Warning: cdi.kubevirt.io/v1beta1 ObjectTransfers is now deprecated and will be removed in v1."
2026-06-12T14:26:24.754409989Z I0612 14:26:24.754224      43 warnings.go:107] "Warning: v1 Endpoints is deprecated in v1.33+; use discovery.k8s.io/v1 EndpointSlice"
2026-06-12T14:27:52.982094924Z I0612 14:27:52.981958      43 warnings.go:107] "Warning: v1 Endpoints is deprecated in v1.33+; use discovery.k8s.io/v1 EndpointSlice"
2026-06-12T14:28:30.542824850Z 2026/06/12 14:28:30 [ERROR] http: TLS handshake error from 10.52.0.15:49248: remote error: tls: bad certificate
2026-06-12T14:28:30.546204873Z 2026/06/12 14:28:30 [INFO] [planner] rkecluster fleet-local/local: configuring etcd node(s) custom-36ac1af2c0f4: waiting for probes: kubelet
2026-06-12T14:28:30.581928172Z 2026/06/12 14:28:30 [INFO] [planner] rkecluster fleet-local/local: configuring etcd node(s) custom-36ac1af2c0f4: waiting for probes: kubelet
2026-06-12T14:28:30.617830291Z 2026/06/12 14:28:30 [INFO] [planner] rkecluster fleet-local/local: configuring etcd node(s) custom-36ac1af2c0f4: waiting for probes: kubelet
2026-06-12T14:28:30.637512116Z 2026/06/12 14:28:30 [INFO] [planner] rkecluster fleet-local/local: configuring etcd node(s) custom-36ac1af2c0f4: waiting for probes: kubelet
2026-06-12T14:28:30.661768003Z 2026/06/12 14:28:30 [INFO] [planner] rkecluster fleet-local/local: configuring etcd node(s) custom-36ac1af2c0f4: waiting for probes: kubelet
2026-06-12T14:28:30.799770613Z 2026/06/12 14:28:30 [ERROR] http: TLS handshake error from 10.52.0.15:49268: remote error: tls: bad certificate
2026-06-12T14:28:31.560929737Z 2026/06/12 14:28:31 [ERROR] http: TLS handshake error from 10.52.0.15:49282: remote error: tls: bad certificate
2026-06-12T14:28:32.089914004Z 2026/06/12 14:28:32 [INFO] Active TLS secret cattle-system/tls-rancher-internal (ver=250134) (count 7): map[listener.cattle.io/cn-10.115.252.20:10.115.252.20 listener.cattle.io/cn-10.52.0.6:10.52.0.6 listener.cattle.io/cn-10.52.0.74:10.52.0.74 listener.cattle.io/cn-10.52.1.11:10.52.1.11 listener.cattle.io/cn-10.52.2.2:10.52.2.2 listener.cattle.io/cn-10.52.2.58:10.52.2.58 listener.cattle.io/cn-10.53.3.202:10.53.3.202 listener.cattle.io/fingerprint:SHA1=82425D75B01D660E11D8F48729472FA9A1A2B963]
2026-06-12T14:28:35.514488419Z 2026/06/12 14:28:35 [INFO] [planner] rkecluster fleet-local/local: custom-36ac1af2c0f4,custom-86920bbe7f61
2026-06-12T14:29:10.666655273Z 2026/06/12 14:29:10 [INFO] [planner] rkecluster fleet-local/local: configuring etcd node(s) custom-36ac1af2c0f4: waiting for probes: kubelet
2026-06-12T14:29:10.693750094Z 2026/06/12 14:29:10 [INFO] [planner] rkecluster fleet-local/local: configuring etcd node(s) custom-36ac1af2c0f4: waiting for probes: kubelet
2026-06-12T14:29:10.715453310Z 2026/06/12 14:29:10 [INFO] [planner] rkecluster fleet-local/local: configuring etcd node(s) custom-36ac1af2c0f4: waiting for probes: kubelet
2026-06-12T14:29:10.727223935Z 2026/06/12 14:29:10 [INFO] [planner] rkecluster fleet-local/local: configuring etcd node(s) custom-36ac1af2c0f4: waiting for probes: kubelet
2026-06-12T14:29:10.779065929Z 2026/06/12 14:29:10 [INFO] [planner] rkecluster fleet-local/local: configuring etcd node(s) custom-36ac1af2c0f4: waiting for probes: kubelet
2026-06-12T14:29:20.666451639Z 2026/06/12 14:29:20 [INFO] [planner] rkecluster fleet-local/local: custom-36ac1af2c0f4,custom-86920bbe7f61
2026-06-12T14:30:15.877701357Z 2026/06/12 14:30:15 [INFO] [planner] rkecluster fleet-local/local: configuring etcd node(s) custom-36ac1af2c0f4: waiting for probes: kubelet
2026-06-12T14:30:15.905172050Z 2026/06/12 14:30:15 [INFO] [planner] rkecluster fleet-local/local: configuring etcd node(s) custom-36ac1af2c0f4: waiting for probes: kubelet
2026-06-12T14:30:15.931682253Z 2026/06/12 14:30:15 [INFO] [planner] rkecluster fleet-local/local: configuring etcd node(s) custom-36ac1af2c0f4: waiting for probes: kubelet
2026-06-12T14:30:15.943907453Z 2026/06/12 14:30:15 [INFO] [planner] rkecluster fleet-local/local: configuring etcd node(s) custom-36ac1af2c0f4: waiting for probes: kubelet
2026-06-12T14:30:15.996572235Z 2026/06/12 14:30:15 [INFO] [planner] rkecluster fleet-local/local: configuring etcd node(s) custom-36ac1af2c0f4: waiting for probes: kubelet
2026-06-12T14:30:20.868884100Z 2026/06/12 14:30:20 [INFO] [planner] rkecluster fleet-local/local: custom-36ac1af2c0f4,custom-86920bbe7f61
2026-06-12T14:31:33.089667624Z 2026/06/12 14:31:33 [INFO] [planner] rkecluster fleet-local/local: configuring etcd node(s) custom-86920bbe7f61: waiting for probes: kubelet
2026-06-12T14:31:33.118069840Z 2026/06/12 14:31:33 [INFO] [planner] rkecluster fleet-local/local: configuring etcd node(s) custom-86920bbe7f61: waiting for probes: kubelet
2026-06-12T14:31:33.139600538Z 2026/06/12 14:31:33 [INFO] [planner] rkecluster fleet-local/local: configuring etcd node(s) custom-86920bbe7f61: waiting for probes: kubelet
2026-06-12T14:31:33.151203912Z 2026/06/12 14:31:33 [INFO] [planner] rkecluster fleet-local/local: configuring etcd node(s) custom-86920bbe7f61: waiting for probes: kubelet
2026-06-12T14:31:33.219859851Z 2026/06/12 14:31:33 [INFO] [planner] rkecluster fleet-local/local: configuring etcd node(s) custom-86920bbe7f61: waiting for probes: kubelet
2026-06-12T14:31:38.079897489Z 2026/06/12 14:31:38 [INFO] [planner] rkecluster fleet-local/local: custom-36ac1af2c0f4,custom-86920bbe7f61
2026-06-12T14:33:11.983727028Z I0612 14:33:11.983596      43 warnings.go:107] "Warning: v1 Endpoints is deprecated in v1.33+; use discovery.k8s.io/v1 EndpointSlice"
2026-06-12T14:33:39.644891012Z I0612 14:33:39.644764      43 warnings.go:107] "Warning: kubevirt.io/v1 VirtualMachineInstancePresets is now deprecated and will be removed in v2."
2026-06-12T14:34:05.646056196Z I0612 14:34:05.645919      43 warnings.go:107] "Warning: cdi.kubevirt.io/v1beta1 ObjectTransfers is now deprecated and will be removed in v1."
2026-06-12T14:35:30.756129701Z I0612 14:35:30.755999      43 warnings.go:107] "Warning: v1 Endpoints is deprecated in v1.33+; use discovery.k8s.io/v1 EndpointSlice"
2026-06-12T14:37:30.340012769Z 2026/06/12 14:37:30 [ERROR] watcher channel closed
2026-06-12T14:37:40.341050707Z 2026/06/12 14:37:40 [INFO] starting imperative api cert rotator
2026-06-12T14:37:40.346999887Z 2026/06/12 14:37:40 [INFO] imperative api APIService cert updated
2026-06-12T14:37:57.348267021Z 2026/06/12 14:37:57 [INFO] [planner] rkecluster fleet-local/local: configuring etcd node(s) custom-36ac1af2c0f4: waiting for probes: kubelet
2026-06-12T14:37:57.381402855Z 2026/06/12 14:37:57 [INFO] [planner] rkecluster fleet-local/local: configuring etcd node(s) custom-36ac1af2c0f4: waiting for probes: kubelet
2026-06-12T14:37:57.403595779Z 2026/06/12 14:37:57 [INFO] [planner] rkecluster fleet-local/local: configuring etcd node(s) custom-36ac1af2c0f4: waiting for probes: kubelet
2026-06-12T14:37:57.415912363Z 2026/06/12 14:37:57 [INFO] [planner] rkecluster fleet-local/local: configuring etcd node(s) custom-36ac1af2c0f4: waiting for probes: kubelet
2026-06-12T14:37:57.471886975Z 2026/06/12 14:37:57 [INFO] [planner] rkecluster fleet-local/local: configuring etcd node(s) custom-36ac1af2c0f4: waiting for probes: kubelet
2026-06-12T14:38:02.339992296Z 2026/06/12 14:38:02 [INFO] [planner] rkecluster fleet-local/local: custom-36ac1af2c0f4,custom-86920bbe7f61
2026-06-12T14:39:31.646755440Z I0612 14:39:31.646655      43 warnings.go:107] "Warning: kubevirt.io/v1 VirtualMachineInstancePresets is now deprecated and will be removed in v2."
2026-06-12T14:40:07.974850006Z 2026/06/12 14:40:07 [INFO] Removing peer 10.52.2.58
2026-06-12T14:40:07.992053248Z 2026/06/12 14:40:07 [INFO] error in remotedialer server [400]: websocket: close 1006 (abnormal closure): unexpected EOF
2026-06-12T14:40:07.992188755Z 2026/06/12 14:40:07 [ERROR] Failed to serve peer connection 10.52.2.58: websocket: close 1006 (abnormal closure): unexpected EOF
2026-06-12T14:40:07.992434006Z 2026/06/12 14:40:07 [WARNING] [3] encountered error "use of closed network connection" while writing error "EOF" to close remotedialer
2026-06-12T14:40:07.993127675Z 2026/06/12 14:40:07 [WARNING] [2] encountered error "use of closed network connection" while writing error "EOF" to close remotedialer
2026-06-12T14:41:08.196755235Z 2026/06/12 14:41:08 [ERROR] http: TLS handshake error from 10.52.2.195:39782: remote error: tls: bad certificate
2026-06-12T14:41:27.758085959Z I0612 14:41:27.757978      43 warnings.go:107] "Warning: v1 Endpoints is deprecated in v1.33+; use discovery.k8s.io/v1 EndpointSlice"
2026-06-12T14:41:31.507187285Z 2026/06/12 14:41:31 [ERROR] Failed to handle tunnel request from remote address 10.52.2.193:52576: response 401: failed authentication
2026-06-12T14:41:31.646778591Z 2026/06/12 14:41:31 [INFO] Active TLS secret cattle-system/serving-cert (ver=265504) (count 10): map[listener.cattle.io/cn-10.115.252.20:10.115.252.20 listener.cattle.io/cn-10.52.0.6:10.52.0.6 listener.cattle.io/cn-10.52.0.74:10.52.0.74 listener.cattle.io/cn-10.52.1.11:10.52.1.11 listener.cattle.io/cn-10.52.2.193:10.52.2.193 listener.cattle.io/cn-10.52.2.2:10.52.2.2 listener.cattle.io/cn-10.52.2.58:10.52.2.58 listener.cattle.io/cn-127.0.0.1:127.0.0.1 listener.cattle.io/cn-localhost:localhost listener.cattle.io/cn-rancher.cattle-system:rancher.cattle-system listener.cattle.io/fingerprint:SHA1=485579B637B1751E078AE10EF71218D4612DD4B7]
2026-06-12T14:41:34.631358309Z 2026/06/12 14:41:34 [INFO] Adding peer wss://10.52.2.193/v3/connect, 10.52.2.193
2026-06-12T14:41:36.509024500Z 2026/06/12 14:41:36 [ERROR] Failed to serve peer connection 10.52.1.11: websocket: close 1006 (abnormal closure): unexpected EOF
2026-06-12T14:41:36.513521409Z 2026/06/12 14:41:36 [INFO] error in remotedialer server [400]: read tcp 10.52.0.74:443->10.52.1.11:34584: use of closed network connection
2026-06-12T14:41:36.519196040Z 2026/06/12 14:41:36 [INFO] Handling backend connection request [10.52.2.193]
2026-06-12T14:41:41.517481933Z 2026/06/12 14:41:41 [INFO] Handling backend connection request [10.52.1.11]
2026-06-12T14:41:58.985606322Z I0612 14:41:58.985494      43 warnings.go:107] "Warning: v1 Endpoints is deprecated in v1.33+; use discovery.k8s.io/v1 EndpointSlice"
2026-06-12T14:42:23.646832800Z I0612 14:42:23.646712      43 warnings.go:107] "Warning: cdi.kubevirt.io/v1beta1 ObjectTransfers is now deprecated and will be removed in v1."
2026-06-12T14:44:31.365841016Z 2026/06/12 14:44:31 [INFO] Downloading repo index from https://releases.rancher.com/server-charts/stable/index.yaml
2026-06-12T14:44:31.366130656Z 2026/06/12 14:44:31 [INFO] Downloading repo index from http://harvester-cluster-repo.cattle-system/charts/index.yaml
2026-06-12T14:44:31.390239431Z 2026/06/12 14:44:31 [INFO] Skipping handler for clusterrepo harvester-charts. NumberOfRetries is 0, MaxRetry is 3, ClusterRepo Generation is 1, ObservedGeneration is 1, LastUpdated plus interval is 2026-06-12 15:44:31 +0000 UTC, now is 2026-06-12 14:44:31.387674018 +0000 UTC
2026-06-12T14:44:31.409835590Z 2026/06/12 14:44:31 [INFO] Skipping handler for clusterrepo rancher-partner-charts. NumberOfRetries is 0, MaxRetry is 3, ClusterRepo Generation is 1, ObservedGeneration is 1, LastUpdated plus interval is 2026-06-12 15:44:31 +0000 UTC, now is 2026-06-12 14:44:31.401087469 +0000 UTC
2026-06-12T14:44:31.553766526Z 2026/06/12 14:44:31 [INFO] Skipping handler for clusterrepo rancher-stable. NumberOfRetries is 0, MaxRetry is 3, ClusterRepo Generation is 1, ObservedGeneration is 1, LastUpdated plus interval is 2026-06-12 15:44:31 +0000 UTC, now is 2026-06-12 14:44:31.550232103 +0000 UTC
2026-06-12T14:44:31.713871239Z 2026/06/12 14:44:31 [INFO] Skipping handler for clusterrepo rancher-rke2-charts. NumberOfRetries is 0, MaxRetry is 3, ClusterRepo Generation is 1, ObservedGeneration is 1, LastUpdated plus interval is 2026-06-12 15:44:31 +0000 UTC, now is 2026-06-12 14:44:31.711281528 +0000 UTC
2026-06-12T14:45:19.614835916Z 2026/06/12 14:45:19 [INFO] Skipping handler for clusterrepo rancher-charts. NumberOfRetries is 0, MaxRetry is 3, ClusterRepo Generation is 1, ObservedGeneration is 1, LastUpdated plus interval is 2026-06-12 14:45:20 +0000 UTC, now is 2026-06-12 14:45:19.612132475 +0000 UTC
2026-06-12T14:46:08.648108015Z I0612 14:46:08.647959      43 warnings.go:107] "Warning: kubevirt.io/v1 VirtualMachineInstancePresets is now deprecated and will be removed in v2."
2026-06-12T14:49:42.647972896Z I0612 14:49:42.647868      43 warnings.go:107] "Warning: cdi.kubevirt.io/v1beta1 ObjectTransfers is now deprecated and will be removed in v1."
2026-06-12T14:49:43.987482764Z I0612 14:49:43.987362      43 warnings.go:107] "Warning: v1 Endpoints is deprecated in v1.33+; use discovery.k8s.io/v1 EndpointSlice"
2026-06-12T14:51:16.759882042Z I0612 14:51:16.759770      43 warnings.go:107] "Warning: v1 Endpoints is deprecated in v1.33+; use discovery.k8s.io/v1 EndpointSlice"
2026-06-12T14:54:50.650050789Z I0612 14:54:50.649883      43 warnings.go:107] "Warning: kubevirt.io/v1 VirtualMachineInstancePresets is now deprecated and will be removed in v2."
2026-06-12T14:56:45.989754603Z I0612 14:56:45.989632      43 warnings.go:107] "Warning: v1 Endpoints is deprecated in v1.33+; use discovery.k8s.io/v1 EndpointSlice"
2026-06-12T14:57:15.649801224Z I0612 14:57:15.649672      43 warnings.go:107] "Warning: cdi.kubevirt.io/v1beta1 ObjectTransfers is now deprecated and will be removed in v1."
2026-06-12T15:00:05.651326033Z I0612 15:00:05.651198      43 warnings.go:107] "Warning: kubevirt.io/v1 VirtualMachineInstancePresets is now deprecated and will be removed in v2."
2026-06-12T15:00:18.761964601Z I0612 15:00:18.761860      43 warnings.go:107] "Warning: v1 Endpoints is deprecated in v1.33+; use discovery.k8s.io/v1 EndpointSlice"
2026-06-12T15:02:38.651538848Z I0612 15:02:38.651434      43 warnings.go:107] "Warning: cdi.kubevirt.io/v1beta1 ObjectTransfers is now deprecated and will be removed in v1."
2026-06-12T15:02:57.992065377Z I0612 15:02:57.991873      43 warnings.go:107] "Warning: v1 Endpoints is deprecated in v1.33+; use discovery.k8s.io/v1 EndpointSlice"
2026-06-12T15:07:38.763436904Z I0612 15:07:38.763338      43 warnings.go:107] "Warning: v1 Endpoints is deprecated in v1.33+; use discovery.k8s.io/v1 EndpointSlice"
2026-06-12T15:09:03.653466804Z I0612 15:09:03.653308      43 warnings.go:107] "Warning: cdi.kubevirt.io/v1beta1 ObjectTransfers is now deprecated and will be removed in v1."
2026-06-12T15:09:46.652509621Z I0612 15:09:46.652394      43 warnings.go:107] "Warning: kubevirt.io/v1 VirtualMachineInstancePresets is now deprecated and will be removed in v2."
2026-06-12T15:10:42.993198973Z I0612 15:10:42.993081      43 warnings.go:107] "Warning: v1 Endpoints is deprecated in v1.33+; use discovery.k8s.io/v1 EndpointSlice"
2026-06-12T15:14:04.478897409Z 2026/06/12 15:14:04 [ERROR] watcher channel closed
2026-06-12T15:14:14.479786391Z 2026/06/12 15:14:14 [INFO] starting imperative api cert rotator
2026-06-12T15:14:14.490748838Z 2026/06/12 15:14:14 [INFO] imperative api APIService cert updated
2026-06-12T15:16:09.653412778Z I0612 15:16:09.653298      43 warnings.go:107] "Warning: kubevirt.io/v1 VirtualMachineInstancePresets is now deprecated and will be removed in v2."
2026-06-12T15:16:11.764822933Z I0612 15:16:11.764698      43 warnings.go:107] "Warning: v1 Endpoints is deprecated in v1.33+; use discovery.k8s.io/v1 EndpointSlice"
2026-06-12T15:17:32.655323222Z I0612 15:17:32.655174      43 warnings.go:107] "Warning: cdi.kubevirt.io/v1beta1 ObjectTransfers is now deprecated and will be removed in v1."
2026-06-12T15:19:16.994914349Z I0612 15:19:16.994793      43 warnings.go:107] "Warning: v1 Endpoints is deprecated in v1.33+; use discovery.k8s.io/v1 EndpointSlice"
2026-06-12T15:24:53.654827584Z I0612 15:24:53.654742      43 warnings.go:107] "Warning: kubevirt.io/v1 VirtualMachineInstancePresets is now deprecated and will be removed in v2."
2026-06-12T15:25:06.657053471Z I0612 15:25:06.656967      43 warnings.go:107] "Warning: cdi.kubevirt.io/v1beta1 ObjectTransfers is now deprecated and will be removed in v1."
2026-06-12T15:25:40.766292205Z I0612 15:25:40.766176      43 warnings.go:107] "Warning: v1 Endpoints is deprecated in v1.33+; use discovery.k8s.io/v1 EndpointSlice"
2026-06-12T15:25:48.996521838Z I0612 15:25:48.996385      43 warnings.go:107] "Warning: v1 Endpoints is deprecated in v1.33+; use discovery.k8s.io/v1 EndpointSlice"
2026-06-12T15:28:07.894362859Z I0612 15:28:07.894233      43 warnings.go:107] "Warning: kubevirt.io/v1 VirtualMachineInstancePresets is now deprecated and will be removed in v2."
2026-06-12T15:28:07.908402861Z I0612 15:28:07.908290      43 warnings.go:107] "Warning: v1 ComponentStatus is deprecated in v1.19+"
2026-06-12T15:28:07.915158662Z I0612 15:28:07.915084      43 warnings.go:107] "Warning: v1 Endpoints is deprecated in v1.33+; use discovery.k8s.io/v1 EndpointSlice"
2026-06-12T15:28:07.931937356Z I0612 15:28:07.931846      43 warnings.go:107] "Warning: cdi.kubevirt.io/v1beta1 ObjectTransfers is now deprecated and will be removed in v1."
2026-06-12T15:28:07.956831564Z 2026/06/12 15:28:07 [INFO] Watching metadata for network.harvesterhci.io/v1alpha1, Kind=IPPool
2026-06-12T15:28:07.957140230Z 2026/06/12 15:28:07 [INFO] Watching metadata for network.harvesterhci.io/v1alpha1, Kind=VirtualMachineNetworkConfig
2026-06-12T15:28:10.645017290Z I0612 15:28:10.644906      43 warnings.go:107] "Warning: v1 ComponentStatus is deprecated in v1.19+"
2026-06-12T15:28:10.647161616Z I0612 15:28:10.647075      43 warnings.go:107] "Warning: cdi.kubevirt.io/v1beta1 ObjectTransfers is now deprecated and will be removed in v1."
2026-06-12T15:28:10.655966782Z I0612 15:28:10.655893      43 warnings.go:107] "Warning: kubevirt.io/v1 VirtualMachineInstancePresets is now deprecated and will be removed in v2."
2026-06-12T15:28:10.667179969Z I0612 15:28:10.667087      43 warnings.go:107] "Warning: v1 Endpoints is deprecated in v1.33+; use discovery.k8s.io/v1 EndpointSlice"
2026-06-12T15:30:44.657029391Z I0612 15:30:44.656889      43 warnings.go:107] "Warning: kubevirt.io/v1 VirtualMachineInstancePresets is now deprecated and will be removed in v2."
2026-06-12T15:31:21.997682475Z I0612 15:31:21.997527      43 warnings.go:107] "Warning: v1 Endpoints is deprecated in v1.33+; use discovery.k8s.io/v1 EndpointSlice"
2026-06-12T15:31:57.767678944Z I0612 15:31:57.767562      43 warnings.go:107] "Warning: v1 Endpoints is deprecated in v1.33+; use discovery.k8s.io/v1 EndpointSlice"
2026-06-12T15:34:19.659033746Z I0612 15:34:19.658894      43 warnings.go:107] "Warning: cdi.kubevirt.io/v1beta1 ObjectTransfers is now deprecated and will be removed in v1."
2026-06-12T15:40:23.769659328Z I0612 15:40:23.769451      43 warnings.go:107] "Warning: v1 Endpoints is deprecated in v1.33+; use discovery.k8s.io/v1 EndpointSlice"
2026-06-12T15:40:23.998945205Z I0612 15:40:23.998861      43 warnings.go:107] "Warning: v1 Endpoints is deprecated in v1.33+; use discovery.k8s.io/v1 EndpointSlice"
2026-06-12T15:40:24.658552571Z I0612 15:40:24.658430      43 warnings.go:107] "Warning: kubevirt.io/v1 VirtualMachineInstancePresets is now deprecated and will be removed in v2."
2026-06-12T15:41:33.660351980Z I0612 15:41:33.660248      43 warnings.go:107] "Warning: cdi.kubevirt.io/v1beta1 ObjectTransfers is now deprecated and will be removed in v1."
2026-06-12T15:44:31.366828800Z 2026/06/12 15:44:31 [INFO] Downloading repo index from https://releases.rancher.com/server-charts/stable/index.yaml
2026-06-12T15:44:31.367249366Z 2026/06/12 15:44:31 [INFO] Downloading repo index from http://harvester-cluster-repo.cattle-system/charts/index.yaml
2026-06-12T15:44:31.387027139Z 2026/06/12 15:44:31 [INFO] Skipping handler for clusterrepo harvester-charts. NumberOfRetries is 0, MaxRetry is 3, ClusterRepo Generation is 1, ObservedGeneration is 1, LastUpdated plus interval is 2026-06-12 16:44:31 +0000 UTC, now is 2026-06-12 15:44:31.38416337 +0000 UTC
2026-06-12T15:44:31.413880131Z 2026/06/12 15:44:31 [INFO] Skipping handler for clusterrepo rancher-partner-charts. NumberOfRetries is 0, MaxRetry is 3, ClusterRepo Generation is 1, ObservedGeneration is 1, LastUpdated plus interval is 2026-06-12 16:44:31 +0000 UTC, now is 2026-06-12 15:44:31.410554798 +0000 UTC
2026-06-12T15:44:31.565025661Z 2026/06/12 15:44:31 [INFO] Skipping handler for clusterrepo rancher-stable. NumberOfRetries is 0, MaxRetry is 3, ClusterRepo Generation is 1, ObservedGeneration is 1, LastUpdated plus interval is 2026-06-12 16:44:31 +0000 UTC, now is 2026-06-12 15:44:31.562393103 +0000 UTC
2026-06-12T15:44:31.730765289Z 2026/06/12 15:44:31 [INFO] Skipping handler for clusterrepo rancher-rke2-charts. NumberOfRetries is 0, MaxRetry is 3, ClusterRepo Generation is 1, ObservedGeneration is 1, LastUpdated plus interval is 2026-06-12 16:44:31 +0000 UTC, now is 2026-06-12 15:44:31.723866147 +0000 UTC
2026-06-12T15:45:10.698866461Z 2026/06/12 15:45:10 [INFO] Creating token for user user-nkqmt
2026-06-12T15:45:20.079792932Z 2026/06/12 15:45:20 [INFO] Skipping handler for clusterrepo rancher-charts. NumberOfRetries is 0, MaxRetry is 3, ClusterRepo Generation is 1, ObservedGeneration is 1, LastUpdated plus interval is 2026-06-12 16:45:20 +0000 UTC, now is 2026-06-12 15:45:20.076837541 +0000 UTC
2026-06-12T15:45:28.000980347Z I0612 15:45:28.000862      43 warnings.go:107] "Warning: v1 Endpoints is deprecated in v1.33+; use discovery.k8s.io/v1 EndpointSlice"
2026-06-12T15:45:28.653716624Z 2026/06/12 15:45:28 [INFO] error in remotedialer server [400]: websocket: close 1006 (abnormal closure): unexpected EOF
2026-06-12T15:45:28.653733850Z 2026/06/12 15:45:28 [WARNING] [5] encountered error "write tcp 10.52.0.74:444->10.52.0.49:59470: write: broken pipe" while writing error "tunnel disconnect" to close remotedialer
2026-06-12T15:45:28.653738367Z 2026/06/12 15:45:28 [WARNING] [8] encountered error "write tcp 10.52.0.74:444->10.52.0.49:59470: write: broken pipe" while writing error "tunnel disconnect" to close remotedialer
2026-06-12T15:45:28.653742609Z 2026/06/12 15:45:28 [WARNING] [2] encountered error "write tcp 10.52.0.74:444->10.52.0.49:59470: write: broken pipe" while writing error "tunnel disconnect" to close remotedialer
2026-06-12T15:45:28.653881830Z 2026/06/12 15:45:28 [WARNING] [9] encountered error "write tcp 10.52.0.74:444->10.52.0.49:59470: write: broken pipe" while writing error "tunnel disconnect" to close remotedialer
2026-06-12T15:45:28.653893726Z 2026/06/12 15:45:28 [WARNING] [11] encountered error "write tcp 10.52.0.74:444->10.52.0.49:59470: write: broken pipe" while writing error "tunnel disconnect" to close remotedialer
2026-06-12T15:45:28.653896614Z 2026/06/12 15:45:28 [WARNING] [12] encountered error "write tcp 10.52.0.74:444->10.52.0.49:59470: write: broken pipe" while writing error "tunnel disconnect" to close remotedialer
2026-06-12T15:45:28.653899900Z 2026/06/12 15:45:28 [WARNING] [13] encountered error "write tcp 10.52.0.74:444->10.52.0.49:59470: write: broken pipe" while writing error "tunnel disconnect" to close remotedialer
2026-06-12T15:45:28.653902709Z 2026/06/12 15:45:28 [WARNING] [14] encountered error "write tcp 10.52.0.74:444->10.52.0.49:59470: write: broken pipe" while writing error "tunnel disconnect" to close remotedialer
2026-06-12T15:45:28.653905330Z 2026/06/12 15:45:28 [WARNING] [16] encountered error "write tcp 10.52.0.74:444->10.52.0.49:59470: write: broken pipe" while writing error "tunnel disconnect" to close remotedialer
2026-06-12T15:45:31.266607873Z 2026/06/12 15:45:31 [ERROR] http: TLS handshake error from 10.52.1.97:51232: remote error: tls: bad certificate
2026-06-12T15:45:34.616819629Z 2026/06/12 15:45:34 [INFO] Handling backend connection request [stv-a0d48da5-4ec2-4ce7-932a-73b94af6769d]
2026-06-12T15:46:36.771789421Z I0612 15:46:36.771626      43 warnings.go:107] "Warning: v1 Endpoints is deprecated in v1.33+; use discovery.k8s.io/v1 EndpointSlice"
2026-06-12T15:48:40.661874241Z I0612 15:48:40.661754      43 warnings.go:107] "Warning: cdi.kubevirt.io/v1beta1 ObjectTransfers is now deprecated and will be removed in v1."
2026-06-12T15:49:24.351416654Z 2026/06/12 15:49:24 [ERROR] watcher channel closed
2026-06-12T15:49:34.351897513Z 2026/06/12 15:49:34 [INFO] starting imperative api cert rotator
2026-06-12T15:49:34.358185092Z 2026/06/12 15:49:34 [INFO] imperative api APIService cert updated
2026-06-12T15:49:50.660623225Z I0612 15:49:50.660485      43 warnings.go:107] "Warning: kubevirt.io/v1 VirtualMachineInstancePresets is now deprecated and will be removed in v2."
2026-06-12T15:51:50.773302479Z I0612 15:51:50.773112      43 warnings.go:107] "Warning: v1 Endpoints is deprecated in v1.33+; use discovery.k8s.io/v1 EndpointSlice"
2026-06-12T15:53:14.002346670Z I0612 15:53:14.002211      43 warnings.go:107] "Warning: v1 Endpoints is deprecated in v1.33+; use discovery.k8s.io/v1 EndpointSlice"
2026-06-12T15:55:31.662358259Z I0612 15:55:31.662207      43 warnings.go:107] "Warning: kubevirt.io/v1 VirtualMachineInstancePresets is now deprecated and will be removed in v2."
2026-06-12T15:58:06.663801026Z I0612 15:58:06.663688      43 warnings.go:107] "Warning: cdi.kubevirt.io/v1beta1 ObjectTransfers is now deprecated and will be removed in v1."
2026-06-12T15:58:53.774445394Z I0612 15:58:53.774332      43 warnings.go:107] "Warning: v1 Endpoints is deprecated in v1.33+; use discovery.k8s.io/v1 EndpointSlice"
2026-06-12T16:01:38.004368943Z I0612 16:01:38.004235      43 warnings.go:107] "Warning: v1 Endpoints is deprecated in v1.33+; use discovery.k8s.io/v1 EndpointSlice"
2026-06-12T16:03:08.663695612Z I0612 16:03:08.663539      43 warnings.go:107] "Warning: kubevirt.io/v1 VirtualMachineInstancePresets is now deprecated and will be removed in v2."
2026-06-12T16:04:28.775501519Z I0612 16:04:28.775391      43 warnings.go:107] "Warning: v1 Endpoints is deprecated in v1.33+; use discovery.k8s.io/v1 EndpointSlice"
2026-06-12T16:06:15.665460211Z I0612 16:06:15.665349      43 warnings.go:107] "Warning: cdi.kubevirt.io/v1beta1 ObjectTransfers is now deprecated and will be removed in v1."
2026-06-12T16:09:54.777202248Z I0612 16:09:54.777072      43 warnings.go:107] "Warning: v1 Endpoints is deprecated in v1.33+; use discovery.k8s.io/v1 EndpointSlice"
2026-06-12T16:11:03.664926771Z I0612 16:11:03.664785      43 warnings.go:107] "Warning: kubevirt.io/v1 VirtualMachineInstancePresets is now deprecated and will be removed in v2."
2026-06-12T16:11:25.005695087Z I0612 16:11:25.005520      43 warnings.go:107] "Warning: v1 Endpoints is deprecated in v1.33+; use discovery.k8s.io/v1 EndpointSlice"
2026-06-12T16:13:18.667238411Z I0612 16:13:18.667108      43 warnings.go:107] "Warning: cdi.kubevirt.io/v1beta1 ObjectTransfers is now deprecated and will be removed in v1."
2026-06-12T16:17:29.007216091Z I0612 16:17:29.007081      43 warnings.go:107] "Warning: v1 Endpoints is deprecated in v1.33+; use discovery.k8s.io/v1 EndpointSlice"
2026-06-12T16:19:28.665872440Z I0612 16:19:28.665751      43 warnings.go:107] "Warning: kubevirt.io/v1 VirtualMachineInstancePresets is now deprecated and will be removed in v2."
2026-06-12T16:19:43.779123989Z I0612 16:19:43.779007      43 warnings.go:107] "Warning: v1 Endpoints is deprecated in v1.33+; use discovery.k8s.io/v1 EndpointSlice"
2026-06-12T16:22:15.668908997Z I0612 16:22:15.668787      43 warnings.go:107] "Warning: cdi.kubevirt.io/v1beta1 ObjectTransfers is now deprecated and will be removed in v1."
2026-06-12T16:22:44.009082934Z I0612 16:22:44.008964      43 warnings.go:107] "Warning: v1 Endpoints is deprecated in v1.33+; use discovery.k8s.io/v1 EndpointSlice"
2026-06-12T16:28:09.666745274Z I0612 16:28:09.666582      43 warnings.go:107] "Warning: kubevirt.io/v1 VirtualMachineInstancePresets is now deprecated and will be removed in v2."
2026-06-12T16:28:18.670025198Z I0612 16:28:18.669906      43 warnings.go:107] "Warning: cdi.kubevirt.io/v1beta1 ObjectTransfers is now deprecated and will be removed in v1."
2026-06-12T16:29:04.780220266Z I0612 16:29:04.780098      43 warnings.go:107] "Warning: v1 Endpoints is deprecated in v1.33+; use discovery.k8s.io/v1 EndpointSlice"
2026-06-12T16:31:04.010725131Z I0612 16:31:04.010557      43 warnings.go:107] "Warning: v1 Endpoints is deprecated in v1.33+; use discovery.k8s.io/v1 EndpointSlice"
2026-06-12T16:36:05.932682274Z 2026/06/12 16:36:05 [ERROR] watcher channel closed
2026-06-12T16:36:15.933392509Z 2026/06/12 16:36:15 [INFO] starting imperative api cert rotator
2026-06-12T16:36:15.939225003Z 2026/06/12 16:36:15 [INFO] imperative api APIService cert updated
2026-06-12T16:36:26.668492455Z I0612 16:36:26.668386      43 warnings.go:107] "Warning: kubevirt.io/v1 VirtualMachineInstancePresets is now deprecated and will be removed in v2."
2026-06-12T16:37:02.672171205Z I0612 16:37:02.672078      43 warnings.go:107] "Warning: cdi.kubevirt.io/v1beta1 ObjectTransfers is now deprecated and will be removed in v1."
2026-06-12T16:37:57.781926587Z I0612 16:37:57.781802      43 warnings.go:107] "Warning: v1 Endpoints is deprecated in v1.33+; use discovery.k8s.io/v1 EndpointSlice"
2026-06-12T16:41:02.012023029Z I0612 16:41:02.011880      43 warnings.go:107] "Warning: v1 Endpoints is deprecated in v1.33+; use discovery.k8s.io/v1 EndpointSlice"
2026-06-12T16:43:32.673717623Z I0612 16:43:32.673588      43 warnings.go:107] "Warning: cdi.kubevirt.io/v1beta1 ObjectTransfers is now deprecated and will be removed in v1."
2026-06-12T16:43:45.670550843Z I0612 16:43:45.670353      43 warnings.go:107] "Warning: kubevirt.io/v1 VirtualMachineInstancePresets is now deprecated and will be removed in v2."
2026-06-12T16:44:31.367993284Z 2026/06/12 16:44:31 [INFO] Downloading repo index from http://harvester-cluster-repo.cattle-system/charts/index.yaml
2026-06-12T16:44:31.368084025Z 2026/06/12 16:44:31 [INFO] Downloading repo index from https://releases.rancher.com/server-charts/stable/index.yaml
2026-06-12T16:44:31.402435959Z 2026/06/12 16:44:31 [INFO] Skipping handler for clusterrepo harvester-charts. NumberOfRetries is 0, MaxRetry is 3, ClusterRepo Generation is 1, ObservedGeneration is 1, LastUpdated plus interval is 2026-06-12 17:44:31 +0000 UTC, now is 2026-06-12 16:44:31.399771555 +0000 UTC
2026-06-12T16:44:31.406660232Z 2026/06/12 16:44:31 [INFO] Skipping handler for clusterrepo rancher-partner-charts. NumberOfRetries is 0, MaxRetry is 3, ClusterRepo Generation is 1, ObservedGeneration is 1, LastUpdated plus interval is 2026-06-12 17:44:31 +0000 UTC, now is 2026-06-12 16:44:31.404145818 +0000 UTC
2026-06-12T16:44:31.677744448Z 2026/06/12 16:44:31 [INFO] Skipping handler for clusterrepo rancher-stable. NumberOfRetries is 0, MaxRetry is 3, ClusterRepo Generation is 1, ObservedGeneration is 1, LastUpdated plus interval is 2026-06-12 17:44:31 +0000 UTC, now is 2026-06-12 16:44:31.674978504 +0000 UTC
2026-06-12T16:44:31.768898672Z 2026/06/12 16:44:31 [INFO] Skipping handler for clusterrepo rancher-rke2-charts. NumberOfRetries is 0, MaxRetry is 3, ClusterRepo Generation is 1, ObservedGeneration is 1, LastUpdated plus interval is 2026-06-12 17:44:31 +0000 UTC, now is 2026-06-12 16:44:31.75868551 +0000 UTC
2026-06-12T16:45:19.613101873Z 2026/06/12 16:45:19 [INFO] Skipping handler for clusterrepo rancher-charts. NumberOfRetries is 0, MaxRetry is 3, ClusterRepo Generation is 1, ObservedGeneration is 1, LastUpdated plus interval is 2026-06-12 16:45:20 +0000 UTC, now is 2026-06-12 16:45:19.610124822 +0000 UTC
2026-06-12T16:46:17.783830167Z I0612 16:46:17.783685      43 warnings.go:107] "Warning: v1 Endpoints is deprecated in v1.33+; use discovery.k8s.io/v1 EndpointSlice"
2026-06-12T16:47:13.013610682Z I0612 16:47:13.013487      43 warnings.go:107] "Warning: v1 Endpoints is deprecated in v1.33+; use discovery.k8s.io/v1 EndpointSlice"
2026-06-12T16:51:59.672486679Z I0612 16:51:59.672357      43 warnings.go:107] "Warning: kubevirt.io/v1 VirtualMachineInstancePresets is now deprecated and will be removed in v2."
2026-06-12T16:52:17.674989257Z I0612 16:52:17.674839      43 warnings.go:107] "Warning: cdi.kubevirt.io/v1beta1 ObjectTransfers is now deprecated and will be removed in v1."
2026-06-12T16:54:55.785163635Z I0612 16:54:55.785050      43 warnings.go:107] "Warning: v1 Endpoints is deprecated in v1.33+; use discovery.k8s.io/v1 EndpointSlice"
2026-06-12T16:56:01.015101758Z I0612 16:56:01.014967      43 warnings.go:107] "Warning: v1 Endpoints is deprecated in v1.33+; use discovery.k8s.io/v1 EndpointSlice"
2026-06-12T16:58:22.674755357Z I0612 16:58:22.674553      43 warnings.go:107] "Warning: kubevirt.io/v1 VirtualMachineInstancePresets is now deprecated and will be removed in v2."
2026-06-12T16:59:29.676789487Z I0612 16:59:29.676629      43 warnings.go:107] "Warning: cdi.kubevirt.io/v1beta1 ObjectTransfers is now deprecated and will be removed in v1."
2026-06-12T17:04:40.786772620Z I0612 17:04:40.786560      43 warnings.go:107] "Warning: v1 Endpoints is deprecated in v1.33+; use discovery.k8s.io/v1 EndpointSlice"
2026-06-12T17:05:27.016966541Z I0612 17:05:27.016824      43 warnings.go:107] "Warning: v1 Endpoints is deprecated in v1.33+; use discovery.k8s.io/v1 EndpointSlice"
2026-06-12T17:05:32.675932997Z I0612 17:05:32.675804      43 warnings.go:107] "Warning: kubevirt.io/v1 VirtualMachineInstancePresets is now deprecated and will be removed in v2."
2026-06-12T17:08:30.678161545Z I0612 17:08:30.678029      43 warnings.go:107] "Warning: cdi.kubevirt.io/v1beta1 ObjectTransfers is now deprecated and will be removed in v1."
2026-06-12T17:10:16.787866742Z I0612 17:10:16.787754      43 warnings.go:107] "Warning: v1 Endpoints is deprecated in v1.33+; use discovery.k8s.io/v1 EndpointSlice"
2026-06-12T17:13:09.018550060Z I0612 17:13:09.018461      43 warnings.go:107] "Warning: v1 Endpoints is deprecated in v1.33+; use discovery.k8s.io/v1 EndpointSlice"
2026-06-12T17:14:19.680065270Z I0612 17:14:19.679923      43 warnings.go:107] "Warning: cdi.kubevirt.io/v1beta1 ObjectTransfers is now deprecated and will be removed in v1."
2026-06-12T17:15:20.678063910Z I0612 17:15:20.677900      43 warnings.go:107] "Warning: kubevirt.io/v1 VirtualMachineInstancePresets is now deprecated and will be removed in v2."
2026-06-12T17:16:43.493688829Z 2026/06/12 17:16:43 [ERROR] watcher channel closed
2026-06-12T17:16:53.494704384Z 2026/06/12 17:16:53 [INFO] starting imperative api cert rotator
2026-06-12T17:16:53.500009001Z 2026/06/12 17:16:53 [INFO] imperative api APIService cert updated
2026-06-12T17:17:55.790026720Z I0612 17:17:55.789884      43 warnings.go:107] "Warning: v1 Endpoints is deprecated in v1.33+; use discovery.k8s.io/v1 EndpointSlice"
2026-06-12T17:18:26.019883235Z I0612 17:18:26.019797      43 warnings.go:107] "Warning: v1 Endpoints is deprecated in v1.33+; use discovery.k8s.io/v1 EndpointSlice"
2026-06-12T17:20:45.682148962Z I0612 17:20:45.681986      43 warnings.go:107] "Warning: cdi.kubevirt.io/v1beta1 ObjectTransfers is now deprecated and will be removed in v1."
2026-06-12T17:23:47.021368416Z I0612 17:23:47.021258      43 warnings.go:107] "Warning: v1 Endpoints is deprecated in v1.33+; use discovery.k8s.io/v1 EndpointSlice"
2026-06-12T17:24:57.679598034Z I0612 17:24:57.679453      43 warnings.go:107] "Warning: kubevirt.io/v1 VirtualMachineInstancePresets is now deprecated and will be removed in v2."
2026-06-12T17:27:38.791893351Z I0612 17:27:38.791788      43 warnings.go:107] "Warning: v1 Endpoints is deprecated in v1.33+; use discovery.k8s.io/v1 EndpointSlice"
2026-06-12T17:28:48.683509893Z I0612 17:28:48.683423      43 warnings.go:107] "Warning: cdi.kubevirt.io/v1beta1 ObjectTransfers is now deprecated and will be removed in v1."
2026-06-12T17:30:49.680469988Z I0612 17:30:49.680329      43 warnings.go:107] "Warning: kubevirt.io/v1 VirtualMachineInstancePresets is now deprecated and will be removed in v2."
2026-06-12T17:32:55.793509834Z I0612 17:32:55.793374      43 warnings.go:107] "Warning: v1 Endpoints is deprecated in v1.33+; use discovery.k8s.io/v1 EndpointSlice"
2026-06-12T17:33:22.023345950Z I0612 17:33:22.023228      43 warnings.go:107] "Warning: v1 Endpoints is deprecated in v1.33+; use discovery.k8s.io/v1 EndpointSlice"
2026-06-12T17:36:24.685102523Z I0612 17:36:24.685001      43 warnings.go:107] "Warning: cdi.kubevirt.io/v1beta1 ObjectTransfers is now deprecated and will be removed in v1."
2026-06-12T17:38:39.681576104Z I0612 17:38:39.681471      43 warnings.go:107] "Warning: kubevirt.io/v1 VirtualMachineInstancePresets is now deprecated and will be removed in v2."
2026-06-12T17:39:05.795528506Z I0612 17:39:05.795340      43 warnings.go:107] "Warning: v1 Endpoints is deprecated in v1.33+; use discovery.k8s.io/v1 EndpointSlice"
2026-06-12T17:41:21.025787232Z I0612 17:41:21.025692      43 warnings.go:107] "Warning: v1 Endpoints is deprecated in v1.33+; use discovery.k8s.io/v1 EndpointSlice"
2026-06-12T17:42:45.686592770Z I0612 17:42:45.686450      43 warnings.go:107] "Warning: cdi.kubevirt.io/v1beta1 ObjectTransfers is now deprecated and will be removed in v1."
2026-06-12T17:44:31.367843279Z 2026/06/12 17:44:31 [INFO] Downloading repo index from https://releases.rancher.com/server-charts/stable/index.yaml
2026-06-12T17:44:31.368015045Z 2026/06/12 17:44:31 [INFO] Downloading repo index from http://harvester-cluster-repo.cattle-system/charts/index.yaml
2026-06-12T17:44:31.392494467Z 2026/06/12 17:44:31 [INFO] Skipping handler for clusterrepo harvester-charts. NumberOfRetries is 0, MaxRetry is 3, ClusterRepo Generation is 1, ObservedGeneration is 1, LastUpdated plus interval is 2026-06-12 18:44:31 +0000 UTC, now is 2026-06-12 17:44:31.389960855 +0000 UTC
2026-06-12T17:44:31.420687379Z 2026/06/12 17:44:31 [INFO] Skipping handler for clusterrepo rancher-partner-charts. NumberOfRetries is 0, MaxRetry is 3, ClusterRepo Generation is 1, ObservedGeneration is 1, LastUpdated plus interval is 2026-06-12 18:44:31 +0000 UTC, now is 2026-06-12 17:44:31.417568032 +0000 UTC
2026-06-12T17:44:31.656486954Z 2026/06/12 17:44:31 [INFO] Skipping handler for clusterrepo rancher-stable. NumberOfRetries is 0, MaxRetry is 3, ClusterRepo Generation is 1, ObservedGeneration is 1, LastUpdated plus interval is 2026-06-12 18:44:31 +0000 UTC, now is 2026-06-12 17:44:31.653648896 +0000 UTC
2026-06-12T17:44:31.718236687Z 2026/06/12 17:44:31 [INFO] Skipping handler for clusterrepo rancher-rke2-charts. NumberOfRetries is 0, MaxRetry is 3, ClusterRepo Generation is 1, ObservedGeneration is 1, LastUpdated plus interval is 2026-06-12 18:44:31 +0000 UTC, now is 2026-06-12 17:44:31.713728635 +0000 UTC
2026-06-12T17:45:20.095313735Z 2026/06/12 17:45:20 [INFO] Skipping handler for clusterrepo rancher-charts. NumberOfRetries is 0, MaxRetry is 3, ClusterRepo Generation is 1, ObservedGeneration is 1, LastUpdated plus interval is 2026-06-12 18:45:20 +0000 UTC, now is 2026-06-12 17:45:20.091912628 +0000 UTC
2026-06-12T17:45:41.682876460Z I0612 17:45:41.682770      43 warnings.go:107] "Warning: kubevirt.io/v1 VirtualMachineInstancePresets is now deprecated and will be removed in v2."
2026-06-12T17:46:28.797152875Z I0612 17:46:28.797025      43 warnings.go:107] "Warning: v1 Endpoints is deprecated in v1.33+; use discovery.k8s.io/v1 EndpointSlice"
2026-06-12T17:48:20.027463659Z I0612 17:48:20.027329      43 warnings.go:107] "Warning: v1 Endpoints is deprecated in v1.33+; use discovery.k8s.io/v1 EndpointSlice"
2026-06-12T17:50:54.688130712Z I0612 17:50:54.688034      43 warnings.go:107] "Warning: cdi.kubevirt.io/v1beta1 ObjectTransfers is now deprecated and will be removed in v1."
2026-06-12T17:51:25.683841088Z I0612 17:51:25.683683      43 warnings.go:107] "Warning: kubevirt.io/v1 VirtualMachineInstancePresets is now deprecated and will be removed in v2."
2026-06-12T17:54:43.798964939Z I0612 17:54:43.798847      43 warnings.go:107] "Warning: v1 Endpoints is deprecated in v1.33+; use discovery.k8s.io/v1 EndpointSlice"
2026-06-12T17:56:01.689282508Z I0612 17:56:01.689146      43 warnings.go:107] "Warning: cdi.kubevirt.io/v1beta1 ObjectTransfers is now deprecated and will be removed in v1."
2026-06-12T17:57:12.029794107Z I0612 17:57:12.029634      43 warnings.go:107] "Warning: v1 Endpoints is deprecated in v1.33+; use discovery.k8s.io/v1 EndpointSlice"
2026-06-12T17:58:37.685368364Z I0612 17:58:37.685255      43 warnings.go:107] "Warning: kubevirt.io/v1 VirtualMachineInstancePresets is now deprecated and will be removed in v2."
2026-06-12T18:02:41.691167941Z I0612 18:02:41.691061      43 warnings.go:107] "Warning: cdi.kubevirt.io/v1beta1 ObjectTransfers is now deprecated and will be removed in v1."
2026-06-12T18:03:14.800538952Z I0612 18:03:14.800420      43 warnings.go:107] "Warning: v1 Endpoints is deprecated in v1.33+; use discovery.k8s.io/v1 EndpointSlice"
2026-06-12T18:03:32.030777271Z 2026/06/12 18:03:32 [ERROR] watcher channel closed
2026-06-12T18:03:33.031091059Z I0612 18:03:33.030945      43 warnings.go:107] "Warning: v1 Endpoints is deprecated in v1.33+; use discovery.k8s.io/v1 EndpointSlice"
2026-06-12T18:03:42.031817675Z 2026/06/12 18:03:42 [INFO] starting imperative api cert rotator
2026-06-12T18:03:42.036530216Z 2026/06/12 18:03:42 [INFO] imperative api APIService cert updated
2026-06-12T18:05:50.687201145Z I0612 18:05:50.687067      43 warnings.go:107] "Warning: kubevirt.io/v1 VirtualMachineInstancePresets is now deprecated and will be removed in v2."
2026-06-12T18:10:17.692710045Z I0612 18:10:17.692548      43 warnings.go:107] "Warning: cdi.kubevirt.io/v1beta1 ObjectTransfers is now deprecated and will be removed in v1."
2026-06-12T18:10:23.802331979Z I0612 18:10:23.802184      43 warnings.go:107] "Warning: v1 Endpoints is deprecated in v1.33+; use discovery.k8s.io/v1 EndpointSlice"
2026-06-12T18:11:24.033326427Z I0612 18:11:24.033219      43 warnings.go:107] "Warning: v1 Endpoints is deprecated in v1.33+; use discovery.k8s.io/v1 EndpointSlice"
2026-06-12T18:15:24.688791359Z I0612 18:15:24.688617      43 warnings.go:107] "Warning: kubevirt.io/v1 VirtualMachineInstancePresets is now deprecated and will be removed in v2."
2026-06-12T18:16:31.694377406Z I0612 18:16:31.694250      43 warnings.go:107] "Warning: cdi.kubevirt.io/v1beta1 ObjectTransfers is now deprecated and will be removed in v1."
2026-06-12T18:17:53.803935623Z I0612 18:17:53.803835      43 warnings.go:107] "Warning: v1 Endpoints is deprecated in v1.33+; use discovery.k8s.io/v1 EndpointSlice"
2026-06-12T18:17:54.034830641Z I0612 18:17:54.034735      43 warnings.go:107] "Warning: v1 Endpoints is deprecated in v1.33+; use discovery.k8s.io/v1 EndpointSlice"
2026-06-12T18:20:28.690894381Z I0612 18:20:28.690794      43 warnings.go:107] "Warning: kubevirt.io/v1 VirtualMachineInstancePresets is now deprecated and will be removed in v2."
2026-06-12T18:23:15.696022516Z I0612 18:23:15.695860      43 warnings.go:107] "Warning: cdi.kubevirt.io/v1beta1 ObjectTransfers is now deprecated and will be removed in v1."
2026-06-12T18:23:30.036876502Z I0612 18:23:30.036765      43 warnings.go:107] "Warning: v1 Endpoints is deprecated in v1.33+; use discovery.k8s.io/v1 EndpointSlice"
2026-06-12T18:24:27.805269423Z I0612 18:24:27.805138      43 warnings.go:107] "Warning: v1 Endpoints is deprecated in v1.33+; use discovery.k8s.io/v1 EndpointSlice"
2026-06-12T18:26:05.692452922Z I0612 18:26:05.692313      43 warnings.go:107] "Warning: kubevirt.io/v1 VirtualMachineInstancePresets is now deprecated and will be removed in v2."
2026-06-12T18:28:24.698190843Z I0612 18:28:24.698067      43 warnings.go:107] "Warning: cdi.kubevirt.io/v1beta1 ObjectTransfers is now deprecated and will be removed in v1."
2026-06-12T18:32:56.038385777Z I0612 18:32:56.038307      43 warnings.go:107] "Warning: v1 Endpoints is deprecated in v1.33+; use discovery.k8s.io/v1 EndpointSlice"
2026-06-12T18:33:31.806413543Z I0612 18:33:31.806273      43 warnings.go:107] "Warning: v1 Endpoints is deprecated in v1.33+; use discovery.k8s.io/v1 EndpointSlice"
2026-06-12T18:35:50.694193923Z I0612 18:35:50.694046      43 warnings.go:107] "Warning: kubevirt.io/v1 VirtualMachineInstancePresets is now deprecated and will be removed in v2."
2026-06-12T18:36:32.699370118Z I0612 18:36:32.699247      43 warnings.go:107] "Warning: cdi.kubevirt.io/v1beta1 ObjectTransfers is now deprecated and will be removed in v1."
2026-06-12T18:41:40.040389879Z I0612 18:41:40.040303      43 warnings.go:107] "Warning: v1 Endpoints is deprecated in v1.33+; use discovery.k8s.io/v1 EndpointSlice"
2026-06-12T18:43:21.807811557Z I0612 18:43:21.807678      43 warnings.go:107] "Warning: v1 Endpoints is deprecated in v1.33+; use discovery.k8s.io/v1 EndpointSlice"
2026-06-12T18:44:31.369363498Z 2026/06/12 18:44:31 [INFO] Downloading repo index from http://harvester-cluster-repo.cattle-system/charts/index.yaml
2026-06-12T18:44:31.369728178Z 2026/06/12 18:44:31 [INFO] Downloading repo index from https://releases.rancher.com/server-charts/stable/index.yaml
2026-06-12T18:44:31.394745807Z 2026/06/12 18:44:31 [INFO] Skipping handler for clusterrepo harvester-charts. NumberOfRetries is 0, MaxRetry is 3, ClusterRepo Generation is 1, ObservedGeneration is 1, LastUpdated plus interval is 2026-06-12 19:44:31 +0000 UTC, now is 2026-06-12 18:44:31.391272746 +0000 UTC
2026-06-12T18:44:31.410242597Z 2026/06/12 18:44:31 [INFO] Skipping handler for clusterrepo rancher-partner-charts. NumberOfRetries is 0, MaxRetry is 3, ClusterRepo Generation is 1, ObservedGeneration is 1, LastUpdated plus interval is 2026-06-12 19:44:31 +0000 UTC, now is 2026-06-12 18:44:31.407153199 +0000 UTC
2026-06-12T18:44:31.595014253Z 2026/06/12 18:44:31 [INFO] Skipping handler for clusterrepo rancher-stable. NumberOfRetries is 0, MaxRetry is 3, ClusterRepo Generation is 1, ObservedGeneration is 1, LastUpdated plus interval is 2026-06-12 19:44:31 +0000 UTC, now is 2026-06-12 18:44:31.588009394 +0000 UTC
2026-06-12T18:44:31.724713276Z 2026/06/12 18:44:31 [INFO] Skipping handler for clusterrepo rancher-rke2-charts. NumberOfRetries is 0, MaxRetry is 3, ClusterRepo Generation is 1, ObservedGeneration is 1, LastUpdated plus interval is 2026-06-12 19:44:31 +0000 UTC, now is 2026-06-12 18:44:31.720942623 +0000 UTC
2026-06-12T18:45:03.696052138Z I0612 18:45:03.695908      43 warnings.go:107] "Warning: kubevirt.io/v1 VirtualMachineInstancePresets is now deprecated and will be removed in v2."
2026-06-12T18:45:08.700677441Z I0612 18:45:08.700553      43 warnings.go:107] "Warning: cdi.kubevirt.io/v1beta1 ObjectTransfers is now deprecated and will be removed in v1."
2026-06-12T18:45:19.615098852Z 2026/06/12 18:45:19 [INFO] Skipping handler for clusterrepo rancher-charts. NumberOfRetries is 0, MaxRetry is 3, ClusterRepo Generation is 1, ObservedGeneration is 1, LastUpdated plus interval is 2026-06-12 18:45:20 +0000 UTC, now is 2026-06-12 18:45:19.612254553 +0000 UTC
2026-06-12T18:49:55.808980017Z I0612 18:49:55.808864      43 warnings.go:107] "Warning: v1 Endpoints is deprecated in v1.33+; use discovery.k8s.io/v1 EndpointSlice"
2026-06-12T18:50:47.042374236Z I0612 18:50:47.042228      43 warnings.go:107] "Warning: v1 Endpoints is deprecated in v1.33+; use discovery.k8s.io/v1 EndpointSlice"
2026-06-12T18:53:30.697715793Z I0612 18:53:30.697538      43 warnings.go:107] "Warning: kubevirt.io/v1 VirtualMachineInstancePresets is now deprecated and will be removed in v2."
2026-06-12T18:53:37.228150582Z 2026/06/12 18:53:37 [ERROR] watcher channel closed
2026-06-12T18:53:47.228271325Z 2026/06/12 18:53:47 [INFO] starting imperative api cert rotator
2026-06-12T18:53:47.233438001Z 2026/06/12 18:53:47 [INFO] imperative api APIService cert updated
2026-06-12T18:54:38.702004782Z I0612 18:54:38.701887      43 warnings.go:107] "Warning: cdi.kubevirt.io/v1beta1 ObjectTransfers is now deprecated and will be removed in v1."
2026-06-12T18:56:16.810679207Z I0612 18:56:16.810511      43 warnings.go:107] "Warning: v1 Endpoints is deprecated in v1.33+; use discovery.k8s.io/v1 EndpointSlice"
2026-06-12T18:59:22.044463405Z I0612 18:59:22.044340      43 warnings.go:107] "Warning: v1 Endpoints is deprecated in v1.33+; use discovery.k8s.io/v1 EndpointSlice"
2026-06-12T19:01:46.699205412Z I0612 19:01:46.699115      43 warnings.go:107] "Warning: kubevirt.io/v1 VirtualMachineInstancePresets is now deprecated and will be removed in v2."
2026-06-12T19:01:50.812428935Z I0612 19:01:50.812276      43 warnings.go:107] "Warning: v1 Endpoints is deprecated in v1.33+; use discovery.k8s.io/v1 EndpointSlice"
2026-06-12T19:04:07.703117084Z I0612 19:04:07.703016      43 warnings.go:107] "Warning: cdi.kubevirt.io/v1beta1 ObjectTransfers is now deprecated and will be removed in v1."
2026-06-12T19:09:16.045991673Z I0612 19:09:16.045872      43 warnings.go:107] "Warning: v1 Endpoints is deprecated in v1.33+; use discovery.k8s.io/v1 EndpointSlice"
2026-06-12T19:11:07.813802951Z I0612 19:11:07.813694      43 warnings.go:107] "Warning: v1 Endpoints is deprecated in v1.33+; use discovery.k8s.io/v1 EndpointSlice"
2026-06-12T19:11:08.704867788Z I0612 19:11:08.704734      43 warnings.go:107] "Warning: cdi.kubevirt.io/v1beta1 ObjectTransfers is now deprecated and will be removed in v1."
2026-06-12T19:11:09.700508814Z I0612 19:11:09.700395      43 warnings.go:107] "Warning: kubevirt.io/v1 VirtualMachineInstancePresets is now deprecated and will be removed in v2."
2026-06-12T19:16:06.047008568Z I0612 19:16:06.046922      43 warnings.go:107] "Warning: v1 Endpoints is deprecated in v1.33+; use discovery.k8s.io/v1 EndpointSlice"
2026-06-12T19:17:15.816083534Z I0612 19:17:15.815910      43 warnings.go:107] "Warning: v1 Endpoints is deprecated in v1.33+; use discovery.k8s.io/v1 EndpointSlice"
2026-06-12T19:19:37.702135972Z I0612 19:19:37.701990      43 warnings.go:107] "Warning: kubevirt.io/v1 VirtualMachineInstancePresets is now deprecated and will be removed in v2."
2026-06-12T19:20:43.706473722Z I0612 19:20:43.706342      43 warnings.go:107] "Warning: cdi.kubevirt.io/v1beta1 ObjectTransfers is now deprecated and will be removed in v1."
2026-06-12T19:23:50.817435446Z I0612 19:23:50.817319      43 warnings.go:107] "Warning: v1 Endpoints is deprecated in v1.33+; use discovery.k8s.io/v1 EndpointSlice"
2026-06-12T19:23:58.048428312Z I0612 19:23:58.048305      43 warnings.go:107] "Warning: v1 Endpoints is deprecated in v1.33+; use discovery.k8s.io/v1 EndpointSlice"
2026-06-12T19:27:36.703244636Z I0612 19:27:36.703170      43 warnings.go:107] "Warning: kubevirt.io/v1 VirtualMachineInstancePresets is now deprecated and will be removed in v2."
2026-06-12T19:28:44.708088990Z I0612 19:28:44.707926      43 warnings.go:107] "Warning: cdi.kubevirt.io/v1beta1 ObjectTransfers is now deprecated and will be removed in v1."
2026-06-12T19:29:20.819250382Z I0612 19:29:20.819143      43 warnings.go:107] "Warning: v1 Endpoints is deprecated in v1.33+; use discovery.k8s.io/v1 EndpointSlice"
2026-06-12T19:32:59.704295674Z I0612 19:32:59.704201      43 warnings.go:107] "Warning: kubevirt.io/v1 VirtualMachineInstancePresets is now deprecated and will be removed in v2."
2026-06-12T19:33:01.049867206Z I0612 19:33:01.049766      43 warnings.go:107] "Warning: v1 Endpoints is deprecated in v1.33+; use discovery.k8s.io/v1 EndpointSlice"
2026-06-12T19:36:51.709970236Z I0612 19:36:51.709805      43 warnings.go:107] "Warning: cdi.kubevirt.io/v1beta1 ObjectTransfers is now deprecated and will be removed in v1."
2026-06-12T19:37:30.821096404Z I0612 19:37:30.820976      43 warnings.go:107] "Warning: v1 Endpoints is deprecated in v1.33+; use discovery.k8s.io/v1 EndpointSlice"
2026-06-12T19:38:06.706839625Z I0612 19:38:06.706666      43 warnings.go:107] "Warning: kubevirt.io/v1 VirtualMachineInstancePresets is now deprecated and will be removed in v2."
2026-06-12T19:39:43.051903167Z I0612 19:39:43.051806      43 warnings.go:107] "Warning: v1 Endpoints is deprecated in v1.33+; use discovery.k8s.io/v1 EndpointSlice"
2026-06-12T19:40:36.978002359Z 2026/06/12 19:40:36 [ERROR] watcher channel closed
2026-06-12T19:40:46.978871500Z 2026/06/12 19:40:46 [INFO] starting imperative api cert rotator
2026-06-12T19:40:46.987914920Z 2026/06/12 19:40:46 [INFO] imperative api APIService cert updated
2026-06-12T19:43:12.707790088Z I0612 19:43:12.707703      43 warnings.go:107] "Warning: kubevirt.io/v1 VirtualMachineInstancePresets is now deprecated and will be removed in v2."
2026-06-12T19:44:31.370901505Z 2026/06/12 19:44:31 [INFO] Downloading repo index from http://harvester-cluster-repo.cattle-system/charts/index.yaml
2026-06-12T19:44:31.371154242Z 2026/06/12 19:44:31 [INFO] Downloading repo index from https://releases.rancher.com/server-charts/stable/index.yaml
2026-06-12T19:44:31.404465116Z 2026/06/12 19:44:31 [INFO] Skipping handler for clusterrepo harvester-charts. NumberOfRetries is 0, MaxRetry is 3, ClusterRepo Generation is 1, ObservedGeneration is 1, LastUpdated plus interval is 2026-06-12 20:44:31 +0000 UTC, now is 2026-06-12 19:44:31.401723231 +0000 UTC
2026-06-12T19:44:31.408238578Z 2026/06/12 19:44:31 [INFO] Skipping handler for clusterrepo rancher-partner-charts. NumberOfRetries is 0, MaxRetry is 3, ClusterRepo Generation is 1, ObservedGeneration is 1, LastUpdated plus interval is 2026-06-12 20:44:31 +0000 UTC, now is 2026-06-12 19:44:31.405665971 +0000 UTC
2026-06-12T19:44:31.660746735Z 2026/06/12 19:44:31 [INFO] Skipping handler for clusterrepo rancher-stable. NumberOfRetries is 0, MaxRetry is 3, ClusterRepo Generation is 1, ObservedGeneration is 1, LastUpdated plus interval is 2026-06-12 20:44:31 +0000 UTC, now is 2026-06-12 19:44:31.657975428 +0000 UTC
2026-06-12T19:44:31.741417350Z 2026/06/12 19:44:31 [INFO] Skipping handler for clusterrepo rancher-rke2-charts. NumberOfRetries is 0, MaxRetry is 3, ClusterRepo Generation is 1, ObservedGeneration is 1, LastUpdated plus interval is 2026-06-12 20:44:31 +0000 UTC, now is 2026-06-12 19:44:31.733540594 +0000 UTC
2026-06-12T19:45:20.091538135Z 2026/06/12 19:45:20 [INFO] Skipping handler for clusterrepo rancher-charts. NumberOfRetries is 0, MaxRetry is 3, ClusterRepo Generation is 1, ObservedGeneration is 1, LastUpdated plus interval is 2026-06-12 20:45:20 +0000 UTC, now is 2026-06-12 19:45:20.088546517 +0000 UTC
2026-06-12T19:45:22.054001319Z I0612 19:45:22.053812      43 warnings.go:107] "Warning: v1 Endpoints is deprecated in v1.33+; use discovery.k8s.io/v1 EndpointSlice"
2026-06-12T19:45:41.822357053Z I0612 19:45:41.822208      43 warnings.go:107] "Warning: v1 Endpoints is deprecated in v1.33+; use discovery.k8s.io/v1 EndpointSlice"
2026-06-12T19:45:58.711803695Z I0612 19:45:58.711692      43 warnings.go:107] "Warning: cdi.kubevirt.io/v1beta1 ObjectTransfers is now deprecated and will be removed in v1."
2026-06-12T19:50:39.055668583Z I0612 19:50:39.055516      43 warnings.go:107] "Warning: v1 Endpoints is deprecated in v1.33+; use discovery.k8s.io/v1 EndpointSlice"
2026-06-12T19:51:41.709564167Z I0612 19:51:41.709437      43 warnings.go:107] "Warning: kubevirt.io/v1 VirtualMachineInstancePresets is now deprecated and will be removed in v2."
2026-06-12T19:53:10.713450946Z I0612 19:53:10.713278      43 warnings.go:107] "Warning: cdi.kubevirt.io/v1beta1 ObjectTransfers is now deprecated and will be removed in v1."
2026-06-12T19:55:18.824311216Z I0612 19:55:18.824184      43 warnings.go:107] "Warning: v1 Endpoints is deprecated in v1.33+; use discovery.k8s.io/v1 EndpointSlice"
2026-06-12T19:56:32.057482700Z I0612 19:56:32.057327      43 warnings.go:107] "Warning: v1 Endpoints is deprecated in v1.33+; use discovery.k8s.io/v1 EndpointSlice"
2026-06-12T20:00:54.711782516Z I0612 20:00:54.711578      43 warnings.go:107] "Warning: kubevirt.io/v1 VirtualMachineInstancePresets is now deprecated and will be removed in v2."
2026-06-12T20:02:25.059899076Z I0612 20:02:25.059739      43 warnings.go:107] "Warning: v1 Endpoints is deprecated in v1.33+; use discovery.k8s.io/v1 EndpointSlice"
2026-06-12T20:02:40.715414936Z I0612 20:02:40.715260      43 warnings.go:107] "Warning: cdi.kubevirt.io/v1beta1 ObjectTransfers is now deprecated and will be removed in v1."
2026-06-12T20:04:35.826376800Z I0612 20:04:35.826215      43 warnings.go:107] "Warning: v1 Endpoints is deprecated in v1.33+; use discovery.k8s.io/v1 EndpointSlice"
2026-06-12T20:06:00.713162256Z I0612 20:06:00.713048      43 warnings.go:107] "Warning: kubevirt.io/v1 VirtualMachineInstancePresets is now deprecated and will be removed in v2."
2026-06-12T20:10:32.827852758Z I0612 20:10:32.827680      43 warnings.go:107] "Warning: v1 Endpoints is deprecated in v1.33+; use discovery.k8s.io/v1 EndpointSlice"
2026-06-12T20:12:09.061214746Z I0612 20:12:09.061116      43 warnings.go:107] "Warning: v1 Endpoints is deprecated in v1.33+; use discovery.k8s.io/v1 EndpointSlice"
2026-06-12T20:12:36.716395229Z I0612 20:12:36.716250      43 warnings.go:107] "Warning: cdi.kubevirt.io/v1beta1 ObjectTransfers is now deprecated and will be removed in v1."
2026-06-12T20:13:06.714497117Z I0612 20:13:06.714362      43 warnings.go:107] "Warning: kubevirt.io/v1 VirtualMachineInstancePresets is now deprecated and will be removed in v2."
2026-06-12T20:16:44.829001633Z I0612 20:16:44.828794      43 warnings.go:107] "Warning: v1 Endpoints is deprecated in v1.33+; use discovery.k8s.io/v1 EndpointSlice"
2026-06-12T20:19:32.063188660Z I0612 20:19:32.063037      43 warnings.go:107] "Warning: v1 Endpoints is deprecated in v1.33+; use discovery.k8s.io/v1 EndpointSlice"
2026-06-12T20:20:29.718043436Z I0612 20:20:29.717912      43 warnings.go:107] "Warning: cdi.kubevirt.io/v1beta1 ObjectTransfers is now deprecated and will be removed in v1."
2026-06-12T20:22:00.830470367Z I0612 20:22:00.830370      43 warnings.go:107] "Warning: v1 Endpoints is deprecated in v1.33+; use discovery.k8s.io/v1 EndpointSlice"
2026-06-12T20:22:42.716352715Z I0612 20:22:42.716247      43 warnings.go:107] "Warning: kubevirt.io/v1 VirtualMachineInstancePresets is now deprecated and will be removed in v2."
2026-06-12T20:25:37.720078506Z I0612 20:25:37.719954      43 warnings.go:107] "Warning: cdi.kubevirt.io/v1beta1 ObjectTransfers is now deprecated and will be removed in v1."
2026-06-12T20:26:22.450313669Z 2026/06/12 20:26:22 [ERROR] watcher channel closed
2026-06-12T20:26:32.450335587Z 2026/06/12 20:26:32 [INFO] starting imperative api cert rotator
2026-06-12T20:26:32.456255669Z 2026/06/12 20:26:32 [INFO] imperative api APIService cert updated
2026-06-12T20:28:22.065269300Z I0612 20:28:22.065143      43 warnings.go:107] "Warning: v1 Endpoints is deprecated in v1.33+; use discovery.k8s.io/v1 EndpointSlice"
2026-06-12T20:29:57.717659932Z I0612 20:29:57.717540      43 warnings.go:107] "Warning: kubevirt.io/v1 VirtualMachineInstancePresets is now deprecated and will be removed in v2."
2026-06-12T20:31:35.832214001Z I0612 20:31:35.832091      43 warnings.go:107] "Warning: v1 Endpoints is deprecated in v1.33+; use discovery.k8s.io/v1 EndpointSlice"
2026-06-12T20:32:26.720900374Z I0612 20:32:26.720792      43 warnings.go:107] "Warning: cdi.kubevirt.io/v1beta1 ObjectTransfers is now deprecated and will be removed in v1."
2026-06-12T20:36:09.719580979Z I0612 20:36:09.719468      43 warnings.go:107] "Warning: kubevirt.io/v1 VirtualMachineInstancePresets is now deprecated and will be removed in v2."
2026-06-12T20:37:18.066368800Z I0612 20:37:18.066282      43 warnings.go:107] "Warning: v1 Endpoints is deprecated in v1.33+; use discovery.k8s.io/v1 EndpointSlice"
2026-06-12T20:38:05.833947002Z I0612 20:38:05.833824      43 warnings.go:107] "Warning: v1 Endpoints is deprecated in v1.33+; use discovery.k8s.io/v1 EndpointSlice"
2026-06-12T20:40:42.722072571Z I0612 20:40:42.721962      43 warnings.go:107] "Warning: cdi.kubevirt.io/v1beta1 ObjectTransfers is now deprecated and will be removed in v1."
2026-06-12T20:41:15.721365938Z I0612 20:41:15.721190      43 warnings.go:107] "Warning: kubevirt.io/v1 VirtualMachineInstancePresets is now deprecated and will be removed in v2."
2026-06-12T20:43:23.067812415Z I0612 20:43:23.067685      43 warnings.go:107] "Warning: v1 Endpoints is deprecated in v1.33+; use discovery.k8s.io/v1 EndpointSlice"
2026-06-12T20:44:30.948908608Z 2026/06/12 20:44:30 [INFO] Skipping handler for clusterrepo harvester-charts. NumberOfRetries is 0, MaxRetry is 3, ClusterRepo Generation is 1, ObservedGeneration is 1, LastUpdated plus interval is 2026-06-12 20:44:31 +0000 UTC, now is 2026-06-12 20:44:30.945479309 +0000 UTC
2026-06-12T20:44:30.949548245Z 2026/06/12 20:44:30 [INFO] Skipping handler for clusterrepo rancher-stable. NumberOfRetries is 0, MaxRetry is 3, ClusterRepo Generation is 1, ObservedGeneration is 1, LastUpdated plus interval is 2026-06-12 20:44:31 +0000 UTC, now is 2026-06-12 20:44:30.945866817 +0000 UTC
2026-06-12T20:44:30.951212570Z 2026/06/12 20:44:30 [INFO] Skipping handler for clusterrepo rancher-rke2-charts. NumberOfRetries is 0, MaxRetry is 3, ClusterRepo Generation is 1, ObservedGeneration is 1, LastUpdated plus interval is 2026-06-12 20:44:31 +0000 UTC, now is 2026-06-12 20:44:30.947885897 +0000 UTC
2026-06-12T20:44:30.952162605Z 2026/06/12 20:44:30 [INFO] Skipping handler for clusterrepo rancher-partner-charts. NumberOfRetries is 0, MaxRetry is 3, ClusterRepo Generation is 1, ObservedGeneration is 1, LastUpdated plus interval is 2026-06-12 20:44:31 +0000 UTC, now is 2026-06-12 20:44:30.949320205 +0000 UTC
2026-06-12T20:44:30.952239774Z 2026/06/12 20:44:30 [INFO] Skipping handler for clusterrepo rancher-charts. NumberOfRetries is 0, MaxRetry is 3, ClusterRepo Generation is 1, ObservedGeneration is 1, LastUpdated plus interval is 2026-06-12 20:45:20 +0000 UTC, now is 2026-06-12 20:44:30.949222223 +0000 UTC
2026-06-12T20:44:30.971196978Z 2026/06/12 20:44:30 [INFO] Skipping handler for clusterrepo rancher-charts. NumberOfRetries is 0, MaxRetry is 3, ClusterRepo Generation is 1, ObservedGeneration is 1, LastUpdated plus interval is 2026-06-12 20:45:20 +0000 UTC, now is 2026-06-12 20:44:30.968522501 +0000 UTC
2026-06-12T20:44:31.223293450Z 2026/06/12 20:44:31 [INFO] Skipping handler for clusterrepo rancher-charts. NumberOfRetries is 0, MaxRetry is 3, ClusterRepo Generation is 1, ObservedGeneration is 1, LastUpdated plus interval is 2026-06-12 20:45:20 +0000 UTC, now is 2026-06-12 20:44:31.219011266 +0000 UTC
2026-06-12T20:44:31.371173087Z 2026/06/12 20:44:31 [INFO] Downloading repo index from https://releases.rancher.com/server-charts/stable/index.yaml
2026-06-12T20:44:31.371553955Z 2026/06/12 20:44:31 [INFO] Downloading repo index from http://harvester-cluster-repo.cattle-system/charts/index.yaml
2026-06-12T20:44:31.409785365Z 2026/06/12 20:44:31 [INFO] Skipping handler for clusterrepo harvester-charts. NumberOfRetries is 0, MaxRetry is 3, ClusterRepo Generation is 1, ObservedGeneration is 1, LastUpdated plus interval is 2026-06-12 21:44:31 +0000 UTC, now is 2026-06-12 20:44:31.401664932 +0000 UTC
2026-06-12T20:44:31.415566677Z 2026/06/12 20:44:31 [INFO] Skipping handler for clusterrepo rancher-partner-charts. NumberOfRetries is 0, MaxRetry is 3, ClusterRepo Generation is 1, ObservedGeneration is 1, LastUpdated plus interval is 2026-06-12 21:44:31 +0000 UTC, now is 2026-06-12 20:44:31.412963266 +0000 UTC
2026-06-12T20:44:31.673250889Z 2026/06/12 20:44:31 [INFO] Skipping handler for clusterrepo rancher-stable. NumberOfRetries is 0, MaxRetry is 3, ClusterRepo Generation is 1, ObservedGeneration is 1, LastUpdated plus interval is 2026-06-12 21:44:31 +0000 UTC, now is 2026-06-12 20:44:31.670319259 +0000 UTC
2026-06-12T20:44:31.732154696Z 2026/06/12 20:44:31 [INFO] Skipping handler for clusterrepo rancher-rke2-charts. NumberOfRetries is 0, MaxRetry is 3, ClusterRepo Generation is 1, ObservedGeneration is 1, LastUpdated plus interval is 2026-06-12 21:44:31 +0000 UTC, now is 2026-06-12 20:44:31.729606077 +0000 UTC
2026-06-12T20:44:33.164521523Z I0612 20:44:33.164408      43 warnings.go:107] "Warning: v1 ComponentStatus is deprecated in v1.19+"
2026-06-12T20:44:33.172359334Z I0612 20:44:33.172248      43 warnings.go:107] "Warning: cdi.kubevirt.io/v1beta1 ObjectTransfers is now deprecated and will be removed in v1."
2026-06-12T20:44:33.176303038Z I0612 20:44:33.176231      43 warnings.go:107] "Warning: v1 Endpoints is deprecated in v1.33+; use discovery.k8s.io/v1 EndpointSlice"
2026-06-12T20:44:33.177701470Z I0612 20:44:33.177598      43 warnings.go:107] "Warning: kubevirt.io/v1 VirtualMachineInstancePresets is now deprecated and will be removed in v2."
2026-06-12T20:45:21.745106258Z I0612 20:45:21.744969      43 warnings.go:107] "Warning: v1 Endpoints is deprecated in v1.33+; use discovery.k8s.io/v1 EndpointSlice"
2026-06-12T20:45:21.749701566Z I0612 20:45:21.749580      43 warnings.go:107] "Warning: cdi.kubevirt.io/v1beta1 ObjectTransfers is now deprecated and will be removed in v1."
2026-06-12T20:45:21.783836314Z I0612 20:45:21.783722      43 warnings.go:107] "Warning: kubevirt.io/v1 VirtualMachineInstancePresets is now deprecated and will be removed in v2."
2026-06-12T20:45:21.807531981Z I0612 20:45:21.807419      43 warnings.go:107] "Warning: v1 ComponentStatus is deprecated in v1.19+"
2026-06-12T20:46:42.723284609Z I0612 20:46:42.723165      43 warnings.go:107] "Warning: cdi.kubevirt.io/v1beta1 ObjectTransfers is now deprecated and will be removed in v1."
2026-06-12T20:46:47.722583460Z I0612 20:46:47.722466      43 warnings.go:107] "Warning: kubevirt.io/v1 VirtualMachineInstancePresets is now deprecated and will be removed in v2."
2026-06-12T20:46:51.835064618Z I0612 20:46:51.834910      43 warnings.go:107] "Warning: v1 Endpoints is deprecated in v1.33+; use discovery.k8s.io/v1 EndpointSlice"
2026-06-12T20:50:47.069304130Z I0612 20:50:47.069114      43 warnings.go:107] "Warning: v1 Endpoints is deprecated in v1.33+; use discovery.k8s.io/v1 EndpointSlice"
2026-06-12T20:52:28.836791797Z I0612 20:52:28.836660      43 warnings.go:107] "Warning: v1 Endpoints is deprecated in v1.33+; use discovery.k8s.io/v1 EndpointSlice"
2026-06-12T20:52:50.723835241Z I0612 20:52:50.723713      43 warnings.go:107] "Warning: kubevirt.io/v1 VirtualMachineInstancePresets is now deprecated and will be removed in v2."
2026-06-12T20:53:56.725256777Z I0612 20:53:56.725127      43 warnings.go:107] "Warning: cdi.kubevirt.io/v1beta1 ObjectTransfers is now deprecated and will be removed in v1."
2026-06-12T20:57:07.070920009Z I0612 20:57:07.070780      43 warnings.go:107] "Warning: v1 Endpoints is deprecated in v1.33+; use discovery.k8s.io/v1 EndpointSlice"
2026-06-12T20:59:37.725517385Z I0612 20:59:37.725396      43 warnings.go:107] "Warning: kubevirt.io/v1 VirtualMachineInstancePresets is now deprecated and will be removed in v2."
2026-06-12T21:01:18.838670882Z I0612 21:01:18.838525      43 warnings.go:107] "Warning: v1 Endpoints is deprecated in v1.33+; use discovery.k8s.io/v1 EndpointSlice"
2026-06-12T21:01:44.726778619Z I0612 21:01:44.726615      43 warnings.go:107] "Warning: cdi.kubevirt.io/v1beta1 ObjectTransfers is now deprecated and will be removed in v1."
2026-06-12T21:05:55.072931327Z I0612 21:05:55.072776      43 warnings.go:107] "Warning: v1 Endpoints is deprecated in v1.33+; use discovery.k8s.io/v1 EndpointSlice"
2026-06-12T21:07:46.728672959Z I0612 21:07:46.728563      43 warnings.go:107] "Warning: cdi.kubevirt.io/v1beta1 ObjectTransfers is now deprecated and will be removed in v1."
2026-06-12T21:08:56.727607295Z I0612 21:08:56.727493      43 warnings.go:107] "Warning: kubevirt.io/v1 VirtualMachineInstancePresets is now deprecated and will be removed in v2."
2026-06-12T21:09:01.840195646Z I0612 21:09:01.840048      43 warnings.go:107] "Warning: v1 Endpoints is deprecated in v1.33+; use discovery.k8s.io/v1 EndpointSlice"
2026-06-12T21:12:07.566376873Z 2026/06/12 21:12:07 [ERROR] watcher channel closed
2026-06-12T21:12:17.566515727Z 2026/06/12 21:12:17 [INFO] starting imperative api cert rotator
2026-06-12T21:12:17.571545222Z 2026/06/12 21:12:17 [INFO] imperative api APIService cert updated
2026-06-12T21:13:24.730327530Z I0612 21:13:24.730217      43 warnings.go:107] "Warning: cdi.kubevirt.io/v1beta1 ObjectTransfers is now deprecated and will be removed in v1."
2026-06-12T21:13:47.074076147Z I0612 21:13:47.073921      43 warnings.go:107] "Warning: v1 Endpoints is deprecated in v1.33+; use discovery.k8s.io/v1 EndpointSlice"
2026-06-12T21:15:20.728940167Z I0612 21:15:20.728834      43 warnings.go:107] "Warning: kubevirt.io/v1 VirtualMachineInstancePresets is now deprecated and will be removed in v2."
2026-06-12T21:15:45.841779627Z I0612 21:15:45.841613      43 warnings.go:107] "Warning: v1 Endpoints is deprecated in v1.33+; use discovery.k8s.io/v1 EndpointSlice"
2026-06-12T21:19:46.731579091Z I0612 21:19:46.731428      43 warnings.go:107] "Warning: cdi.kubevirt.io/v1beta1 ObjectTransfers is now deprecated and will be removed in v1."
2026-06-12T21:21:47.842732819Z I0612 21:21:47.842595      43 warnings.go:107] "Warning: v1 Endpoints is deprecated in v1.33+; use discovery.k8s.io/v1 EndpointSlice"
2026-06-12T21:22:13.075676876Z I0612 21:22:13.075545      43 warnings.go:107] "Warning: v1 Endpoints is deprecated in v1.33+; use discovery.k8s.io/v1 EndpointSlice"
2026-06-12T21:24:58.730123068Z I0612 21:24:58.729964      43 warnings.go:107] "Warning: kubevirt.io/v1 VirtualMachineInstancePresets is now deprecated and will be removed in v2."
2026-06-12T21:28:49.732698853Z I0612 21:28:49.732535      43 warnings.go:107] "Warning: cdi.kubevirt.io/v1beta1 ObjectTransfers is now deprecated and will be removed in v1."
2026-06-12T21:30:52.077335297Z I0612 21:30:52.077221      43 warnings.go:107] "Warning: v1 Endpoints is deprecated in v1.33+; use discovery.k8s.io/v1 EndpointSlice"
2026-06-12T21:31:06.732001652Z I0612 21:31:06.731898      43 warnings.go:107] "Warning: kubevirt.io/v1 VirtualMachineInstancePresets is now deprecated and will be removed in v2."
2026-06-12T21:31:24.844879327Z I0612 21:31:24.844759      43 warnings.go:107] "Warning: v1 Endpoints is deprecated in v1.33+; use discovery.k8s.io/v1 EndpointSlice"
2026-06-12T21:34:23.742820430Z I0612 21:34:23.741770      43 warnings.go:107] "Warning: cdi.kubevirt.io/v1beta1 ObjectTransfers is now deprecated and will be removed in v1."
2026-06-12T21:36:59.732944604Z I0612 21:36:59.732850      43 warnings.go:107] "Warning: kubevirt.io/v1 VirtualMachineInstancePresets is now deprecated and will be removed in v2."
2026-06-12T21:38:45.846343557Z I0612 21:38:45.846226      43 warnings.go:107] "Warning: v1 Endpoints is deprecated in v1.33+; use discovery.k8s.io/v1 EndpointSlice"
2026-06-12T21:39:29.078453465Z I0612 21:39:29.078353      43 warnings.go:107] "Warning: v1 Endpoints is deprecated in v1.33+; use discovery.k8s.io/v1 EndpointSlice"
2026-06-12T21:41:26.743184808Z I0612 21:41:26.743095      43 warnings.go:107] "Warning: cdi.kubevirt.io/v1beta1 ObjectTransfers is now deprecated and will be removed in v1."
2026-06-12T21:42:36.734517378Z I0612 21:42:36.734367      43 warnings.go:107] "Warning: kubevirt.io/v1 VirtualMachineInstancePresets is now deprecated and will be removed in v2."
2026-06-12T21:44:31.371538767Z 2026/06/12 21:44:31 [INFO] Downloading repo index from https://releases.rancher.com/server-charts/stable/index.yaml
2026-06-12T21:44:31.371822160Z 2026/06/12 21:44:31 [INFO] Downloading repo index from http://harvester-cluster-repo.cattle-system/charts/index.yaml
2026-06-12T21:44:31.405413513Z 2026/06/12 21:44:31 [INFO] Skipping handler for clusterrepo harvester-charts. NumberOfRetries is 0, MaxRetry is 3, ClusterRepo Generation is 1, ObservedGeneration is 1, LastUpdated plus interval is 2026-06-12 22:44:31 +0000 UTC, now is 2026-06-12 21:44:31.402652368 +0000 UTC
2026-06-12T21:44:31.409493571Z 2026/06/12 21:44:31 [INFO] Skipping handler for clusterrepo rancher-partner-charts. NumberOfRetries is 0, MaxRetry is 3, ClusterRepo Generation is 1, ObservedGeneration is 1, LastUpdated plus interval is 2026-06-12 22:44:31 +0000 UTC, now is 2026-06-12 21:44:31.406989593 +0000 UTC
2026-06-12T21:44:31.640867928Z 2026/06/12 21:44:31 [INFO] Skipping handler for clusterrepo rancher-charts. NumberOfRetries is 0, MaxRetry is 3, ClusterRepo Generation is 1, ObservedGeneration is 1, LastUpdated plus interval is 2026-06-12 22:44:31 +0000 UTC, now is 2026-06-12 21:44:31.637872427 +0000 UTC
2026-06-12T21:44:31.749658226Z 2026/06/12 21:44:31 [INFO] Skipping handler for clusterrepo rancher-rke2-charts. NumberOfRetries is 0, MaxRetry is 3, ClusterRepo Generation is 1, ObservedGeneration is 1, LastUpdated plus interval is 2026-06-12 22:44:31 +0000 UTC, now is 2026-06-12 21:44:31.74667067 +0000 UTC
2026-06-12T21:44:31.773217895Z 2026/06/12 21:44:31 [INFO] Skipping handler for clusterrepo rancher-stable. NumberOfRetries is 0, MaxRetry is 3, ClusterRepo Generation is 1, ObservedGeneration is 1, LastUpdated plus interval is 2026-06-12 22:44:31 +0000 UTC, now is 2026-06-12 21:44:31.770435839 +0000 UTC
2026-06-12T21:44:47.848135523Z I0612 21:44:47.848027      43 warnings.go:107] "Warning: v1 Endpoints is deprecated in v1.33+; use discovery.k8s.io/v1 EndpointSlice"
2026-06-12T21:47:46.736251937Z I0612 21:47:46.736139      43 warnings.go:107] "Warning: kubevirt.io/v1 VirtualMachineInstancePresets is now deprecated and will be removed in v2."
2026-06-12T21:48:24.745202401Z I0612 21:48:24.745057      43 warnings.go:107] "Warning: cdi.kubevirt.io/v1beta1 ObjectTransfers is now deprecated and will be removed in v1."
2026-06-12T21:48:47.080004579Z I0612 21:48:47.079863      43 warnings.go:107] "Warning: v1 Endpoints is deprecated in v1.33+; use discovery.k8s.io/v1 EndpointSlice"
2026-06-12T21:51:02.850012352Z I0612 21:51:02.849859      43 warnings.go:107] "Warning: v1 Endpoints is deprecated in v1.33+; use discovery.k8s.io/v1 EndpointSlice"
2026-06-12T21:55:00.746792224Z I0612 21:55:00.746668      43 warnings.go:107] "Warning: cdi.kubevirt.io/v1beta1 ObjectTransfers is now deprecated and will be removed in v1."
2026-06-12T21:56:45.081835671Z I0612 21:56:45.081701      43 warnings.go:107] "Warning: v1 Endpoints is deprecated in v1.33+; use discovery.k8s.io/v1 EndpointSlice"
2026-06-12T21:57:02.737817706Z I0612 21:57:02.737678      43 warnings.go:107] "Warning: kubevirt.io/v1 VirtualMachineInstancePresets is now deprecated and will be removed in v2."
2026-06-12T21:59:14.851483727Z I0612 21:59:14.851341      43 warnings.go:107] "Warning: v1 Endpoints is deprecated in v1.33+; use discovery.k8s.io/v1 EndpointSlice"
2026-06-12T22:01:37.748653770Z I0612 22:01:37.748529      43 warnings.go:107] "Warning: cdi.kubevirt.io/v1beta1 ObjectTransfers is now deprecated and will be removed in v1."
2026-06-12T22:03:18.083235435Z I0612 22:03:18.083113      43 warnings.go:107] "Warning: v1 Endpoints is deprecated in v1.33+; use discovery.k8s.io/v1 EndpointSlice"
2026-06-12T22:06:01.739157071Z I0612 22:06:01.739039      43 warnings.go:107] "Warning: kubevirt.io/v1 VirtualMachineInstancePresets is now deprecated and will be removed in v2."
2026-06-12T22:08:42.853637136Z I0612 22:08:42.853500      43 warnings.go:107] "Warning: v1 Endpoints is deprecated in v1.33+; use discovery.k8s.io/v1 EndpointSlice"
2026-06-12T22:10:12.084596573Z I0612 22:10:12.084422      43 warnings.go:107] "Warning: v1 Endpoints is deprecated in v1.33+; use discovery.k8s.io/v1 EndpointSlice"
2026-06-12T22:10:46.750577805Z I0612 22:10:46.750499      43 warnings.go:107] "Warning: cdi.kubevirt.io/v1beta1 ObjectTransfers is now deprecated and will be removed in v1."
2026-06-12T22:10:50.509865849Z 2026/06/12 22:10:50 [ERROR] watcher channel closed
2026-06-12T22:11:00.510497100Z 2026/06/12 22:11:00 [INFO] starting imperative api cert rotator
2026-06-12T22:11:00.516759663Z 2026/06/12 22:11:00 [INFO] imperative api APIService cert updated
2026-06-12T22:11:37.740227930Z I0612 22:11:37.740108      43 warnings.go:107] "Warning: kubevirt.io/v1 VirtualMachineInstancePresets is now deprecated and will be removed in v2."
2026-06-12T22:15:48.086076820Z I0612 22:15:48.085934      43 warnings.go:107] "Warning: v1 Endpoints is deprecated in v1.33+; use discovery.k8s.io/v1 EndpointSlice"
2026-06-12T22:18:39.854756443Z I0612 22:18:39.854661      43 warnings.go:107] "Warning: v1 Endpoints is deprecated in v1.33+; use discovery.k8s.io/v1 EndpointSlice"
2026-06-12T22:19:21.752320619Z I0612 22:19:21.752203      43 warnings.go:107] "Warning: cdi.kubevirt.io/v1beta1 ObjectTransfers is now deprecated and will be removed in v1."
2026-06-12T22:20:49.741928615Z I0612 22:20:49.741777      43 warnings.go:107] "Warning: kubevirt.io/v1 VirtualMachineInstancePresets is now deprecated and will be removed in v2."
2026-06-12T22:23:52.087780835Z I0612 22:23:52.087638      43 warnings.go:107] "Warning: v1 Endpoints is deprecated in v1.33+; use discovery.k8s.io/v1 EndpointSlice"
2026-06-12T22:23:53.856798884Z I0612 22:23:53.856673      43 warnings.go:107] "Warning: v1 Endpoints is deprecated in v1.33+; use discovery.k8s.io/v1 EndpointSlice"
2026-06-12T22:27:07.743686453Z I0612 22:27:07.743553      43 warnings.go:107] "Warning: kubevirt.io/v1 VirtualMachineInstancePresets is now deprecated and will be removed in v2."
2026-06-12T22:27:12.753612745Z I0612 22:27:12.753476      43 warnings.go:107] "Warning: cdi.kubevirt.io/v1beta1 ObjectTransfers is now deprecated and will be removed in v1."
2026-06-12T22:30:27.858241403Z I0612 22:30:27.858139      43 warnings.go:107] "Warning: v1 Endpoints is deprecated in v1.33+; use discovery.k8s.io/v1 EndpointSlice"
2026-06-12T22:33:36.089290431Z I0612 22:33:36.089143      43 warnings.go:107] "Warning: v1 Endpoints is deprecated in v1.33+; use discovery.k8s.io/v1 EndpointSlice"
2026-06-12T22:34:28.744806082Z I0612 22:34:28.744670      43 warnings.go:107] "Warning: kubevirt.io/v1 VirtualMachineInstancePresets is now deprecated and will be removed in v2."
2026-06-12T22:34:45.755061640Z I0612 22:34:45.754899      43 warnings.go:107] "Warning: cdi.kubevirt.io/v1beta1 ObjectTransfers is now deprecated and will be removed in v1."
2026-06-12T22:39:21.091226700Z I0612 22:39:21.091085      43 warnings.go:107] "Warning: v1 Endpoints is deprecated in v1.33+; use discovery.k8s.io/v1 EndpointSlice"
2026-06-12T22:39:22.860177180Z I0612 22:39:22.860016      43 warnings.go:107] "Warning: v1 Endpoints is deprecated in v1.33+; use discovery.k8s.io/v1 EndpointSlice"
2026-06-12T22:43:55.746550981Z I0612 22:43:55.746421      43 warnings.go:107] "Warning: kubevirt.io/v1 VirtualMachineInstancePresets is now deprecated and will be removed in v2."
2026-06-12T22:44:14.756223710Z I0612 22:44:14.756089      43 warnings.go:107] "Warning: cdi.kubevirt.io/v1beta1 ObjectTransfers is now deprecated and will be removed in v1."
2026-06-12T22:44:25.861355698Z I0612 22:44:25.861251      43 warnings.go:107] "Warning: v1 Endpoints is deprecated in v1.33+; use discovery.k8s.io/v1 EndpointSlice"
2026-06-12T22:44:31.371444000Z 2026/06/12 22:44:31 [INFO] Downloading repo index from https://releases.rancher.com/server-charts/stable/index.yaml
2026-06-12T22:44:31.371679823Z 2026/06/12 22:44:31 [INFO] Downloading repo index from http://harvester-cluster-repo.cattle-system/charts/index.yaml
2026-06-12T22:44:31.408417253Z 2026/06/12 22:44:31 [INFO] Skipping handler for clusterrepo harvester-charts. NumberOfRetries is 0, MaxRetry is 3, ClusterRepo Generation is 1, ObservedGeneration is 1, LastUpdated plus interval is 2026-06-12 23:44:31 +0000 UTC, now is 2026-06-12 22:44:31.400332207 +0000 UTC
2026-06-12T22:44:31.507458180Z 2026/06/12 22:44:31 [INFO] Skipping handler for clusterrepo rancher-partner-charts. NumberOfRetries is 0, MaxRetry is 3, ClusterRepo Generation is 1, ObservedGeneration is 1, LastUpdated plus interval is 2026-06-12 23:44:31 +0000 UTC, now is 2026-06-12 22:44:31.491859952 +0000 UTC
2026-06-12T22:44:31.740499509Z 2026/06/12 22:44:31 [INFO] Skipping handler for clusterrepo rancher-rke2-charts. NumberOfRetries is 0, MaxRetry is 3, ClusterRepo Generation is 1, ObservedGeneration is 1, LastUpdated plus interval is 2026-06-12 23:44:31 +0000 UTC, now is 2026-06-12 22:44:31.737720795 +0000 UTC
2026-06-12T22:44:31.740706345Z 2026/06/12 22:44:31 [INFO] Skipping handler for clusterrepo rancher-stable. NumberOfRetries is 0, MaxRetry is 3, ClusterRepo Generation is 1, ObservedGeneration is 1, LastUpdated plus interval is 2026-06-12 23:44:31 +0000 UTC, now is 2026-06-12 22:44:31.738099853 +0000 UTC
2026-06-12T22:44:31.757090652Z 2026/06/12 22:44:31 [INFO] Skipping handler for clusterrepo rancher-charts. NumberOfRetries is 0, MaxRetry is 3, ClusterRepo Generation is 1, ObservedGeneration is 1, LastUpdated plus interval is 2026-06-12 23:44:31 +0000 UTC, now is 2026-06-12 22:44:31.754429936 +0000 UTC
2026-06-12T22:47:55.092306853Z I0612 22:47:55.092144      43 warnings.go:107] "Warning: v1 Endpoints is deprecated in v1.33+; use discovery.k8s.io/v1 EndpointSlice"
2026-06-12T22:49:26.748045437Z I0612 22:49:26.747955      43 warnings.go:107] "Warning: kubevirt.io/v1 VirtualMachineInstancePresets is now deprecated and will be removed in v2."
2026-06-12T22:51:26.863129462Z I0612 22:51:26.862956      43 warnings.go:107] "Warning: v1 Endpoints is deprecated in v1.33+; use discovery.k8s.io/v1 EndpointSlice"
2026-06-12T22:51:51.757457461Z I0612 22:51:51.757316      43 warnings.go:107] "Warning: cdi.kubevirt.io/v1beta1 ObjectTransfers is now deprecated and will be removed in v1."
2026-06-12T22:54:05.093661488Z I0612 22:54:05.093538      43 warnings.go:107] "Warning: v1 Endpoints is deprecated in v1.33+; use discovery.k8s.io/v1 EndpointSlice"
2026-06-12T22:57:30.750134220Z I0612 22:57:30.750002      43 warnings.go:107] "Warning: kubevirt.io/v1 VirtualMachineInstancePresets is now deprecated and will be removed in v2."
2026-06-12T22:57:46.157001002Z 2026/06/12 22:57:46 [ERROR] watcher channel closed
2026-06-12T22:57:56.158031195Z 2026/06/12 22:57:56 [INFO] starting imperative api cert rotator
2026-06-12T22:57:56.163239342Z 2026/06/12 22:57:56 [INFO] imperative api APIService cert updated
2026-06-12T23:00:45.864196023Z I0612 23:00:45.864078      43 warnings.go:107] "Warning: v1 Endpoints is deprecated in v1.33+; use discovery.k8s.io/v1 EndpointSlice"
2026-06-12T23:01:30.759116776Z I0612 23:01:30.759014      43 warnings.go:107] "Warning: cdi.kubevirt.io/v1beta1 ObjectTransfers is now deprecated and will be removed in v1."
2026-06-12T23:01:39.372092605Z 2026/06/12 23:01:39 [INFO] CacheFor STARTS creating informer for management.cattle.io/v3, Kind=Setting
2026-06-12T23:01:39.473081202Z 2026/06/12 23:01:39 [INFO] CacheFor IS DONE creating informer for management.cattle.io/v3, Kind=Setting (took 101.046329ms)
2026-06-12T23:01:47.095528310Z I0612 23:01:47.095366      43 warnings.go:107] "Warning: v1 Endpoints is deprecated in v1.33+; use discovery.k8s.io/v1 EndpointSlice"
2026-06-12T23:01:48.685496270Z 2026/06/12 23:01:48 [INFO] CacheFor STARTS creating informer for management.cattle.io/v3, Kind=Feature
2026-06-12T23:01:48.695749850Z 2026/06/12 23:01:48 [INFO] CacheFor STARTS creating informer for management.cattle.io/v3, Kind=FleetWorkspace
2026-06-12T23:01:48.785914200Z 2026/06/12 23:01:48 [INFO] CacheFor IS DONE creating informer for management.cattle.io/v3, Kind=Feature (took 100.447981ms)
2026-06-12T23:01:48.796278918Z 2026/06/12 23:01:48 [INFO] CacheFor IS DONE creating informer for management.cattle.io/v3, Kind=FleetWorkspace (took 100.429152ms)
2026-06-12T23:01:49.859940657Z 2026/06/12 23:01:49 [INFO] CacheFor STARTS creating informer for management.cattle.io/v3, Kind=Cluster
2026-06-12T23:01:49.960858370Z 2026/06/12 23:01:49 [INFO] CacheFor IS DONE creating informer for management.cattle.io/v3, Kind=Cluster (took 100.948396ms)
2026-06-12T23:02:15.804997922Z 2026/06/12 23:02:15 [INFO] CacheFor STARTS creating informer for /v1, Kind=Endpoints
2026-06-12T23:02:15.812592001Z 2026/06/12 23:02:15 [INFO] CacheFor STARTS creating informer for catalog.cattle.io/v1, Kind=App
2026-06-12T23:02:15.905864631Z 2026/06/12 23:02:15 [INFO] CacheFor IS DONE creating informer for /v1, Kind=Endpoints (took 100.907221ms)
2026-06-12T23:02:15.913293066Z 2026/06/12 23:02:15 [INFO] CacheFor IS DONE creating informer for catalog.cattle.io/v1, Kind=App (took 100.711115ms)
2026-06-12T23:02:20.956616858Z 2026/06/12 23:02:20 [INFO] CacheFor STARTS creating informer for /v1, Kind=Event
2026-06-12T23:02:21.592532989Z 2026/06/12 23:02:21 [INFO] CacheFor IS DONE creating informer for /v1, Kind=Event (took 635.90288ms)
2026-06-12T23:03:37.542822319Z 2026/06/12 23:03:37 [INFO] CacheFor STARTS creating informer for apps/v1, Kind=DaemonSet
2026-06-12T23:03:37.644010657Z 2026/06/12 23:03:37 [INFO] CacheFor IS DONE creating informer for apps/v1, Kind=DaemonSet (took 101.156317ms)
2026-06-12T23:03:42.748685422Z 2026/06/12 23:03:42 [INFO] CacheFor STARTS creating informer for /v1, Kind=Secret
2026-06-12T23:03:42.753504347Z 2026/06/12 23:03:42 [INFO] CacheFor STARTS creating informer for /v1, Kind=ConfigMap
2026-06-12T23:03:43.031334249Z 2026/06/12 23:03:43 [INFO] CacheFor IS DONE creating informer for /v1, Kind=ConfigMap (took 277.778005ms)
2026-06-12T23:03:43.455534114Z 2026/06/12 23:03:43 [INFO] CacheFor IS DONE creating informer for /v1, Kind=Secret (took 706.869379ms)
2026-06-12T23:05:55.751278467Z I0612 23:05:55.751167      43 warnings.go:107] "Warning: kubevirt.io/v1 VirtualMachineInstancePresets is now deprecated and will be removed in v2."
2026-06-12T23:07:24.760691354Z I0612 23:07:24.760528      43 warnings.go:107] "Warning: cdi.kubevirt.io/v1beta1 ObjectTransfers is now deprecated and will be removed in v1."
2026-06-12T23:09:34.096814340Z I0612 23:09:34.096712      43 warnings.go:107] "Warning: v1 Endpoints is deprecated in v1.33+; use discovery.k8s.io/v1 EndpointSlice"
2026-06-12T23:09:40.865481082Z I0612 23:09:40.865382      43 warnings.go:107] "Warning: v1 Endpoints is deprecated in v1.33+; use discovery.k8s.io/v1 EndpointSlice"
2026-06-12T23:10:00.495588031Z 2026/06/12 23:10:00 [INFO] CacheFor STARTS creating informer for ui.cattle.io/v1, Kind=NavLink
2026-06-12T23:10:00.532287397Z 2026/06/12 23:10:00 [INFO] CacheFor STARTS creating informer for harvesterhci.io/v1beta1, Kind=Setting
2026-06-12T23:10:00.596156515Z 2026/06/12 23:10:00 [INFO] CacheFor IS DONE creating informer for ui.cattle.io/v1, Kind=NavLink (took 100.597501ms)
2026-06-12T23:10:00.633459437Z 2026/06/12 23:10:00 [INFO] CacheFor IS DONE creating informer for harvesterhci.io/v1beta1, Kind=Setting (took 101.117076ms)
2026-06-12T23:10:58.788496419Z 2026/06/12 23:10:58 [ERROR] Error during subscribe websocket: close sent
