2026-06-12T10:47:38.185364021Z time="2026-06-12T10:47:38Z" level=info msg="Node Disk Manager v1.8.1-rc1 (029ff7d) is starting"
2026-06-12T10:47:38.185420530Z time="2026-06-12T10:47:38Z" level=info msg="Notable parameters are following:"
2026-06-12T10:47:38.185427988Z time="2026-06-12T10:47:38Z" level=info msg="Namespace: longhorn-system, ConcurrentOps: 5, InjectUdevMonitorError: false"
2026-06-12T10:47:38.185433161Z time="2026-06-12T10:47:38Z" level=info msg="Starting node disk manager controller"
2026-06-12T10:47:38.204518728Z time="2026-06-12T10:47:38Z" level=info msg="Successfully loaded filter configuration from ConfigMap for node hp-69-tink-system"
2026-06-12T10:47:38.204543002Z time="2026-06-12T10:47:38Z" level=info msg="  - ExcludeDevices: "
2026-06-12T10:47:38.204547594Z time="2026-06-12T10:47:38Z" level=info msg="  - ExcludeVendors: "
2026-06-12T10:47:38.204552934Z time="2026-06-12T10:47:38Z" level=info msg="  - ExcludePaths: "
2026-06-12T10:47:38.204557075Z time="2026-06-12T10:47:38Z" level=info msg="  - ExcludeLabels: COS_*,HARV_*"
2026-06-12T10:47:38.204562038Z time="2026-06-12T10:47:38Z" level=info msg="register exclude filters"
2026-06-12T10:47:38.204581720Z time="2026-06-12T10:47:38Z" level=info msg="Attempting to load auto-provision configuration from ConfigMap"
2026-06-12T10:47:38.206808834Z time="2026-06-12T10:47:38Z" level=info msg="Successfully loaded auto-provision configuration from ConfigMap for node hp-69-tink-system"
2026-06-12T10:47:38.206836683Z time="2026-06-12T10:47:38Z" level=info msg="  - Devices: "
2026-06-12T10:47:38.206844275Z time="2026-06-12T10:47:38Z" level=info msg="register auto provision filters"
2026-06-12T10:47:38.356216220Z time="2026-06-12T10:47:38Z" level=info msg="Scanning device" device=/dev/nvme0n1
2026-06-12T10:47:38.356247176Z time="2026-06-12T10:47:38Z" level=info msg="block device /dev/nvme0n1 ignored by label filter and rules: fs labels: [COS_*, HARV_*]"
2026-06-12T10:47:38.359236150Z time="2026-06-12T10:47:38Z" level=info msg="Waking scanner once on startup in case any device paths have changed"
2026-06-12T10:47:38.359323881Z time="2026-06-12T10:47:38Z" level=info msg="Waiting new event to trigger..."
2026-06-12T10:47:38.781929482Z time="2026-06-12T10:47:38Z" level=info msg="Starting harvesterhci.io/v1beta1, Kind=BlockDevice controller"
2026-06-12T10:47:38.782442978Z time="2026-06-12T10:47:38Z" level=info msg="Starting harvesterhci.io/v1beta1, Kind=LVMVolumeGroup controller"
2026-06-12T10:47:38.802089722Z time="2026-06-12T10:47:38Z" level=info msg="Starting longhorn.io/v1beta2, Kind=Node controller"
2026-06-12T10:47:38.812584701Z time="2026-06-12T10:47:38Z" level=error msg="error syncing 'longhorn-system/hp-69-tink-system': handler harvester-ndm-node-handler: admission webhook \"validator.longhorn.io\" denied the request: spec and status of disks on node hp-69-tink-system are being syncing and please retry later., requeuing"
2026-06-12T10:47:38.813347485Z time="2026-06-12T10:47:38Z" level=error msg="error syncing 'longhorn-system/hp-150-tink-system': handler harvester-ndm-node-handler: admission webhook \"validator.longhorn.io\" denied the request: spec and status of disks on node hp-150-tink-system are being syncing and please retry later., requeuing"
2026-06-12T10:47:38.830459286Z time="2026-06-12T10:47:38Z" level=info msg="Start monitoring udev processed events"
2026-06-12T10:47:38.830576705Z time="2026-06-12T10:47:38Z" level=info msg="Starting /v1, Kind=ConfigMap controller"
2026-06-12T10:47:38.830901880Z time="2026-06-12T10:47:38Z" level=info msg="ConfigMap harvester-system/harvester-node-disk-manager changed, triggering disk rescan"
2026-06-12T10:47:38.830909840Z time="2026-06-12T10:47:38Z" level=info msg="Scanner woke up, do scan..."
2026-06-12T10:47:38.832241490Z time="2026-06-12T10:47:38Z" level=error msg="error syncing 'longhorn-system/hp-69-tink-system': handler harvester-ndm-node-handler: admission webhook \"validator.longhorn.io\" denied the request: spec and status of disks on node hp-69-tink-system are being syncing and please retry later., requeuing"
2026-06-12T10:47:38.852026345Z time="2026-06-12T10:47:38Z" level=error msg="error syncing 'longhorn-system/hp-150-tink-system': handler harvester-ndm-node-handler: admission webhook \"validator.longhorn.io\" denied the request: spec and status of disks on node hp-150-tink-system are being syncing and please retry later., requeuing"
2026-06-12T10:47:38.852052464Z time="2026-06-12T10:47:38Z" level=info msg="Successfully loaded filter configuration from ConfigMap for node hp-69-tink-system"
2026-06-12T10:47:38.852059261Z time="2026-06-12T10:47:38Z" level=info msg="  - ExcludeDevices: "
2026-06-12T10:47:38.852078218Z time="2026-06-12T10:47:38Z" level=info msg="  - ExcludeVendors: "
2026-06-12T10:47:38.852084666Z time="2026-06-12T10:47:38Z" level=info msg="  - ExcludePaths: "
2026-06-12T10:47:38.852090039Z time="2026-06-12T10:47:38Z" level=info msg="  - ExcludeLabels: COS_*,HARV_*"
2026-06-12T10:47:38.852095229Z time="2026-06-12T10:47:38Z" level=info msg="register exclude filters"
2026-06-12T10:47:38.852100746Z time="2026-06-12T10:47:38Z" level=info msg="Attempting to load auto-provision configuration from ConfigMap"
2026-06-12T10:47:38.852545971Z time="2026-06-12T10:47:38Z" level=error msg="error syncing 'longhorn-system/hp-69-tink-system': handler harvester-ndm-node-handler: admission webhook \"validator.longhorn.io\" denied the request: spec and status of disks on node hp-69-tink-system are being syncing and please retry later., requeuing"
2026-06-12T10:47:38.854059297Z time="2026-06-12T10:47:38Z" level=info msg="Successfully loaded auto-provision configuration from ConfigMap for node hp-69-tink-system"
2026-06-12T10:47:38.854086585Z time="2026-06-12T10:47:38Z" level=info msg="  - Devices: "
2026-06-12T10:47:38.854094370Z time="2026-06-12T10:47:38Z" level=info msg="register auto provision filters"
2026-06-12T10:47:38.882794407Z time="2026-06-12T10:47:38Z" level=error msg="error syncing 'longhorn-system/hp-69-tink-system': handler harvester-ndm-node-handler: admission webhook \"validator.longhorn.io\" denied the request: spec and status of disks on node hp-69-tink-system are being syncing and please retry later., requeuing"
2026-06-12T10:47:38.882828215Z time="2026-06-12T10:47:38Z" level=error msg="error syncing 'longhorn-system/hp-150-tink-system': handler harvester-ndm-node-handler: admission webhook \"validator.longhorn.io\" denied the request: spec and status of disks on node hp-150-tink-system are being syncing and please retry later., requeuing"
2026-06-12T10:47:38.918620305Z time="2026-06-12T10:47:38Z" level=error msg="error syncing 'longhorn-system/hp-150-tink-system': handler harvester-ndm-node-handler: admission webhook \"validator.longhorn.io\" denied the request: spec and status of disks on node hp-150-tink-system are being syncing and please retry later., requeuing"
2026-06-12T10:47:38.936604462Z time="2026-06-12T10:47:38Z" level=error msg="error syncing 'longhorn-system/hp-69-tink-system': handler harvester-ndm-node-handler: admission webhook \"validator.longhorn.io\" denied the request: spec and status of disks on node hp-69-tink-system are being syncing and please retry later., requeuing"
2026-06-12T10:47:38.968206660Z time="2026-06-12T10:47:38Z" level=error msg="error syncing 'longhorn-system/hp-150-tink-system': handler harvester-ndm-node-handler: admission webhook \"validator.longhorn.io\" denied the request: spec and status of disks on node hp-150-tink-system are being syncing and please retry later., requeuing"
2026-06-12T10:47:38.974215047Z time="2026-06-12T10:47:38Z" level=info msg="Scanning device" device=/dev/nvme0n1
2026-06-12T10:47:38.976073192Z time="2026-06-12T10:47:38Z" level=info msg="block device /dev/nvme0n1 ignored by label filter and rules: fs labels: [COS_*, HARV_*]"
2026-06-12T10:47:38.977183501Z time="2026-06-12T10:47:38Z" level=info msg="Waiting new event to trigger..."
2026-06-12T10:47:39.045023794Z time="2026-06-12T10:47:39Z" level=error msg="error syncing 'longhorn-system/hp-69-tink-system': handler harvester-ndm-node-handler: admission webhook \"validator.longhorn.io\" denied the request: spec and status of disks on node hp-69-tink-system are being syncing and please retry later., requeuing"
2026-06-12T10:47:39.213693261Z time="2026-06-12T10:47:39Z" level=error msg="error syncing 'longhorn-system/hp-150-tink-system': handler harvester-ndm-node-handler: admission webhook \"validator.longhorn.io\" denied the request: spec and status of disks on node hp-150-tink-system are being syncing and please retry later., requeuing"
2026-06-12T10:47:39.413115742Z time="2026-06-12T10:47:39Z" level=error msg="error syncing 'longhorn-system/hp-69-tink-system': handler harvester-ndm-node-handler: admission webhook \"validator.longhorn.io\" denied the request: spec and status of disks on node hp-69-tink-system are being syncing and please retry later., requeuing"
2026-06-12T10:47:39.613202103Z time="2026-06-12T10:47:39Z" level=error msg="error syncing 'longhorn-system/hp-150-tink-system': handler harvester-ndm-node-handler: admission webhook \"validator.longhorn.io\" denied the request: spec and status of disks on node hp-150-tink-system are being syncing and please retry later., requeuing"
2026-06-12T10:47:39.812969628Z time="2026-06-12T10:47:39Z" level=error msg="error syncing 'longhorn-system/hp-69-tink-system': handler harvester-ndm-node-handler: admission webhook \"validator.longhorn.io\" denied the request: spec and status of disks on node hp-69-tink-system are being syncing and please retry later., requeuing"
2026-06-12T10:47:40.013232428Z time="2026-06-12T10:47:40Z" level=error msg="error syncing 'longhorn-system/hp-150-tink-system': handler harvester-ndm-node-handler: admission webhook \"validator.longhorn.io\" denied the request: spec and status of disks on node hp-150-tink-system are being syncing and please retry later., requeuing"
2026-06-12T10:47:40.463980222Z time="2026-06-12T10:47:40Z" level=error msg="error syncing 'longhorn-system/hp-69-tink-system': handler harvester-ndm-node-handler: admission webhook \"validator.longhorn.io\" denied the request: spec and status of disks on node hp-69-tink-system are being syncing and please retry later., requeuing"
2026-06-12T10:47:40.664704045Z time="2026-06-12T10:47:40Z" level=error msg="error syncing 'longhorn-system/hp-150-tink-system': handler harvester-ndm-node-handler: admission webhook \"validator.longhorn.io\" denied the request: spec and status of disks on node hp-150-tink-system are being syncing and please retry later., requeuing"
2026-06-12T10:47:40.974169221Z time="2026-06-12T10:47:40Z" level=error msg="error syncing 'longhorn-system/hp-69-tink-system': handler harvester-ndm-node-handler: admission webhook \"validator.longhorn.io\" denied the request: spec and status of disks on node hp-69-tink-system are being syncing and please retry later., requeuing"
2026-06-12T10:47:41.754398512Z time="2026-06-12T10:47:41Z" level=error msg="error syncing 'longhorn-system/hp-69-tink-system': handler harvester-ndm-node-handler: admission webhook \"validator.longhorn.io\" denied the request: spec and status of disks on node hp-69-tink-system are being syncing and please retry later., requeuing"
2026-06-12T10:47:41.954779374Z time="2026-06-12T10:47:41Z" level=error msg="error syncing 'longhorn-system/hp-150-tink-system': handler harvester-ndm-node-handler: admission webhook \"validator.longhorn.io\" denied the request: spec and status of disks on node hp-150-tink-system are being syncing and please retry later., requeuing"
2026-06-12T10:47:44.526664765Z time="2026-06-12T10:47:44Z" level=error msg="error syncing 'longhorn-system/hp-150-tink-system': handler harvester-ndm-node-handler: admission webhook \"validator.longhorn.io\" denied the request: spec and status of disks on node hp-150-tink-system are being syncing and please retry later., requeuing"
2026-06-12T10:47:46.885643352Z time="2026-06-12T10:47:46Z" level=error msg="error syncing 'longhorn-system/hp-69-tink-system': handler harvester-ndm-node-handler: admission webhook \"validator.longhorn.io\" denied the request: spec and status of disks on node hp-69-tink-system are being syncing and please retry later., requeuing"
2026-06-12T10:47:49.657504820Z time="2026-06-12T10:47:49Z" level=error msg="error syncing 'longhorn-system/hp-150-tink-system': handler harvester-ndm-node-handler: admission webhook \"validator.longhorn.io\" denied the request: spec and status of disks on node hp-150-tink-system are being syncing and please retry later., requeuing"
2026-06-12T10:47:57.142625236Z time="2026-06-12T10:47:57Z" level=error msg="error syncing 'longhorn-system/hp-69-tink-system': handler harvester-ndm-node-handler: admission webhook \"validator.longhorn.io\" denied the request: spec and status of disks on node hp-69-tink-system are being syncing and please retry later., requeuing"
2026-06-12T10:47:59.909782249Z time="2026-06-12T10:47:59Z" level=error msg="error syncing 'longhorn-system/hp-150-tink-system': handler harvester-ndm-node-handler: admission webhook \"validator.longhorn.io\" denied the request: spec and status of disks on node hp-150-tink-system are being syncing and please retry later., requeuing"
2026-06-12T11:02:44.440712201Z time="2026-06-12T11:02:44Z" level=info msg="block device /dev/sda ignored by vendor filter and rules: vendors: [longhorn, SPDK bdev Controller]"
2026-06-12T11:02:45.042913127Z time="2026-06-12T11:02:45Z" level=info msg="block device /dev/sdb ignored by vendor filter and rules: vendors: [longhorn, SPDK bdev Controller]"
2026-06-12T11:02:48.965438011Z time="2026-06-12T11:02:48Z" level=info msg="block device /dev/sdc ignored by vendor filter and rules: vendors: [longhorn, SPDK bdev Controller]"
2026-06-12T11:04:32.279100675Z time="2026-06-12T11:04:32Z" level=info msg="removing disk" device=/dev/sda model=VIRTUAL-DISK serial=60000000000000000e00000000010001 vendor=IET wwn=0x6000000000000000
2026-06-12T11:04:32.279151727Z time="2026-06-12T11:04:32Z" level=info msg="udev action triggering scanner wake" device=/dev/sda kind=BlockDevice namespace=longhorn-system udevAction=remove
2026-06-12T11:04:32.279166574Z time="2026-06-12T11:04:32Z" level=info msg="Scanner woke up, do scan..."
2026-06-12T11:04:32.282418794Z time="2026-06-12T11:04:32Z" level=info msg="Successfully loaded filter configuration from ConfigMap for node hp-69-tink-system"
2026-06-12T11:04:32.282440662Z time="2026-06-12T11:04:32Z" level=info msg="  - ExcludeDevices: "
2026-06-12T11:04:32.282451421Z time="2026-06-12T11:04:32Z" level=info msg="  - ExcludeVendors: "
2026-06-12T11:04:32.282460955Z time="2026-06-12T11:04:32Z" level=info msg="  - ExcludePaths: "
2026-06-12T11:04:32.282468904Z time="2026-06-12T11:04:32Z" level=info msg="  - ExcludeLabels: COS_*,HARV_*"
2026-06-12T11:04:32.282513786Z time="2026-06-12T11:04:32Z" level=info msg="register exclude filters"
2026-06-12T11:04:32.282550631Z time="2026-06-12T11:04:32Z" level=info msg="Attempting to load auto-provision configuration from ConfigMap"
2026-06-12T11:04:32.285087883Z time="2026-06-12T11:04:32Z" level=info msg="Successfully loaded auto-provision configuration from ConfigMap for node hp-69-tink-system"
2026-06-12T11:04:32.285113666Z time="2026-06-12T11:04:32Z" level=info msg="  - Devices: "
2026-06-12T11:04:32.285121588Z time="2026-06-12T11:04:32Z" level=info msg="register auto provision filters"
2026-06-12T11:04:32.410931797Z time="2026-06-12T11:04:32Z" level=info msg="removing disk" device=/dev/sdb model=VIRTUAL-DISK serial=60000000000000000e00000000020001 vendor=IET wwn=0x6000000000000000
2026-06-12T11:04:32.412863796Z WARNING: failed to read disk partitions: open /sys/block/sdb: no such file or directory
2026-06-12T11:04:32.464952379Z time="2026-06-12T11:04:32Z" level=info msg="Scanning device" device=/dev/nvme0n1
2026-06-12T11:04:32.464980772Z time="2026-06-12T11:04:32Z" level=info msg="block device /dev/nvme0n1 ignored by label filter and rules: fs labels: [COS_*, HARV_*]"
2026-06-12T11:04:32.464985667Z time="2026-06-12T11:04:32Z" level=info msg="Scanning device" device=/dev/sdb
2026-06-12T11:04:32.464990757Z time="2026-06-12T11:04:32Z" level=info msg="block device /dev/sdb ignored by vendor filter and rules: vendors: [longhorn, SPDK bdev Controller]"
2026-06-12T11:04:32.464995308Z time="2026-06-12T11:04:32Z" level=info msg="Scanning device" device=/dev/sdc
2026-06-12T11:04:32.465000311Z time="2026-06-12T11:04:32Z" level=info msg="block device /dev/sdc ignored by vendor filter and rules: vendors: [longhorn, SPDK bdev Controller]"
2026-06-12T11:04:32.468118948Z time="2026-06-12T11:04:32Z" level=info msg="Waiting new event to trigger..."
2026-06-12T11:04:32.468148562Z time="2026-06-12T11:04:32Z" level=info msg="udev action triggering scanner wake" device=/dev/sdb kind=BlockDevice namespace=longhorn-system udevAction=remove
2026-06-12T11:04:32.468168952Z time="2026-06-12T11:04:32Z" level=info msg="Scanner woke up, do scan..."
2026-06-12T11:04:32.470657371Z time="2026-06-12T11:04:32Z" level=info msg="Successfully loaded filter configuration from ConfigMap for node hp-69-tink-system"
2026-06-12T11:04:32.470686484Z time="2026-06-12T11:04:32Z" level=info msg="  - ExcludeDevices: "
2026-06-12T11:04:32.470694520Z time="2026-06-12T11:04:32Z" level=info msg="  - ExcludeVendors: "
2026-06-12T11:04:32.470701508Z time="2026-06-12T11:04:32Z" level=info msg="  - ExcludePaths: "
2026-06-12T11:04:32.470708833Z time="2026-06-12T11:04:32Z" level=info msg="  - ExcludeLabels: COS_*,HARV_*"
2026-06-12T11:04:32.470715044Z time="2026-06-12T11:04:32Z" level=info msg="register exclude filters"
2026-06-12T11:04:32.470725779Z time="2026-06-12T11:04:32Z" level=info msg="Attempting to load auto-provision configuration from ConfigMap"
2026-06-12T11:04:32.473008407Z time="2026-06-12T11:04:32Z" level=info msg="Successfully loaded auto-provision configuration from ConfigMap for node hp-69-tink-system"
2026-06-12T11:04:32.473036926Z time="2026-06-12T11:04:32Z" level=info msg="  - Devices: "
2026-06-12T11:04:32.473044758Z time="2026-06-12T11:04:32Z" level=info msg="register auto provision filters"
2026-06-12T11:04:32.534614789Z time="2026-06-12T11:04:32Z" level=info msg="removing disk" device=/dev/sdc model=VIRTUAL-DISK serial=60000000000000000e00000000030001 vendor=IET wwn=0x6000000000000000
2026-06-12T11:04:32.589652542Z WARNING: failed to read int from file: open /sys/block/sdc/queue/rotational: no such file or directory
2026-06-12T11:04:32.595010106Z WARNING: failed to read disk partitions: open /sys/block/sdc: no such file or directory
2026-06-12T11:04:32.595032255Z time="2026-06-12T11:04:32Z" level=info msg="Scanning device" device=/dev/nvme0n1
2026-06-12T11:04:32.595050652Z time="2026-06-12T11:04:32Z" level=info msg="block device /dev/nvme0n1 ignored by label filter and rules: fs labels: [COS_*, HARV_*]"
2026-06-12T11:04:32.595055688Z time="2026-06-12T11:04:32Z" level=info msg="Scanning device" device=/dev/sdc
2026-06-12T11:04:32.606156952Z time="2026-06-12T11:04:32Z" level=info msg="Detected disk" buspath=unknown device=/dev/sdc model=unknown serial=unknown uuid= vendor=unknown wwn=unknown
2026-06-12T11:04:32.609175090Z time="2026-06-12T11:04:32Z" level=info msg="creating new BD" buspath=unknown device=/dev/sdc model=unknown name=1d4456fe-a0a5-4dba-904a-f99029f933e9 serial=unknown uuid= vendor=unknown wwn=unknown
2026-06-12T11:04:32.611447943Z time="2026-06-12T11:04:32Z" level=info msg="Add new block device 1d4456fe-a0a5-4dba-904a-f99029f933e9 with device: /dev/sdc"
2026-06-12T11:04:32.624160463Z time="2026-06-12T11:04:32Z" level=info msg="Waiting new event to trigger..."
2026-06-12T11:04:32.624185165Z time="2026-06-12T11:04:32Z" level=info msg="udev action triggering scanner wake" device=/dev/sdc kind=BlockDevice namespace=longhorn-system udevAction=remove
2026-06-12T11:04:32.624213864Z time="2026-06-12T11:04:32Z" level=info msg="Scanner woke up, do scan..."
2026-06-12T11:04:32.624731266Z time="2026-06-12T11:04:32Z" level=info msg="Skip device 1d4456fe-a0a5-4dba-904a-f99029f933e9 as no provisioner found or not configured"
2026-06-12T11:04:32.626692272Z time="2026-06-12T11:04:32Z" level=info msg="Successfully loaded filter configuration from ConfigMap for node hp-69-tink-system"
2026-06-12T11:04:32.626715452Z time="2026-06-12T11:04:32Z" level=info msg="  - ExcludeDevices: "
2026-06-12T11:04:32.626720201Z time="2026-06-12T11:04:32Z" level=info msg="  - ExcludeVendors: "
2026-06-12T11:04:32.626725497Z time="2026-06-12T11:04:32Z" level=info msg="  - ExcludePaths: "
2026-06-12T11:04:32.626729645Z time="2026-06-12T11:04:32Z" level=info msg="  - ExcludeLabels: COS_*,HARV_*"
2026-06-12T11:04:32.626733940Z time="2026-06-12T11:04:32Z" level=info msg="register exclude filters"
2026-06-12T11:04:32.626738675Z time="2026-06-12T11:04:32Z" level=info msg="Attempting to load auto-provision configuration from ConfigMap"
2026-06-12T11:04:32.629661518Z time="2026-06-12T11:04:32Z" level=info msg="Successfully loaded auto-provision configuration from ConfigMap for node hp-69-tink-system"
2026-06-12T11:04:32.629683857Z time="2026-06-12T11:04:32Z" level=info msg="  - Devices: "
2026-06-12T11:04:32.629688636Z time="2026-06-12T11:04:32Z" level=info msg="register auto provision filters"
2026-06-12T11:04:32.655244876Z time="2026-06-12T11:04:32Z" level=info msg="Skip device 1d4456fe-a0a5-4dba-904a-f99029f933e9 as no provisioner found or not configured"
2026-06-12T11:04:32.663091661Z time="2026-06-12T11:04:32Z" level=info msg="Skip device 1d4456fe-a0a5-4dba-904a-f99029f933e9 as no provisioner found or not configured"
2026-06-12T11:04:32.759670456Z time="2026-06-12T11:04:32Z" level=info msg="Scanning device" device=/dev/nvme0n1
2026-06-12T11:04:32.759701732Z time="2026-06-12T11:04:32Z" level=info msg="block device /dev/nvme0n1 ignored by label filter and rules: fs labels: [COS_*, HARV_*]"
2026-06-12T11:04:32.773839081Z time="2026-06-12T11:04:32Z" level=info msg="Waiting new event to trigger..."
2026-06-12T11:50:25.660517663Z time="2026-06-12T11:50:25Z" level=info msg="block device /dev/sda ignored by vendor filter and rules: vendors: [longhorn, SPDK bdev Controller]"
2026-06-12T11:53:12.455647212Z time="2026-06-12T11:53:12Z" level=info msg="removing disk" device=/dev/sda model=VIRTUAL-DISK serial=60000000000000000e00000000010001 vendor=IET wwn=0x6000000000000000
2026-06-12T11:53:12.455689704Z time="2026-06-12T11:53:12Z" level=info msg="udev action triggering scanner wake" device=/dev/sda kind=BlockDevice namespace=longhorn-system udevAction=remove
2026-06-12T11:53:12.455699109Z time="2026-06-12T11:53:12Z" level=info msg="Scanner woke up, do scan..."
2026-06-12T11:53:12.459345914Z time="2026-06-12T11:53:12Z" level=info msg="Successfully loaded filter configuration from ConfigMap for node hp-69-tink-system"
2026-06-12T11:53:12.459377991Z time="2026-06-12T11:53:12Z" level=info msg="  - ExcludeDevices: "
2026-06-12T11:53:12.459384175Z time="2026-06-12T11:53:12Z" level=info msg="  - ExcludeVendors: "
2026-06-12T11:53:12.459392311Z time="2026-06-12T11:53:12Z" level=info msg="  - ExcludePaths: "
2026-06-12T11:53:12.459398145Z time="2026-06-12T11:53:12Z" level=info msg="  - ExcludeLabels: COS_*,HARV_*"
2026-06-12T11:53:12.459405056Z time="2026-06-12T11:53:12Z" level=info msg="register exclude filters"
2026-06-12T11:53:12.459435762Z time="2026-06-12T11:53:12Z" level=info msg="Attempting to load auto-provision configuration from ConfigMap"
2026-06-12T11:53:12.461867123Z time="2026-06-12T11:53:12Z" level=info msg="Successfully loaded auto-provision configuration from ConfigMap for node hp-69-tink-system"
2026-06-12T11:53:12.461890520Z time="2026-06-12T11:53:12Z" level=info msg="  - Devices: "
2026-06-12T11:53:12.461895950Z time="2026-06-12T11:53:12Z" level=info msg="register auto provision filters"
2026-06-12T11:53:12.578443121Z time="2026-06-12T11:53:12Z" level=info msg="Scanning device" device=/dev/nvme0n1
2026-06-12T11:53:12.578469876Z time="2026-06-12T11:53:12Z" level=info msg="block device /dev/nvme0n1 ignored by label filter and rules: fs labels: [COS_*, HARV_*]"
2026-06-12T11:53:12.581270689Z time="2026-06-12T11:53:12Z" level=info msg="Waiting new event to trigger..."
2026-06-12T11:56:24.874427591Z time="2026-06-12T11:56:24Z" level=info msg="block device /dev/sda ignored by vendor filter and rules: vendors: [longhorn, SPDK bdev Controller]"
2026-06-12T11:56:34.799637064Z time="2026-06-12T11:56:34Z" level=info msg="block device /dev/sdb ignored by vendor filter and rules: vendors: [longhorn, SPDK bdev Controller]"
2026-06-12T11:57:27.841917534Z time="2026-06-12T11:57:27Z" level=info msg="removing disk" device=/dev/sdb model=VIRTUAL-DISK serial=60000000000000000e00000000020001 vendor=IET wwn=0x6000000000000000
2026-06-12T11:57:27.841954944Z time="2026-06-12T11:57:27Z" level=info msg="udev action triggering scanner wake" device=/dev/sdb kind=BlockDevice namespace=longhorn-system udevAction=remove
2026-06-12T11:57:27.841962446Z time="2026-06-12T11:57:27Z" level=info msg="Scanner woke up, do scan..."
2026-06-12T11:57:27.844830901Z time="2026-06-12T11:57:27Z" level=info msg="Successfully loaded filter configuration from ConfigMap for node hp-69-tink-system"
2026-06-12T11:57:27.844854489Z time="2026-06-12T11:57:27Z" level=info msg="  - ExcludeDevices: "
2026-06-12T11:57:27.844860509Z time="2026-06-12T11:57:27Z" level=info msg="  - ExcludeVendors: "
2026-06-12T11:57:27.844867580Z time="2026-06-12T11:57:27Z" level=info msg="  - ExcludePaths: "
2026-06-12T11:57:27.844873737Z time="2026-06-12T11:57:27Z" level=info msg="  - ExcludeLabels: COS_*,HARV_*"
2026-06-12T11:57:27.844879771Z time="2026-06-12T11:57:27Z" level=info msg="register exclude filters"
2026-06-12T11:57:27.844895503Z time="2026-06-12T11:57:27Z" level=info msg="Attempting to load auto-provision configuration from ConfigMap"
2026-06-12T11:57:27.847166454Z time="2026-06-12T11:57:27Z" level=info msg="Successfully loaded auto-provision configuration from ConfigMap for node hp-69-tink-system"
2026-06-12T11:57:27.847186991Z time="2026-06-12T11:57:27Z" level=info msg="  - Devices: "
2026-06-12T11:57:27.847193832Z time="2026-06-12T11:57:27Z" level=info msg="register auto provision filters"
2026-06-12T11:57:27.962077301Z time="2026-06-12T11:57:27Z" level=info msg="removing disk" device=/dev/sda model=VIRTUAL-DISK serial=60000000000000000e00000000010001 vendor=IET wwn=0x6000000000000000
2026-06-12T11:57:27.966056513Z WARNING: failed to read int from file: open /sys/block/sda/queue/rotational: no such file or directory
2026-06-12T11:57:27.972075049Z time="2026-06-12T11:57:27Z" level=info msg="Scanning device" device=/dev/nvme0n1
2026-06-12T11:57:27.972100575Z time="2026-06-12T11:57:27Z" level=info msg="block device /dev/nvme0n1 ignored by label filter and rules: fs labels: [COS_*, HARV_*]"
2026-06-12T11:57:27.972107407Z time="2026-06-12T11:57:27Z" level=info msg="Scanning device" device=/dev/sda
2026-06-12T11:57:27.972121973Z WARNING: failed to read disk partitions: open /sys/block/sda: no such file or directory
2026-06-12T11:57:27.983056925Z time="2026-06-12T11:57:27Z" level=info msg="Detected disk" buspath=unknown device=/dev/sda model=unknown serial=unknown uuid= vendor=unknown wwn=unknown
2026-06-12T11:57:27.985942377Z time="2026-06-12T11:57:27Z" level=info msg="creating new BD" buspath=unknown device=/dev/sda model=unknown name=ee72965b-7a8e-4130-b0c7-7277116372b7 serial=unknown uuid= vendor=unknown wwn=unknown
2026-06-12T11:57:27.988099550Z time="2026-06-12T11:57:27Z" level=info msg="Add new block device ee72965b-7a8e-4130-b0c7-7277116372b7 with device: /dev/sda"
2026-06-12T11:57:27.996043522Z time="2026-06-12T11:57:27Z" level=info msg="Waiting new event to trigger..."
2026-06-12T11:57:27.996066228Z time="2026-06-12T11:57:27Z" level=info msg="udev action triggering scanner wake" device=/dev/sda kind=BlockDevice namespace=longhorn-system udevAction=remove
2026-06-12T11:57:27.996071387Z time="2026-06-12T11:57:27Z" level=info msg="Scanner woke up, do scan..."
2026-06-12T11:57:27.996382697Z time="2026-06-12T11:57:27Z" level=info msg="Skip device ee72965b-7a8e-4130-b0c7-7277116372b7 as no provisioner found or not configured"
2026-06-12T11:57:27.998523114Z time="2026-06-12T11:57:27Z" level=info msg="Successfully loaded filter configuration from ConfigMap for node hp-69-tink-system"
2026-06-12T11:57:27.998546932Z time="2026-06-12T11:57:27Z" level=info msg="  - ExcludeDevices: "
2026-06-12T11:57:27.998551501Z time="2026-06-12T11:57:27Z" level=info msg="  - ExcludeVendors: "
2026-06-12T11:57:27.998556002Z time="2026-06-12T11:57:27Z" level=info msg="  - ExcludePaths: "
2026-06-12T11:57:27.998560287Z time="2026-06-12T11:57:27Z" level=info msg="  - ExcludeLabels: COS_*,HARV_*"
2026-06-12T11:57:27.998564806Z time="2026-06-12T11:57:27Z" level=info msg="register exclude filters"
2026-06-12T11:57:27.998569308Z time="2026-06-12T11:57:27Z" level=info msg="Attempting to load auto-provision configuration from ConfigMap"
2026-06-12T11:57:28.000781161Z time="2026-06-12T11:57:28Z" level=info msg="Successfully loaded auto-provision configuration from ConfigMap for node hp-69-tink-system"
2026-06-12T11:57:28.000802005Z time="2026-06-12T11:57:28Z" level=info msg="  - Devices: "
2026-06-12T11:57:28.000807054Z time="2026-06-12T11:57:28Z" level=info msg="register auto provision filters"
2026-06-12T11:57:28.025808287Z time="2026-06-12T11:57:28Z" level=info msg="Skip device ee72965b-7a8e-4130-b0c7-7277116372b7 as no provisioner found or not configured"
2026-06-12T11:57:28.031128696Z time="2026-06-12T11:57:28Z" level=info msg="Skip device ee72965b-7a8e-4130-b0c7-7277116372b7 as no provisioner found or not configured"
2026-06-12T11:57:28.115968879Z time="2026-06-12T11:57:28Z" level=info msg="Scanning device" device=/dev/nvme0n1
2026-06-12T11:57:28.116003436Z time="2026-06-12T11:57:28Z" level=info msg="block device /dev/nvme0n1 ignored by label filter and rules: fs labels: [COS_*, HARV_*]"
2026-06-12T11:57:28.129117526Z time="2026-06-12T11:57:28Z" level=info msg="Waiting new event to trigger..."
2026-06-12T11:58:19.771465993Z time="2026-06-12T11:58:19Z" level=info msg="block device /dev/sda ignored by vendor filter and rules: vendors: [longhorn, SPDK bdev Controller]"
2026-06-12T11:59:10.543304598Z time="2026-06-12T11:59:10Z" level=info msg="removing disk" device=/dev/sda model=VIRTUAL-DISK serial=60000000000000000e00000000010001 vendor=IET wwn=0x6000000000000000
2026-06-12T11:59:10.543339118Z time="2026-06-12T11:59:10Z" level=info msg="udev action triggering scanner wake" device=/dev/sda kind=BlockDevice namespace=longhorn-system udevAction=remove
2026-06-12T11:59:10.543347114Z time="2026-06-12T11:59:10Z" level=info msg="Scanner woke up, do scan..."
2026-06-12T11:59:10.546457098Z time="2026-06-12T11:59:10Z" level=info msg="Successfully loaded filter configuration from ConfigMap for node hp-69-tink-system"
2026-06-12T11:59:10.546497695Z time="2026-06-12T11:59:10Z" level=info msg="  - ExcludeDevices: "
2026-06-12T11:59:10.546527963Z time="2026-06-12T11:59:10Z" level=info msg="  - ExcludeVendors: "
2026-06-12T11:59:10.546533710Z time="2026-06-12T11:59:10Z" level=info msg="  - ExcludePaths: "
2026-06-12T11:59:10.546538015Z time="2026-06-12T11:59:10Z" level=info msg="  - ExcludeLabels: COS_*,HARV_*"
2026-06-12T11:59:10.546542173Z time="2026-06-12T11:59:10Z" level=info msg="register exclude filters"
2026-06-12T11:59:10.546547492Z time="2026-06-12T11:59:10Z" level=info msg="Attempting to load auto-provision configuration from ConfigMap"
2026-06-12T11:59:10.548620002Z time="2026-06-12T11:59:10Z" level=info msg="Successfully loaded auto-provision configuration from ConfigMap for node hp-69-tink-system"
2026-06-12T11:59:10.548640682Z time="2026-06-12T11:59:10Z" level=info msg="  - Devices: "
2026-06-12T11:59:10.548645885Z time="2026-06-12T11:59:10Z" level=info msg="register auto provision filters"
2026-06-12T11:59:10.662427543Z time="2026-06-12T11:59:10Z" level=info msg="Scanning device" device=/dev/nvme0n1
2026-06-12T11:59:10.662455098Z time="2026-06-12T11:59:10Z" level=info msg="block device /dev/nvme0n1 ignored by label filter and rules: fs labels: [COS_*, HARV_*]"
2026-06-12T11:59:10.665971648Z time="2026-06-12T11:59:10Z" level=info msg="Waiting new event to trigger..."
2026-06-12T11:59:50.623107159Z time="2026-06-12T11:59:50Z" level=info msg="block device /dev/sda ignored by vendor filter and rules: vendors: [longhorn, SPDK bdev Controller]"
2026-06-12T11:59:51.026584172Z time="2026-06-12T11:59:51Z" level=info msg="block device /dev/sdb ignored by vendor filter and rules: vendors: [longhorn, SPDK bdev Controller]"
2026-06-12T12:00:42.977820855Z time="2026-06-12T12:00:42Z" level=info msg="removing disk" device=/dev/sdb model=VIRTUAL-DISK serial=60000000000000000e00000000020001 vendor=IET wwn=0x6000000000000000
2026-06-12T12:00:42.977857597Z time="2026-06-12T12:00:42Z" level=info msg="udev action triggering scanner wake" device=/dev/sdb kind=BlockDevice namespace=longhorn-system udevAction=remove
2026-06-12T12:00:42.977865236Z time="2026-06-12T12:00:42Z" level=info msg="Scanner woke up, do scan..."
2026-06-12T12:00:42.980926534Z time="2026-06-12T12:00:42Z" level=info msg="Successfully loaded filter configuration from ConfigMap for node hp-69-tink-system"
2026-06-12T12:00:42.980954476Z time="2026-06-12T12:00:42Z" level=info msg="  - ExcludeDevices: "
2026-06-12T12:00:42.980961364Z time="2026-06-12T12:00:42Z" level=info msg="  - ExcludeVendors: "
2026-06-12T12:00:42.980967554Z time="2026-06-12T12:00:42Z" level=info msg="  - ExcludePaths: "
2026-06-12T12:00:42.980973865Z time="2026-06-12T12:00:42Z" level=info msg="  - ExcludeLabels: COS_*,HARV_*"
2026-06-12T12:00:42.980979635Z time="2026-06-12T12:00:42Z" level=info msg="register exclude filters"
2026-06-12T12:00:42.980985712Z time="2026-06-12T12:00:42Z" level=info msg="Attempting to load auto-provision configuration from ConfigMap"
2026-06-12T12:00:42.983466460Z time="2026-06-12T12:00:42Z" level=info msg="Successfully loaded auto-provision configuration from ConfigMap for node hp-69-tink-system"
2026-06-12T12:00:42.983504807Z time="2026-06-12T12:00:42Z" level=info msg="  - Devices: "
2026-06-12T12:00:42.983513036Z time="2026-06-12T12:00:42Z" level=info msg="register auto provision filters"
2026-06-12T12:00:43.099353026Z WARNING: failed to read int from file: open /sys/block/sda/queue/rotational: no such file or directory
2026-06-12T12:00:43.101746791Z time="2026-06-12T12:00:43Z" level=info msg="removing disk" device=/dev/sda model=VIRTUAL-DISK serial=60000000000000000e00000000010001 vendor=IET wwn=0x6000000000000000
2026-06-12T12:00:43.104965913Z time="2026-06-12T12:00:43Z" level=info msg="Scanning device" device=/dev/nvme0n1
2026-06-12T12:00:43.104992911Z time="2026-06-12T12:00:43Z" level=info msg="block device /dev/nvme0n1 ignored by label filter and rules: fs labels: [COS_*, HARV_*]"
2026-06-12T12:00:43.105017329Z time="2026-06-12T12:00:43Z" level=info msg="Scanning device" device=/dev/sda
2026-06-12T12:00:43.104979933Z WARNING: failed to read disk partitions: open /sys/block/sda: no such file or directory
2026-06-12T12:00:43.116113284Z time="2026-06-12T12:00:43Z" level=info msg="Detected disk" buspath=unknown device=/dev/sda model=unknown serial=unknown uuid= vendor=unknown wwn=unknown
2026-06-12T12:00:43.118989720Z time="2026-06-12T12:00:43Z" level=info msg="creating new BD" buspath=unknown device=/dev/sda model=unknown name=f818bc06-482f-4aef-b09a-d458d9c9329f serial=unknown uuid= vendor=unknown wwn=unknown
2026-06-12T12:00:43.125926260Z time="2026-06-12T12:00:43Z" level=info msg="Add new block device f818bc06-482f-4aef-b09a-d458d9c9329f with device: /dev/sda"
2026-06-12T12:00:43.137541250Z time="2026-06-12T12:00:43Z" level=info msg="Waiting new event to trigger..."
2026-06-12T12:00:43.137564651Z time="2026-06-12T12:00:43Z" level=info msg="udev action triggering scanner wake" device=/dev/sda kind=BlockDevice namespace=longhorn-system udevAction=remove
2026-06-12T12:00:43.137569837Z time="2026-06-12T12:00:43Z" level=info msg="Scanner woke up, do scan..."
2026-06-12T12:00:43.138125665Z time="2026-06-12T12:00:43Z" level=info msg="Skip device f818bc06-482f-4aef-b09a-d458d9c9329f as no provisioner found or not configured"
2026-06-12T12:00:43.139949415Z time="2026-06-12T12:00:43Z" level=info msg="Successfully loaded filter configuration from ConfigMap for node hp-69-tink-system"
2026-06-12T12:00:43.139972255Z time="2026-06-12T12:00:43Z" level=info msg="  - ExcludeDevices: "
2026-06-12T12:00:43.139976977Z time="2026-06-12T12:00:43Z" level=info msg="  - ExcludeVendors: "
2026-06-12T12:00:43.139981819Z time="2026-06-12T12:00:43Z" level=info msg="  - ExcludePaths: "
2026-06-12T12:00:43.139986324Z time="2026-06-12T12:00:43Z" level=info msg="  - ExcludeLabels: COS_*,HARV_*"
2026-06-12T12:00:43.139990446Z time="2026-06-12T12:00:43Z" level=info msg="register exclude filters"
2026-06-12T12:00:43.139994760Z time="2026-06-12T12:00:43Z" level=info msg="Attempting to load auto-provision configuration from ConfigMap"
2026-06-12T12:00:43.142126892Z time="2026-06-12T12:00:43Z" level=info msg="Successfully loaded auto-provision configuration from ConfigMap for node hp-69-tink-system"
2026-06-12T12:00:43.142147489Z time="2026-06-12T12:00:43Z" level=info msg="  - Devices: "
2026-06-12T12:00:43.142152534Z time="2026-06-12T12:00:43Z" level=info msg="register auto provision filters"
2026-06-12T12:00:43.166383399Z time="2026-06-12T12:00:43Z" level=info msg="Skip device f818bc06-482f-4aef-b09a-d458d9c9329f as no provisioner found or not configured"
2026-06-12T12:00:43.171648623Z time="2026-06-12T12:00:43Z" level=info msg="Skip device f818bc06-482f-4aef-b09a-d458d9c9329f as no provisioner found or not configured"
2026-06-12T12:00:43.257995931Z time="2026-06-12T12:00:43Z" level=info msg="Scanning device" device=/dev/nvme0n1
2026-06-12T12:00:43.258021217Z time="2026-06-12T12:00:43Z" level=info msg="block device /dev/nvme0n1 ignored by label filter and rules: fs labels: [COS_*, HARV_*]"
2026-06-12T12:00:43.270761443Z time="2026-06-12T12:00:43Z" level=info msg="Waiting new event to trigger..."
2026-06-12T12:01:49.637441479Z time="2026-06-12T12:01:49Z" level=info msg="block device /dev/sda ignored by vendor filter and rules: vendors: [longhorn, SPDK bdev Controller]"
2026-06-12T12:04:27.392884241Z time="2026-06-12T12:04:27Z" level=info msg="removing disk" device=/dev/sda model=VIRTUAL-DISK serial=60000000000000000e00000000010001 vendor=IET wwn=0x6000000000000000
2026-06-12T12:04:27.392918334Z time="2026-06-12T12:04:27Z" level=info msg="udev action triggering scanner wake" device=/dev/sda kind=BlockDevice namespace=longhorn-system udevAction=remove
2026-06-12T12:04:27.392944918Z time="2026-06-12T12:04:27Z" level=info msg="Scanner woke up, do scan..."
2026-06-12T12:04:27.396097501Z time="2026-06-12T12:04:27Z" level=info msg="Successfully loaded filter configuration from ConfigMap for node hp-69-tink-system"
2026-06-12T12:04:27.396118428Z time="2026-06-12T12:04:27Z" level=info msg="  - ExcludeDevices: "
2026-06-12T12:04:27.396122940Z time="2026-06-12T12:04:27Z" level=info msg="  - ExcludeVendors: "
2026-06-12T12:04:27.396127522Z time="2026-06-12T12:04:27Z" level=info msg="  - ExcludePaths: "
2026-06-12T12:04:27.396131563Z time="2026-06-12T12:04:27Z" level=info msg="  - ExcludeLabels: COS_*,HARV_*"
2026-06-12T12:04:27.396135721Z time="2026-06-12T12:04:27Z" level=info msg="register exclude filters"
2026-06-12T12:04:27.396140116Z time="2026-06-12T12:04:27Z" level=info msg="Attempting to load auto-provision configuration from ConfigMap"
2026-06-12T12:04:27.398535637Z time="2026-06-12T12:04:27Z" level=info msg="Successfully loaded auto-provision configuration from ConfigMap for node hp-69-tink-system"
2026-06-12T12:04:27.398556998Z time="2026-06-12T12:04:27Z" level=info msg="  - Devices: "
2026-06-12T12:04:27.398561754Z time="2026-06-12T12:04:27Z" level=info msg="register auto provision filters"
2026-06-12T12:04:27.514897888Z time="2026-06-12T12:04:27Z" level=info msg="Scanning device" device=/dev/nvme0n1
2026-06-12T12:04:27.514924955Z time="2026-06-12T12:04:27Z" level=info msg="block device /dev/nvme0n1 ignored by label filter and rules: fs labels: [COS_*, HARV_*]"
2026-06-12T12:04:27.521066931Z time="2026-06-12T12:04:27Z" level=info msg="Waiting new event to trigger..."
2026-06-12T12:04:54.702519997Z time="2026-06-12T12:04:54Z" level=info msg="block device /dev/sda ignored by vendor filter and rules: vendors: [longhorn, SPDK bdev Controller]"
2026-06-12T12:07:30.831435183Z time="2026-06-12T12:07:30Z" level=info msg="removing disk" device=/dev/sda model=VIRTUAL-DISK serial=60000000000000000e00000000010001 vendor=IET wwn=0x6000000000000000
2026-06-12T12:07:30.831468889Z time="2026-06-12T12:07:30Z" level=info msg="udev action triggering scanner wake" device=/dev/sda kind=BlockDevice namespace=longhorn-system udevAction=remove
2026-06-12T12:07:30.831476454Z time="2026-06-12T12:07:30Z" level=info msg="Scanner woke up, do scan..."
2026-06-12T12:07:30.834705435Z time="2026-06-12T12:07:30Z" level=info msg="Successfully loaded filter configuration from ConfigMap for node hp-69-tink-system"
2026-06-12T12:07:30.834738647Z time="2026-06-12T12:07:30Z" level=info msg="  - ExcludeDevices: "
2026-06-12T12:07:30.834745735Z time="2026-06-12T12:07:30Z" level=info msg="  - ExcludeVendors: "
2026-06-12T12:07:30.834752322Z time="2026-06-12T12:07:30Z" level=info msg="  - ExcludePaths: "
2026-06-12T12:07:30.834758262Z time="2026-06-12T12:07:30Z" level=info msg="  - ExcludeLabels: COS_*,HARV_*"
2026-06-12T12:07:30.834764226Z time="2026-06-12T12:07:30Z" level=info msg="register exclude filters"
2026-06-12T12:07:30.834770827Z time="2026-06-12T12:07:30Z" level=info msg="Attempting to load auto-provision configuration from ConfigMap"
2026-06-12T12:07:30.837061654Z time="2026-06-12T12:07:30Z" level=info msg="Successfully loaded auto-provision configuration from ConfigMap for node hp-69-tink-system"
2026-06-12T12:07:30.837086519Z time="2026-06-12T12:07:30Z" level=info msg="  - Devices: "
2026-06-12T12:07:30.837093708Z time="2026-06-12T12:07:30Z" level=info msg="register auto provision filters"
2026-06-12T12:07:30.951765669Z time="2026-06-12T12:07:30Z" level=info msg="Scanning device" device=/dev/nvme0n1
2026-06-12T12:07:30.951797742Z time="2026-06-12T12:07:30Z" level=info msg="block device /dev/nvme0n1 ignored by label filter and rules: fs labels: [COS_*, HARV_*]"
2026-06-12T12:07:30.955154173Z time="2026-06-12T12:07:30Z" level=info msg="Waiting new event to trigger..."
2026-06-12T12:09:01.952238752Z time="2026-06-12T12:09:01Z" level=info msg="block device /dev/sda ignored by vendor filter and rules: vendors: [longhorn, SPDK bdev Controller]"
2026-06-12T12:13:18.277944449Z time="2026-06-12T12:13:18Z" level=info msg="removing disk" device=/dev/sda model=VIRTUAL-DISK serial=60000000000000000e00000000010001 vendor=IET wwn=0x6000000000000000
2026-06-12T12:13:18.277983157Z time="2026-06-12T12:13:18Z" level=info msg="udev action triggering scanner wake" device=/dev/sda kind=BlockDevice namespace=longhorn-system udevAction=remove
2026-06-12T12:13:18.277991409Z time="2026-06-12T12:13:18Z" level=info msg="Scanner woke up, do scan..."
2026-06-12T12:13:18.280995359Z time="2026-06-12T12:13:18Z" level=info msg="Successfully loaded filter configuration from ConfigMap for node hp-69-tink-system"
2026-06-12T12:13:18.281023188Z time="2026-06-12T12:13:18Z" level=info msg="  - ExcludeDevices: "
2026-06-12T12:13:18.281030236Z time="2026-06-12T12:13:18Z" level=info msg="  - ExcludeVendors: "
2026-06-12T12:13:18.281036580Z time="2026-06-12T12:13:18Z" level=info msg="  - ExcludePaths: "
2026-06-12T12:13:18.281042784Z time="2026-06-12T12:13:18Z" level=info msg="  - ExcludeLabels: COS_*,HARV_*"
2026-06-12T12:13:18.281048557Z time="2026-06-12T12:13:18Z" level=info msg="register exclude filters"
2026-06-12T12:13:18.281054894Z time="2026-06-12T12:13:18Z" level=info msg="Attempting to load auto-provision configuration from ConfigMap"
2026-06-12T12:13:18.283593913Z time="2026-06-12T12:13:18Z" level=info msg="Successfully loaded auto-provision configuration from ConfigMap for node hp-69-tink-system"
2026-06-12T12:13:18.283619543Z time="2026-06-12T12:13:18Z" level=info msg="  - Devices: "
2026-06-12T12:13:18.283631727Z time="2026-06-12T12:13:18Z" level=info msg="register auto provision filters"
2026-06-12T12:13:18.399728871Z time="2026-06-12T12:13:18Z" level=info msg="Scanning device" device=/dev/nvme0n1
2026-06-12T12:13:18.399756707Z time="2026-06-12T12:13:18Z" level=info msg="block device /dev/nvme0n1 ignored by label filter and rules: fs labels: [COS_*, HARV_*]"
2026-06-12T12:13:18.402632823Z time="2026-06-12T12:13:18Z" level=info msg="Waiting new event to trigger..."
2026-06-12T12:13:42.377397207Z time="2026-06-12T12:13:42Z" level=info msg="block device /dev/sda ignored by vendor filter and rules: vendors: [longhorn, SPDK bdev Controller]"
2026-06-12T12:14:40.277370246Z time="2026-06-12T12:14:40Z" level=info msg="removing disk" device=/dev/sda model=VIRTUAL-DISK serial=60000000000000000e00000000010001 vendor=IET wwn=0x6000000000000000
2026-06-12T12:14:40.277406074Z time="2026-06-12T12:14:40Z" level=info msg="udev action triggering scanner wake" device=/dev/sda kind=BlockDevice namespace=longhorn-system udevAction=remove
2026-06-12T12:14:40.277414066Z time="2026-06-12T12:14:40Z" level=info msg="Scanner woke up, do scan..."
2026-06-12T12:14:40.280450871Z time="2026-06-12T12:14:40Z" level=info msg="Successfully loaded filter configuration from ConfigMap for node hp-69-tink-system"
2026-06-12T12:14:40.280499353Z time="2026-06-12T12:14:40Z" level=info msg="  - ExcludeDevices: "
2026-06-12T12:14:40.280513152Z time="2026-06-12T12:14:40Z" level=info msg="  - ExcludeVendors: "
2026-06-12T12:14:40.280523404Z time="2026-06-12T12:14:40Z" level=info msg="  - ExcludePaths: "
2026-06-12T12:14:40.280531653Z time="2026-06-12T12:14:40Z" level=info msg="  - ExcludeLabels: COS_*,HARV_*"
2026-06-12T12:14:40.280540530Z time="2026-06-12T12:14:40Z" level=info msg="register exclude filters"
2026-06-12T12:14:40.280574893Z time="2026-06-12T12:14:40Z" level=info msg="Attempting to load auto-provision configuration from ConfigMap"
2026-06-12T12:14:40.282895655Z time="2026-06-12T12:14:40Z" level=info msg="Successfully loaded auto-provision configuration from ConfigMap for node hp-69-tink-system"
2026-06-12T12:14:40.282940717Z time="2026-06-12T12:14:40Z" level=info msg="  - Devices: "
2026-06-12T12:14:40.282946597Z time="2026-06-12T12:14:40Z" level=info msg="register auto provision filters"
2026-06-12T12:14:40.399253748Z time="2026-06-12T12:14:40Z" level=info msg="Scanning device" device=/dev/nvme0n1
2026-06-12T12:14:40.399280579Z time="2026-06-12T12:14:40Z" level=info msg="block device /dev/nvme0n1 ignored by label filter and rules: fs labels: [COS_*, HARV_*]"
2026-06-12T12:14:40.402090969Z time="2026-06-12T12:14:40Z" level=info msg="Waiting new event to trigger..."
2026-06-12T12:14:43.375206536Z time="2026-06-12T12:14:43Z" level=info msg="block device /dev/sda ignored by vendor filter and rules: vendors: [longhorn, SPDK bdev Controller]"
2026-06-12T12:16:42.555305198Z time="2026-06-12T12:16:42Z" level=info msg="removing disk" device=/dev/sda model=VIRTUAL-DISK serial=60000000000000000e00000000010001 vendor=IET wwn=0x6000000000000000
2026-06-12T12:16:42.555340432Z time="2026-06-12T12:16:42Z" level=info msg="udev action triggering scanner wake" device=/dev/sda kind=BlockDevice namespace=longhorn-system udevAction=remove
2026-06-12T12:16:42.555348328Z time="2026-06-12T12:16:42Z" level=info msg="Scanner woke up, do scan..."
2026-06-12T12:16:42.558820109Z time="2026-06-12T12:16:42Z" level=info msg="Successfully loaded filter configuration from ConfigMap for node hp-69-tink-system"
2026-06-12T12:16:42.558846984Z time="2026-06-12T12:16:42Z" level=info msg="  - ExcludeDevices: "
2026-06-12T12:16:42.558856882Z time="2026-06-12T12:16:42Z" level=info msg="  - ExcludeVendors: "
2026-06-12T12:16:42.558868582Z time="2026-06-12T12:16:42Z" level=info msg="  - ExcludePaths: "
2026-06-12T12:16:42.558879211Z time="2026-06-12T12:16:42Z" level=info msg="  - ExcludeLabels: COS_*,HARV_*"
2026-06-12T12:16:42.558888679Z time="2026-06-12T12:16:42Z" level=info msg="register exclude filters"
2026-06-12T12:16:42.558914416Z time="2026-06-12T12:16:42Z" level=info msg="Attempting to load auto-provision configuration from ConfigMap"
2026-06-12T12:16:42.561173382Z time="2026-06-12T12:16:42Z" level=info msg="Successfully loaded auto-provision configuration from ConfigMap for node hp-69-tink-system"
2026-06-12T12:16:42.561197160Z time="2026-06-12T12:16:42Z" level=info msg="  - Devices: "
2026-06-12T12:16:42.561204682Z time="2026-06-12T12:16:42Z" level=info msg="register auto provision filters"
2026-06-12T12:16:42.680333334Z time="2026-06-12T12:16:42Z" level=info msg="Scanning device" device=/dev/nvme0n1
2026-06-12T12:16:42.680366636Z time="2026-06-12T12:16:42Z" level=info msg="block device /dev/nvme0n1 ignored by label filter and rules: fs labels: [COS_*, HARV_*]"
2026-06-12T12:16:42.683229717Z time="2026-06-12T12:16:42Z" level=info msg="Waiting new event to trigger..."
2026-06-12T12:16:44.970808017Z time="2026-06-12T12:16:44Z" level=info msg="block device /dev/sda ignored by vendor filter and rules: vendors: [longhorn, SPDK bdev Controller]"
2026-06-12T12:17:44.110845448Z time="2026-06-12T12:17:44Z" level=info msg="removing disk" device=/dev/sda model=VIRTUAL-DISK serial=60000000000000000e00000000010001 vendor=IET wwn=0x6000000000000000
2026-06-12T12:17:44.110882304Z time="2026-06-12T12:17:44Z" level=info msg="udev action triggering scanner wake" device=/dev/sda kind=BlockDevice namespace=longhorn-system udevAction=remove
2026-06-12T12:17:44.110890327Z time="2026-06-12T12:17:44Z" level=info msg="Scanner woke up, do scan..."
2026-06-12T12:17:44.114001232Z time="2026-06-12T12:17:44Z" level=info msg="Successfully loaded filter configuration from ConfigMap for node hp-69-tink-system"
2026-06-12T12:17:44.114023925Z time="2026-06-12T12:17:44Z" level=info msg="  - ExcludeDevices: "
2026-06-12T12:17:44.114030606Z time="2026-06-12T12:17:44Z" level=info msg="  - ExcludeVendors: "
2026-06-12T12:17:44.114059449Z time="2026-06-12T12:17:44Z" level=info msg="  - ExcludePaths: "
2026-06-12T12:17:44.114064288Z time="2026-06-12T12:17:44Z" level=info msg="  - ExcludeLabels: COS_*,HARV_*"
2026-06-12T12:17:44.114068336Z time="2026-06-12T12:17:44Z" level=info msg="register exclude filters"
2026-06-12T12:17:44.114072598Z time="2026-06-12T12:17:44Z" level=info msg="Attempting to load auto-provision configuration from ConfigMap"
2026-06-12T12:17:44.116728315Z time="2026-06-12T12:17:44Z" level=info msg="Successfully loaded auto-provision configuration from ConfigMap for node hp-69-tink-system"
2026-06-12T12:17:44.116751472Z time="2026-06-12T12:17:44Z" level=info msg="  - Devices: "
2026-06-12T12:17:44.116756718Z time="2026-06-12T12:17:44Z" level=info msg="register auto provision filters"
2026-06-12T12:17:44.234075902Z time="2026-06-12T12:17:44Z" level=info msg="Scanning device" device=/dev/nvme0n1
2026-06-12T12:17:44.234104261Z time="2026-06-12T12:17:44Z" level=info msg="block device /dev/nvme0n1 ignored by label filter and rules: fs labels: [COS_*, HARV_*]"
2026-06-12T12:17:44.236726443Z time="2026-06-12T12:17:44Z" level=info msg="Waiting new event to trigger..."
2026-06-12T12:32:50.814053089Z time="2026-06-12T12:32:50Z" level=info msg="block device /dev/sda ignored by vendor filter and rules: vendors: [longhorn, SPDK bdev Controller]"
2026-06-12T12:34:10.354363565Z time="2026-06-12T12:34:10Z" level=info msg="block device /dev/sdb ignored by vendor filter and rules: vendors: [longhorn, SPDK bdev Controller]"
2026-06-12T12:35:53.667986280Z time="2026-06-12T12:35:53Z" level=info msg="removing disk" device=/dev/sdb model=VIRTUAL-DISK serial=60000000000000000e00000000020001 vendor=IET wwn=0x6000000000000000
2026-06-12T12:35:53.668018524Z time="2026-06-12T12:35:53Z" level=info msg="udev action triggering scanner wake" device=/dev/sdb kind=BlockDevice namespace=longhorn-system udevAction=remove
2026-06-12T12:35:53.668025896Z time="2026-06-12T12:35:53Z" level=info msg="Scanner woke up, do scan..."
2026-06-12T12:35:53.670815459Z time="2026-06-12T12:35:53Z" level=info msg="Successfully loaded filter configuration from ConfigMap for node hp-69-tink-system"
2026-06-12T12:35:53.670842513Z time="2026-06-12T12:35:53Z" level=info msg="  - ExcludeDevices: "
2026-06-12T12:35:53.670852268Z time="2026-06-12T12:35:53Z" level=info msg="  - ExcludeVendors: "
2026-06-12T12:35:53.670861862Z time="2026-06-12T12:35:53Z" level=info msg="  - ExcludePaths: "
2026-06-12T12:35:53.670871270Z time="2026-06-12T12:35:53Z" level=info msg="  - ExcludeLabels: COS_*,HARV_*"
2026-06-12T12:35:53.670880330Z time="2026-06-12T12:35:53Z" level=info msg="register exclude filters"
2026-06-12T12:35:53.670903123Z time="2026-06-12T12:35:53Z" level=info msg="Attempting to load auto-provision configuration from ConfigMap"
2026-06-12T12:35:53.673342058Z time="2026-06-12T12:35:53Z" level=info msg="Successfully loaded auto-provision configuration from ConfigMap for node hp-69-tink-system"
2026-06-12T12:35:53.673366226Z time="2026-06-12T12:35:53Z" level=info msg="  - Devices: "
2026-06-12T12:35:53.673372700Z time="2026-06-12T12:35:53Z" level=info msg="register auto provision filters"
2026-06-12T12:35:53.937015244Z time="2026-06-12T12:35:53Z" level=info msg="Scanning device" device=/dev/nvme0n1
2026-06-12T12:35:53.937045409Z time="2026-06-12T12:35:53Z" level=info msg="block device /dev/nvme0n1 ignored by label filter and rules: fs labels: [COS_*, HARV_*]"
2026-06-12T12:35:53.937052443Z time="2026-06-12T12:35:53Z" level=info msg="Scanning device" device=/dev/sda
2026-06-12T12:35:53.937058671Z time="2026-06-12T12:35:53Z" level=info msg="block device /dev/sda ignored by vendor filter and rules: vendors: [longhorn, SPDK bdev Controller]"
2026-06-12T12:35:53.941790493Z time="2026-06-12T12:35:53Z" level=info msg="Waiting new event to trigger..."
2026-06-12T12:35:57.890368820Z time="2026-06-12T12:35:57Z" level=info msg="block device /dev/sdb ignored by vendor filter and rules: vendors: [longhorn, SPDK bdev Controller]"
2026-06-12T12:37:46.221887486Z time="2026-06-12T12:37:46Z" level=info msg="removing disk" device=/dev/sdb model=VIRTUAL-DISK serial=60000000000000000e00000000020001 vendor=IET wwn=0x6000000000000000
2026-06-12T12:37:46.221923698Z time="2026-06-12T12:37:46Z" level=info msg="udev action triggering scanner wake" device=/dev/sdb kind=BlockDevice namespace=longhorn-system udevAction=remove
2026-06-12T12:37:46.221932755Z time="2026-06-12T12:37:46Z" level=info msg="Scanner woke up, do scan..."
2026-06-12T12:37:46.225102538Z time="2026-06-12T12:37:46Z" level=info msg="Successfully loaded filter configuration from ConfigMap for node hp-69-tink-system"
2026-06-12T12:37:46.225127196Z time="2026-06-12T12:37:46Z" level=info msg="  - ExcludeDevices: "
2026-06-12T12:37:46.225133624Z time="2026-06-12T12:37:46Z" level=info msg="  - ExcludeVendors: "
2026-06-12T12:37:46.225141163Z time="2026-06-12T12:37:46Z" level=info msg="  - ExcludePaths: "
2026-06-12T12:37:46.225147043Z time="2026-06-12T12:37:46Z" level=info msg="  - ExcludeLabels: COS_*,HARV_*"
2026-06-12T12:37:46.225153196Z time="2026-06-12T12:37:46Z" level=info msg="register exclude filters"
2026-06-12T12:37:46.225170233Z time="2026-06-12T12:37:46Z" level=info msg="Attempting to load auto-provision configuration from ConfigMap"
2026-06-12T12:37:46.227490253Z time="2026-06-12T12:37:46Z" level=info msg="Successfully loaded auto-provision configuration from ConfigMap for node hp-69-tink-system"
2026-06-12T12:37:46.227513974Z time="2026-06-12T12:37:46Z" level=info msg="  - Devices: "
2026-06-12T12:37:46.227521800Z time="2026-06-12T12:37:46Z" level=info msg="register auto provision filters"
2026-06-12T12:37:46.491349337Z time="2026-06-12T12:37:46Z" level=info msg="Scanning device" device=/dev/nvme0n1
2026-06-12T12:37:46.491389250Z time="2026-06-12T12:37:46Z" level=info msg="block device /dev/nvme0n1 ignored by label filter and rules: fs labels: [COS_*, HARV_*]"
2026-06-12T12:37:46.491396425Z time="2026-06-12T12:37:46Z" level=info msg="Scanning device" device=/dev/sda
2026-06-12T12:37:46.491403116Z time="2026-06-12T12:37:46Z" level=info msg="block device /dev/sda ignored by vendor filter and rules: vendors: [longhorn, SPDK bdev Controller]"
2026-06-12T12:37:46.497678922Z time="2026-06-12T12:37:46Z" level=info msg="Waiting new event to trigger..."
2026-06-12T12:37:54.353427907Z time="2026-06-12T12:37:54Z" level=info msg="block device /dev/sdb ignored by vendor filter and rules: vendors: [longhorn, SPDK bdev Controller]"
2026-06-12T12:37:56.566963403Z time="2026-06-12T12:37:56Z" level=info msg="removing disk" device=/dev/sda model=VIRTUAL-DISK serial=60000000000000000e00000000010001 vendor=IET wwn=0x6000000000000000
2026-06-12T12:37:56.567001500Z time="2026-06-12T12:37:56Z" level=info msg="udev action triggering scanner wake" device=/dev/sda kind=BlockDevice namespace=longhorn-system udevAction=remove
2026-06-12T12:37:56.567010203Z time="2026-06-12T12:37:56Z" level=info msg="Scanner woke up, do scan..."
2026-06-12T12:37:56.574155828Z time="2026-06-12T12:37:56Z" level=info msg="Successfully loaded filter configuration from ConfigMap for node hp-69-tink-system"
2026-06-12T12:37:56.574183190Z time="2026-06-12T12:37:56Z" level=info msg="  - ExcludeDevices: "
2026-06-12T12:37:56.574189551Z time="2026-06-12T12:37:56Z" level=info msg="  - ExcludeVendors: "
2026-06-12T12:37:56.574196585Z time="2026-06-12T12:37:56Z" level=info msg="  - ExcludePaths: "
2026-06-12T12:37:56.574202178Z time="2026-06-12T12:37:56Z" level=info msg="  - ExcludeLabels: COS_*,HARV_*"
2026-06-12T12:37:56.574207942Z time="2026-06-12T12:37:56Z" level=info msg="register exclude filters"
2026-06-12T12:37:56.574231512Z time="2026-06-12T12:37:56Z" level=info msg="Attempting to load auto-provision configuration from ConfigMap"
2026-06-12T12:37:56.576652726Z time="2026-06-12T12:37:56Z" level=info msg="Successfully loaded auto-provision configuration from ConfigMap for node hp-69-tink-system"
2026-06-12T12:37:56.576678052Z time="2026-06-12T12:37:56Z" level=info msg="  - Devices: "
2026-06-12T12:37:56.576683188Z time="2026-06-12T12:37:56Z" level=info msg="register auto provision filters"
2026-06-12T12:37:56.883510981Z time="2026-06-12T12:37:56Z" level=info msg="Scanning device" device=/dev/nvme0n1
2026-06-12T12:37:56.883548922Z time="2026-06-12T12:37:56Z" level=info msg="block device /dev/nvme0n1 ignored by label filter and rules: fs labels: [COS_*, HARV_*]"
2026-06-12T12:37:56.883555179Z time="2026-06-12T12:37:56Z" level=info msg="Scanning device" device=/dev/sdb
2026-06-12T12:37:56.883559908Z time="2026-06-12T12:37:56Z" level=info msg="block device /dev/sdb ignored by vendor filter and rules: vendors: [longhorn, SPDK bdev Controller]"
2026-06-12T12:37:56.887021340Z time="2026-06-12T12:37:56Z" level=info msg="Waiting new event to trigger..."
2026-06-12T12:42:16.899611647Z time="2026-06-12T12:42:16Z" level=info msg="block device /dev/sda ignored by vendor filter and rules: vendors: [longhorn, SPDK bdev Controller]"
2026-06-12T12:43:54.912884108Z time="2026-06-12T12:43:54Z" level=info msg="removing disk" device=/dev/sda model=VIRTUAL-DISK serial=60000000000000000e00000000010001 vendor=IET wwn=0x6000000000000000
2026-06-12T12:43:54.912924024Z time="2026-06-12T12:43:54Z" level=info msg="udev action triggering scanner wake" device=/dev/sda kind=BlockDevice namespace=longhorn-system udevAction=remove
2026-06-12T12:43:54.912932787Z time="2026-06-12T12:43:54Z" level=info msg="Scanner woke up, do scan..."
2026-06-12T12:43:54.916136069Z time="2026-06-12T12:43:54Z" level=info msg="Successfully loaded filter configuration from ConfigMap for node hp-69-tink-system"
2026-06-12T12:43:54.916164522Z time="2026-06-12T12:43:54Z" level=info msg="  - ExcludeDevices: "
2026-06-12T12:43:54.916171063Z time="2026-06-12T12:43:54Z" level=info msg="  - ExcludeVendors: "
2026-06-12T12:43:54.916176633Z time="2026-06-12T12:43:54Z" level=info msg="  - ExcludePaths: "
2026-06-12T12:43:54.916183571Z time="2026-06-12T12:43:54Z" level=info msg="  - ExcludeLabels: COS_*,HARV_*"
2026-06-12T12:43:54.916190055Z time="2026-06-12T12:43:54Z" level=info msg="register exclude filters"
2026-06-12T12:43:54.916196282Z time="2026-06-12T12:43:54Z" level=info msg="Attempting to load auto-provision configuration from ConfigMap"
2026-06-12T12:43:54.918439565Z time="2026-06-12T12:43:54Z" level=info msg="Successfully loaded auto-provision configuration from ConfigMap for node hp-69-tink-system"
2026-06-12T12:43:54.918461453Z time="2026-06-12T12:43:54Z" level=info msg="  - Devices: "
2026-06-12T12:43:54.918467961Z time="2026-06-12T12:43:54Z" level=info msg="register auto provision filters"
2026-06-12T12:43:55.186792169Z time="2026-06-12T12:43:55Z" level=info msg="Scanning device" device=/dev/nvme0n1
2026-06-12T12:43:55.186825514Z time="2026-06-12T12:43:55Z" level=info msg="block device /dev/nvme0n1 ignored by label filter and rules: fs labels: [COS_*, HARV_*]"
2026-06-12T12:43:55.186833092Z time="2026-06-12T12:43:55Z" level=info msg="Scanning device" device=/dev/sdb
2026-06-12T12:43:55.186839366Z time="2026-06-12T12:43:55Z" level=info msg="block device /dev/sdb ignored by vendor filter and rules: vendors: [longhorn, SPDK bdev Controller]"
2026-06-12T12:43:55.190194750Z time="2026-06-12T12:43:55Z" level=info msg="Waiting new event to trigger..."
2026-06-12T12:44:25.358400945Z time="2026-06-12T12:44:25Z" level=info msg="removing disk" device=/dev/sdb model=VIRTUAL-DISK serial=60000000000000000e00000000020001 vendor=IET wwn=0x6000000000000000
2026-06-12T12:44:25.358468406Z time="2026-06-12T12:44:25Z" level=info msg="udev action triggering scanner wake" device=/dev/sdb kind=BlockDevice namespace=longhorn-system udevAction=remove
2026-06-12T12:44:25.358500109Z time="2026-06-12T12:44:25Z" level=info msg="Scanner woke up, do scan..."
2026-06-12T12:44:25.361409893Z time="2026-06-12T12:44:25Z" level=info msg="Successfully loaded filter configuration from ConfigMap for node hp-69-tink-system"
2026-06-12T12:44:25.361435008Z time="2026-06-12T12:44:25Z" level=info msg="  - ExcludeDevices: "
2026-06-12T12:44:25.361442504Z time="2026-06-12T12:44:25Z" level=info msg="  - ExcludeVendors: "
2026-06-12T12:44:25.361450596Z time="2026-06-12T12:44:25Z" level=info msg="  - ExcludePaths: "
2026-06-12T12:44:25.361457044Z time="2026-06-12T12:44:25Z" level=info msg="  - ExcludeLabels: COS_*,HARV_*"
2026-06-12T12:44:25.361463184Z time="2026-06-12T12:44:25Z" level=info msg="register exclude filters"
2026-06-12T12:44:25.361471494Z time="2026-06-12T12:44:25Z" level=info msg="Attempting to load auto-provision configuration from ConfigMap"
2026-06-12T12:44:25.364012469Z time="2026-06-12T12:44:25Z" level=info msg="Successfully loaded auto-provision configuration from ConfigMap for node hp-69-tink-system"
2026-06-12T12:44:25.364034748Z time="2026-06-12T12:44:25Z" level=info msg="  - Devices: "
2026-06-12T12:44:25.364039894Z time="2026-06-12T12:44:25Z" level=info msg="register auto provision filters"
2026-06-12T12:44:25.482787015Z time="2026-06-12T12:44:25Z" level=info msg="Scanning device" device=/dev/nvme0n1
2026-06-12T12:44:25.482809738Z time="2026-06-12T12:44:25Z" level=info msg="block device /dev/nvme0n1 ignored by label filter and rules: fs labels: [COS_*, HARV_*]"
2026-06-12T12:44:25.485957863Z time="2026-06-12T12:44:25Z" level=info msg="Waiting new event to trigger..."
2026-06-12T12:44:30.746845295Z time="2026-06-12T12:44:30Z" level=info msg="block device /dev/sda ignored by vendor filter and rules: vendors: [longhorn, SPDK bdev Controller]"
2026-06-12T12:46:07.558081343Z time="2026-06-12T12:46:07Z" level=info msg="removing disk" device=/dev/sda model=VIRTUAL-DISK serial=60000000000000000e00000000010001 vendor=IET wwn=0x6000000000000000
2026-06-12T12:46:07.558115402Z time="2026-06-12T12:46:07Z" level=info msg="udev action triggering scanner wake" device=/dev/sda kind=BlockDevice namespace=longhorn-system udevAction=remove
2026-06-12T12:46:07.558124633Z time="2026-06-12T12:46:07Z" level=info msg="Scanner woke up, do scan..."
2026-06-12T12:46:07.561615693Z time="2026-06-12T12:46:07Z" level=info msg="Successfully loaded filter configuration from ConfigMap for node hp-69-tink-system"
2026-06-12T12:46:07.561645314Z time="2026-06-12T12:46:07Z" level=info msg="  - ExcludeDevices: "
2026-06-12T12:46:07.561651878Z time="2026-06-12T12:46:07Z" level=info msg="  - ExcludeVendors: "
2026-06-12T12:46:07.561658289Z time="2026-06-12T12:46:07Z" level=info msg="  - ExcludePaths: "
2026-06-12T12:46:07.561664542Z time="2026-06-12T12:46:07Z" level=info msg="  - ExcludeLabels: COS_*,HARV_*"
2026-06-12T12:46:07.561670272Z time="2026-06-12T12:46:07Z" level=info msg="register exclude filters"
2026-06-12T12:46:07.561677878Z time="2026-06-12T12:46:07Z" level=info msg="Attempting to load auto-provision configuration from ConfigMap"
2026-06-12T12:46:07.564124606Z time="2026-06-12T12:46:07Z" level=info msg="Successfully loaded auto-provision configuration from ConfigMap for node hp-69-tink-system"
2026-06-12T12:46:07.564151427Z time="2026-06-12T12:46:07Z" level=info msg="  - Devices: "
2026-06-12T12:46:07.564158755Z time="2026-06-12T12:46:07Z" level=info msg="register auto provision filters"
2026-06-12T12:46:07.682031259Z time="2026-06-12T12:46:07Z" level=info msg="Scanning device" device=/dev/nvme0n1
2026-06-12T12:46:07.682087521Z time="2026-06-12T12:46:07Z" level=info msg="block device /dev/nvme0n1 ignored by label filter and rules: fs labels: [COS_*, HARV_*]"
2026-06-12T12:46:07.684981157Z time="2026-06-12T12:46:07Z" level=info msg="Waiting new event to trigger..."
2026-06-12T12:46:14.923275698Z time="2026-06-12T12:46:14Z" level=info msg="block device /dev/sda ignored by vendor filter and rules: vendors: [longhorn, SPDK bdev Controller]"
2026-06-12T12:46:51.893092557Z time="2026-06-12T12:46:51Z" level=info msg="block device /dev/sdb ignored by vendor filter and rules: vendors: [longhorn, SPDK bdev Controller]"
2026-06-12T12:48:50.649980869Z time="2026-06-12T12:48:50Z" level=info msg="removing disk" device=/dev/sdb model=VIRTUAL-DISK serial=60000000000000000e00000000020001 vendor=IET wwn=0x6000000000000000
2026-06-12T12:48:50.650033980Z time="2026-06-12T12:48:50Z" level=info msg="udev action triggering scanner wake" device=/dev/sdb kind=BlockDevice namespace=longhorn-system udevAction=remove
2026-06-12T12:48:50.650045550Z time="2026-06-12T12:48:50Z" level=info msg="Scanner woke up, do scan..."
2026-06-12T12:48:50.653191156Z time="2026-06-12T12:48:50Z" level=info msg="Successfully loaded filter configuration from ConfigMap for node hp-69-tink-system"
2026-06-12T12:48:50.653216392Z time="2026-06-12T12:48:50Z" level=info msg="  - ExcludeDevices: "
2026-06-12T12:48:50.653222639Z time="2026-06-12T12:48:50Z" level=info msg="  - ExcludeVendors: "
2026-06-12T12:48:50.653229423Z time="2026-06-12T12:48:50Z" level=info msg="  - ExcludePaths: "
2026-06-12T12:48:50.653235267Z time="2026-06-12T12:48:50Z" level=info msg="  - ExcludeLabels: COS_*,HARV_*"
2026-06-12T12:48:50.653240760Z time="2026-06-12T12:48:50Z" level=info msg="register exclude filters"
2026-06-12T12:48:50.653247674Z time="2026-06-12T12:48:50Z" level=info msg="Attempting to load auto-provision configuration from ConfigMap"
2026-06-12T12:48:50.660995031Z time="2026-06-12T12:48:50Z" level=info msg="Successfully loaded auto-provision configuration from ConfigMap for node hp-69-tink-system"
2026-06-12T12:48:50.661028053Z time="2026-06-12T12:48:50Z" level=info msg="  - Devices: "
2026-06-12T12:48:50.661038321Z time="2026-06-12T12:48:50Z" level=info msg="register auto provision filters"
2026-06-12T12:48:50.972404515Z time="2026-06-12T12:48:50Z" level=info msg="Scanning device" device=/dev/nvme0n1
2026-06-12T12:48:50.972442936Z time="2026-06-12T12:48:50Z" level=info msg="block device /dev/nvme0n1 ignored by label filter and rules: fs labels: [COS_*, HARV_*]"
2026-06-12T12:48:50.972461267Z time="2026-06-12T12:48:50Z" level=info msg="Scanning device" device=/dev/sda
2026-06-12T12:48:50.972472110Z time="2026-06-12T12:48:50Z" level=info msg="block device /dev/sda ignored by vendor filter and rules: vendors: [longhorn, SPDK bdev Controller]"
2026-06-12T12:48:50.975150391Z time="2026-06-12T12:48:50Z" level=info msg="Waiting new event to trigger..."
2026-06-12T12:49:10.945564939Z time="2026-06-12T12:49:10Z" level=info msg="removing disk" device=/dev/sda model=VIRTUAL-DISK serial=60000000000000000e00000000010001 vendor=IET wwn=0x6000000000000000
2026-06-12T12:49:10.945603320Z time="2026-06-12T12:49:10Z" level=info msg="udev action triggering scanner wake" device=/dev/sda kind=BlockDevice namespace=longhorn-system udevAction=remove
2026-06-12T12:49:10.945611263Z time="2026-06-12T12:49:10Z" level=info msg="Scanner woke up, do scan..."
2026-06-12T12:49:10.948718531Z time="2026-06-12T12:49:10Z" level=info msg="Successfully loaded filter configuration from ConfigMap for node hp-69-tink-system"
2026-06-12T12:49:10.948747377Z time="2026-06-12T12:49:10Z" level=info msg="  - ExcludeDevices: "
2026-06-12T12:49:10.948754068Z time="2026-06-12T12:49:10Z" level=info msg="  - ExcludeVendors: "
2026-06-12T12:49:10.948781974Z time="2026-06-12T12:49:10Z" level=info msg="  - ExcludePaths: "
2026-06-12T12:49:10.948786833Z time="2026-06-12T12:49:10Z" level=info msg="  - ExcludeLabels: COS_*,HARV_*"
2026-06-12T12:49:10.948790957Z time="2026-06-12T12:49:10Z" level=info msg="register exclude filters"
2026-06-12T12:49:10.948795476Z time="2026-06-12T12:49:10Z" level=info msg="Attempting to load auto-provision configuration from ConfigMap"
2026-06-12T12:49:10.951089926Z time="2026-06-12T12:49:10Z" level=info msg="Successfully loaded auto-provision configuration from ConfigMap for node hp-69-tink-system"
2026-06-12T12:49:10.951114825Z time="2026-06-12T12:49:10Z" level=info msg="  - Devices: "
2026-06-12T12:49:10.951120057Z time="2026-06-12T12:49:10Z" level=info msg="register auto provision filters"
2026-06-12T12:49:11.065936283Z time="2026-06-12T12:49:11Z" level=info msg="Scanning device" device=/dev/nvme0n1
2026-06-12T12:49:11.065964786Z time="2026-06-12T12:49:11Z" level=info msg="block device /dev/nvme0n1 ignored by label filter and rules: fs labels: [COS_*, HARV_*]"
2026-06-12T12:49:11.068988478Z time="2026-06-12T12:49:11Z" level=info msg="Waiting new event to trigger..."
2026-06-12T12:49:17.226112017Z time="2026-06-12T12:49:17Z" level=info msg="block device /dev/sda ignored by vendor filter and rules: vendors: [longhorn, SPDK bdev Controller]"
2026-06-12T12:49:27.297993425Z time="2026-06-12T12:49:27Z" level=info msg="removing disk" device=/dev/sda model=VIRTUAL-DISK serial=60000000000000000e00000000010001 vendor=IET wwn=0x6000000000000000
2026-06-12T12:49:27.298040569Z time="2026-06-12T12:49:27Z" level=info msg="udev action triggering scanner wake" device=/dev/sda kind=BlockDevice namespace=longhorn-system udevAction=remove
2026-06-12T12:49:27.298053581Z time="2026-06-12T12:49:27Z" level=info msg="Scanner woke up, do scan..."
2026-06-12T12:49:27.300978106Z time="2026-06-12T12:49:27Z" level=info msg="Successfully loaded filter configuration from ConfigMap for node hp-69-tink-system"
2026-06-12T12:49:27.301007710Z time="2026-06-12T12:49:27Z" level=info msg="  - ExcludeDevices: "
2026-06-12T12:49:27.301017605Z time="2026-06-12T12:49:27Z" level=info msg="  - ExcludeVendors: "
2026-06-12T12:49:27.301027075Z time="2026-06-12T12:49:27Z" level=info msg="  - ExcludePaths: "
2026-06-12T12:49:27.301036129Z time="2026-06-12T12:49:27Z" level=info msg="  - ExcludeLabels: COS_*,HARV_*"
2026-06-12T12:49:27.301045383Z time="2026-06-12T12:49:27Z" level=info msg="register exclude filters"
2026-06-12T12:49:27.301071153Z time="2026-06-12T12:49:27Z" level=info msg="Attempting to load auto-provision configuration from ConfigMap"
2026-06-12T12:49:27.303357256Z time="2026-06-12T12:49:27Z" level=info msg="Successfully loaded auto-provision configuration from ConfigMap for node hp-69-tink-system"
2026-06-12T12:49:27.303388342Z time="2026-06-12T12:49:27Z" level=info msg="  - Devices: "
2026-06-12T12:49:27.303398597Z time="2026-06-12T12:49:27Z" level=info msg="register auto provision filters"
2026-06-12T12:49:27.428126664Z time="2026-06-12T12:49:27Z" level=info msg="Scanning device" device=/dev/nvme0n1
2026-06-12T12:49:27.428157269Z time="2026-06-12T12:49:27Z" level=info msg="block device /dev/nvme0n1 ignored by label filter and rules: fs labels: [COS_*, HARV_*]"
2026-06-12T12:49:27.430951640Z time="2026-06-12T12:49:27Z" level=info msg="Waiting new event to trigger..."
2026-06-12T12:49:49.784415313Z time="2026-06-12T12:49:49Z" level=info msg="block device /dev/sda ignored by vendor filter and rules: vendors: [longhorn, SPDK bdev Controller]"
2026-06-12T12:49:49.829190895Z time="2026-06-12T12:49:49Z" level=info msg="block device /dev/sdb ignored by vendor filter and rules: vendors: [longhorn, SPDK bdev Controller]"
2026-06-12T12:49:49.876562211Z time="2026-06-12T12:49:49Z" level=info msg="block device /dev/sdc ignored by vendor filter and rules: vendors: [longhorn, SPDK bdev Controller]"
2026-06-12T12:54:06.528144902Z time="2026-06-12T12:54:06Z" level=info msg="removing disk" device=/dev/sdc model=VIRTUAL-DISK serial=60000000000000000e00000000030001 vendor=IET wwn=0x6000000000000000
2026-06-12T12:54:06.528180660Z time="2026-06-12T12:54:06Z" level=info msg="udev action triggering scanner wake" device=/dev/sdc kind=BlockDevice namespace=longhorn-system udevAction=remove
2026-06-12T12:54:06.528188909Z time="2026-06-12T12:54:06Z" level=info msg="Scanner woke up, do scan..."
2026-06-12T12:54:06.536276817Z time="2026-06-12T12:54:06Z" level=info msg="Successfully loaded filter configuration from ConfigMap for node hp-69-tink-system"
2026-06-12T12:54:06.536300778Z time="2026-06-12T12:54:06Z" level=info msg="  - ExcludeDevices: "
2026-06-12T12:54:06.536307272Z time="2026-06-12T12:54:06Z" level=info msg="  - ExcludeVendors: "
2026-06-12T12:54:06.536313392Z time="2026-06-12T12:54:06Z" level=info msg="  - ExcludePaths: "
2026-06-12T12:54:06.536319419Z time="2026-06-12T12:54:06Z" level=info msg="  - ExcludeLabels: COS_*,HARV_*"
2026-06-12T12:54:06.536325353Z time="2026-06-12T12:54:06Z" level=info msg="register exclude filters"
2026-06-12T12:54:06.536343434Z time="2026-06-12T12:54:06Z" level=info msg="Attempting to load auto-provision configuration from ConfigMap"
2026-06-12T12:54:06.538945689Z time="2026-06-12T12:54:06Z" level=info msg="Successfully loaded auto-provision configuration from ConfigMap for node hp-69-tink-system"
2026-06-12T12:54:06.538976331Z time="2026-06-12T12:54:06Z" level=info msg="  - Devices: "
2026-06-12T12:54:06.538984390Z time="2026-06-12T12:54:06Z" level=info msg="register auto provision filters"
2026-06-12T12:54:06.659798463Z time="2026-06-12T12:54:06Z" level=info msg="removing disk" device=/dev/sda model=VIRTUAL-DISK serial=60000000000000000e00000000010001 vendor=IET wwn=0x6000000000000000
2026-06-12T12:54:06.660555458Z WARNING: failed to read int from file: open /sys/block/sda/queue/rotational: no such file or directory
2026-06-12T12:54:06.666773698Z WARNING: failed to read disk partitions: open /sys/block/sda: no such file or directory
2026-06-12T12:54:06.712257574Z time="2026-06-12T12:54:06Z" level=info msg="Scanning device" device=/dev/nvme0n1
2026-06-12T12:54:06.712286037Z time="2026-06-12T12:54:06Z" level=info msg="block device /dev/nvme0n1 ignored by label filter and rules: fs labels: [COS_*, HARV_*]"
2026-06-12T12:54:06.712292868Z time="2026-06-12T12:54:06Z" level=info msg="Scanning device" device=/dev/sda
2026-06-12T12:54:06.723444964Z time="2026-06-12T12:54:06Z" level=info msg="Detected disk" buspath=unknown device=/dev/sda model=unknown serial=unknown uuid= vendor=unknown wwn=unknown
2026-06-12T12:54:06.723470460Z time="2026-06-12T12:54:06Z" level=info msg="Scanning device" device=/dev/sdb
2026-06-12T12:54:06.723517737Z time="2026-06-12T12:54:06Z" level=info msg="block device /dev/sdb ignored by vendor filter and rules: vendors: [longhorn, SPDK bdev Controller]"
2026-06-12T12:54:06.726570058Z time="2026-06-12T12:54:06Z" level=info msg="creating new BD" buspath=unknown device=/dev/sda model=unknown name=3c374934-fbf3-43a7-877d-6b3beefacf4f serial=unknown uuid= vendor=unknown wwn=unknown
2026-06-12T12:54:06.728722792Z time="2026-06-12T12:54:06Z" level=info msg="Add new block device 3c374934-fbf3-43a7-877d-6b3beefacf4f with device: /dev/sda"
2026-06-12T12:54:06.741155527Z time="2026-06-12T12:54:06Z" level=info msg="Waiting new event to trigger..."
2026-06-12T12:54:06.741214919Z time="2026-06-12T12:54:06Z" level=info msg="udev action triggering scanner wake" device=/dev/sda kind=BlockDevice namespace=longhorn-system udevAction=remove
2026-06-12T12:54:06.741315731Z time="2026-06-12T12:54:06Z" level=info msg="Scanner woke up, do scan..."
2026-06-12T12:54:06.741374663Z time="2026-06-12T12:54:06Z" level=info msg="Skip device 3c374934-fbf3-43a7-877d-6b3beefacf4f as no provisioner found or not configured"
2026-06-12T12:54:06.743834030Z time="2026-06-12T12:54:06Z" level=info msg="Successfully loaded filter configuration from ConfigMap for node hp-69-tink-system"
2026-06-12T12:54:06.743855288Z time="2026-06-12T12:54:06Z" level=info msg="  - ExcludeDevices: "
2026-06-12T12:54:06.743860040Z time="2026-06-12T12:54:06Z" level=info msg="  - ExcludeVendors: "
2026-06-12T12:54:06.743864716Z time="2026-06-12T12:54:06Z" level=info msg="  - ExcludePaths: "
2026-06-12T12:54:06.743868860Z time="2026-06-12T12:54:06Z" level=info msg="  - ExcludeLabels: COS_*,HARV_*"
2026-06-12T12:54:06.743872732Z time="2026-06-12T12:54:06Z" level=info msg="register exclude filters"
2026-06-12T12:54:06.743890505Z time="2026-06-12T12:54:06Z" level=info msg="Attempting to load auto-provision configuration from ConfigMap"
2026-06-12T12:54:06.746094045Z time="2026-06-12T12:54:06Z" level=info msg="Successfully loaded auto-provision configuration from ConfigMap for node hp-69-tink-system"
2026-06-12T12:54:06.746122307Z time="2026-06-12T12:54:06Z" level=info msg="  - Devices: "
2026-06-12T12:54:06.746129399Z time="2026-06-12T12:54:06Z" level=info msg="register auto provision filters"
2026-06-12T12:54:06.768631351Z time="2026-06-12T12:54:06Z" level=info msg="Skip device 3c374934-fbf3-43a7-877d-6b3beefacf4f as no provisioner found or not configured"
2026-06-12T12:54:06.774657015Z time="2026-06-12T12:54:06Z" level=info msg="Skip device 3c374934-fbf3-43a7-877d-6b3beefacf4f as no provisioner found or not configured"
2026-06-12T12:54:06.777971514Z time="2026-06-12T12:54:06Z" level=info msg="removing disk" device=/dev/sdb model=VIRTUAL-DISK serial=60000000000000000e00000000020001 vendor=IET wwn=0x6000000000000000
2026-06-12T12:54:06.866149276Z WARNING: failed to read int from file: open /sys/block/sdb/queue/rotational: no such file or directory
2026-06-12T12:54:06.871590436Z time="2026-06-12T12:54:06Z" level=info msg="Scanning device" device=/dev/nvme0n1
2026-06-12T12:54:06.871613553Z time="2026-06-12T12:54:06Z" level=info msg="block device /dev/nvme0n1 ignored by label filter and rules: fs labels: [COS_*, HARV_*]"
2026-06-12T12:54:06.871620040Z time="2026-06-12T12:54:06Z" level=info msg="Scanning device" device=/dev/sdb
2026-06-12T12:54:06.871597021Z WARNING: failed to read disk partitions: open /sys/block/sdb: no such file or directory
2026-06-12T12:54:06.882088675Z time="2026-06-12T12:54:06Z" level=info msg="Detected disk" buspath=unknown device=/dev/sdb model=unknown serial=unknown uuid= vendor=unknown wwn=unknown
2026-06-12T12:54:06.885024401Z time="2026-06-12T12:54:06Z" level=warning msg="new device path detected for active device - skipping update" device=/dev/sda name=3c374934-fbf3-43a7-877d-6b3beefacf4f newDevice=/dev/sdb
2026-06-12T12:54:06.895645341Z time="2026-06-12T12:54:06Z" level=info msg="Waiting new event to trigger..."
2026-06-12T12:54:06.895679757Z time="2026-06-12T12:54:06Z" level=info msg="udev action triggering scanner wake" device=/dev/sdb kind=BlockDevice namespace=longhorn-system udevAction=remove
2026-06-12T12:54:06.895710566Z time="2026-06-12T12:54:06Z" level=info msg="Scanner woke up, do scan..."
2026-06-12T12:54:06.901719584Z time="2026-06-12T12:54:06Z" level=info msg="Successfully loaded filter configuration from ConfigMap for node hp-69-tink-system"
2026-06-12T12:54:06.901745020Z time="2026-06-12T12:54:06Z" level=info msg="  - ExcludeDevices: "
2026-06-12T12:54:06.901751581Z time="2026-06-12T12:54:06Z" level=info msg="  - ExcludeVendors: "
2026-06-12T12:54:06.901757154Z time="2026-06-12T12:54:06Z" level=info msg="  - ExcludePaths: "
2026-06-12T12:54:06.901762934Z time="2026-06-12T12:54:06Z" level=info msg="  - ExcludeLabels: COS_*,HARV_*"
2026-06-12T12:54:06.901788000Z time="2026-06-12T12:54:06Z" level=info msg="register exclude filters"
2026-06-12T12:54:06.901794224Z time="2026-06-12T12:54:06Z" level=info msg="Attempting to load auto-provision configuration from ConfigMap"
2026-06-12T12:54:06.904068111Z time="2026-06-12T12:54:06Z" level=info msg="Successfully loaded auto-provision configuration from ConfigMap for node hp-69-tink-system"
2026-06-12T12:54:06.904094031Z time="2026-06-12T12:54:06Z" level=info msg="  - Devices: "
2026-06-12T12:54:06.904100111Z time="2026-06-12T12:54:06Z" level=info msg="register auto provision filters"
2026-06-12T12:54:07.020648628Z time="2026-06-12T12:54:07Z" level=info msg="Scanning device" device=/dev/nvme0n1
2026-06-12T12:54:07.020680351Z time="2026-06-12T12:54:07Z" level=info msg="block device /dev/nvme0n1 ignored by label filter and rules: fs labels: [COS_*, HARV_*]"
2026-06-12T12:54:07.024056391Z time="2026-06-12T12:54:07Z" level=info msg="Waiting new event to trigger..."
2026-06-12T12:54:19.142209609Z time="2026-06-12T12:54:19Z" level=info msg="block device /dev/sda ignored by vendor filter and rules: vendors: [longhorn, SPDK bdev Controller]"
2026-06-12T12:54:19.792233735Z time="2026-06-12T12:54:19Z" level=info msg="block device /dev/sdb ignored by vendor filter and rules: vendors: [longhorn, SPDK bdev Controller]"
2026-06-12T12:55:48.669262812Z time="2026-06-12T12:55:48Z" level=info msg="removing disk" device=/dev/sdb model=VIRTUAL-DISK serial=60000000000000000e00000000020001 vendor=IET wwn=0x6000000000000000
2026-06-12T12:55:48.669287097Z time="2026-06-12T12:55:48Z" level=info msg="udev action triggering scanner wake" device=/dev/sdb kind=BlockDevice namespace=longhorn-system udevAction=remove
2026-06-12T12:55:48.669293761Z time="2026-06-12T12:55:48Z" level=info msg="Scanner woke up, do scan..."
2026-06-12T12:55:48.672957206Z time="2026-06-12T12:55:48Z" level=info msg="Successfully loaded filter configuration from ConfigMap for node hp-69-tink-system"
2026-06-12T12:55:48.672983146Z time="2026-06-12T12:55:48Z" level=info msg="  - ExcludeDevices: "
2026-06-12T12:55:48.672989676Z time="2026-06-12T12:55:48Z" level=info msg="  - ExcludeVendors: "
2026-06-12T12:55:48.672995583Z time="2026-06-12T12:55:48Z" level=info msg="  - ExcludePaths: "
2026-06-12T12:55:48.673001794Z time="2026-06-12T12:55:48Z" level=info msg="  - ExcludeLabels: COS_*,HARV_*"
2026-06-12T12:55:48.673007660Z time="2026-06-12T12:55:48Z" level=info msg="register exclude filters"
2026-06-12T12:55:48.673013691Z time="2026-06-12T12:55:48Z" level=info msg="Attempting to load auto-provision configuration from ConfigMap"
2026-06-12T12:55:48.675355699Z time="2026-06-12T12:55:48Z" level=info msg="Successfully loaded auto-provision configuration from ConfigMap for node hp-69-tink-system"
2026-06-12T12:55:48.675379880Z time="2026-06-12T12:55:48Z" level=info msg="  - Devices: "
2026-06-12T12:55:48.675386758Z time="2026-06-12T12:55:48Z" level=info msg="register auto provision filters"
2026-06-12T12:55:48.805066464Z WARNING: failed to read disk partitions: open /sys/block/sda: no such file or directory
2026-06-12T12:55:48.969306239Z time="2026-06-12T12:55:48Z" level=info msg="Scanning device" device=/dev/nvme0n1
2026-06-12T12:55:48.969335867Z time="2026-06-12T12:55:48Z" level=info msg="block device /dev/nvme0n1 ignored by label filter and rules: fs labels: [COS_*, HARV_*]"
2026-06-12T12:55:48.969342758Z time="2026-06-12T12:55:48Z" level=info msg="Scanning device" device=/dev/sda
2026-06-12T12:55:48.969348925Z time="2026-06-12T12:55:48Z" level=info msg="block device /dev/sda ignored by vendor filter and rules: vendors: [longhorn, SPDK bdev Controller]"
2026-06-12T12:55:48.969355159Z time="2026-06-12T12:55:48Z" level=info msg="Scanning device" device=/dev/sdc
2026-06-12T12:55:48.969361376Z time="2026-06-12T12:55:48Z" level=info msg="block device /dev/sdc ignored by vendor filter and rules: vendors: [longhorn, SPDK bdev Controller]"
2026-06-12T12:55:48.969578927Z time="2026-06-12T12:55:48Z" level=info msg="block device /dev/sdc ignored by vendor filter and rules: vendors: [longhorn, SPDK bdev Controller]"
2026-06-12T12:55:48.970117224Z time="2026-06-12T12:55:48Z" level=info msg="removing disk" device=/dev/sda model=VIRTUAL-DISK serial=60000000000000000e00000000010001 vendor=IET wwn=0x6000000000000000
2026-06-12T12:55:48.976405135Z time="2026-06-12T12:55:48Z" level=info msg="Waiting new event to trigger..."
2026-06-12T12:55:48.976427768Z time="2026-06-12T12:55:48Z" level=info msg="udev action triggering scanner wake" device=/dev/sda kind=BlockDevice namespace=longhorn-system udevAction=remove
2026-06-12T12:55:48.976588550Z time="2026-06-12T12:55:48Z" level=info msg="Scanner woke up, do scan..."
2026-06-12T12:55:48.978921942Z time="2026-06-12T12:55:48Z" level=info msg="Successfully loaded filter configuration from ConfigMap for node hp-69-tink-system"
2026-06-12T12:55:48.978944494Z time="2026-06-12T12:55:48Z" level=info msg="  - ExcludeDevices: "
2026-06-12T12:55:48.978948809Z time="2026-06-12T12:55:48Z" level=info msg="  - ExcludeVendors: "
2026-06-12T12:55:48.978953068Z time="2026-06-12T12:55:48Z" level=info msg="  - ExcludePaths: "
2026-06-12T12:55:48.978957619Z time="2026-06-12T12:55:48Z" level=info msg="  - ExcludeLabels: COS_*,HARV_*"
2026-06-12T12:55:48.978961751Z time="2026-06-12T12:55:48Z" level=info msg="register exclude filters"
2026-06-12T12:55:48.978967164Z time="2026-06-12T12:55:48Z" level=info msg="Attempting to load auto-provision configuration from ConfigMap"
2026-06-12T12:55:48.981090737Z time="2026-06-12T12:55:48Z" level=info msg="Successfully loaded auto-provision configuration from ConfigMap for node hp-69-tink-system"
2026-06-12T12:55:48.981113694Z time="2026-06-12T12:55:48Z" level=info msg="  - Devices: "
2026-06-12T12:55:48.981118673Z time="2026-06-12T12:55:48Z" level=info msg="register auto provision filters"
2026-06-12T12:55:49.293080818Z time="2026-06-12T12:55:49Z" level=info msg="Scanning device" device=/dev/nvme0n1
2026-06-12T12:55:49.293106935Z time="2026-06-12T12:55:49Z" level=info msg="block device /dev/nvme0n1 ignored by label filter and rules: fs labels: [COS_*, HARV_*]"
2026-06-12T12:55:49.293112328Z time="2026-06-12T12:55:49Z" level=info msg="Scanning device" device=/dev/sdc
2026-06-12T12:55:49.293116666Z time="2026-06-12T12:55:49Z" level=info msg="block device /dev/sdc ignored by vendor filter and rules: vendors: [longhorn, SPDK bdev Controller]"
2026-06-12T12:55:49.295866414Z time="2026-06-12T12:55:49Z" level=info msg="Waiting new event to trigger..."
2026-06-12T12:57:10.337403278Z time="2026-06-12T12:57:10Z" level=info msg="removing disk" device=/dev/sdc model=VIRTUAL-DISK serial=60000000000000000e00000000030001 vendor=IET wwn=0x6000000000000000
2026-06-12T12:57:10.337435625Z time="2026-06-12T12:57:10Z" level=info msg="udev action triggering scanner wake" device=/dev/sdc kind=BlockDevice namespace=longhorn-system udevAction=remove
2026-06-12T12:57:10.337442646Z time="2026-06-12T12:57:10Z" level=info msg="Scanner woke up, do scan..."
2026-06-12T12:57:10.341062763Z time="2026-06-12T12:57:10Z" level=info msg="Successfully loaded filter configuration from ConfigMap for node hp-69-tink-system"
2026-06-12T12:57:10.341089050Z time="2026-06-12T12:57:10Z" level=info msg="  - ExcludeDevices: "
2026-06-12T12:57:10.341095721Z time="2026-06-12T12:57:10Z" level=info msg="  - ExcludeVendors: "
2026-06-12T12:57:10.341102132Z time="2026-06-12T12:57:10Z" level=info msg="  - ExcludePaths: "
2026-06-12T12:57:10.341110025Z time="2026-06-12T12:57:10Z" level=info msg="  - ExcludeLabels: COS_*,HARV_*"
2026-06-12T12:57:10.341119222Z time="2026-06-12T12:57:10Z" level=info msg="register exclude filters"
2026-06-12T12:57:10.341152884Z time="2026-06-12T12:57:10Z" level=info msg="Attempting to load auto-provision configuration from ConfigMap"
2026-06-12T12:57:10.343356618Z time="2026-06-12T12:57:10Z" level=info msg="Successfully loaded auto-provision configuration from ConfigMap for node hp-69-tink-system"
2026-06-12T12:57:10.343379480Z time="2026-06-12T12:57:10Z" level=info msg="  - Devices: "
2026-06-12T12:57:10.343383149Z time="2026-06-12T12:57:10Z" level=info msg="register auto provision filters"
2026-06-12T12:57:10.457235427Z time="2026-06-12T12:57:10Z" level=info msg="Scanning device" device=/dev/nvme0n1
2026-06-12T12:57:10.457265425Z time="2026-06-12T12:57:10Z" level=info msg="block device /dev/nvme0n1 ignored by label filter and rules: fs labels: [COS_*, HARV_*]"
2026-06-12T12:57:10.460412190Z time="2026-06-12T12:57:10Z" level=info msg="Waiting new event to trigger..."
2026-06-12T12:58:04.349714938Z time="2026-06-12T12:58:04Z" level=info msg="block device /dev/sda ignored by vendor filter and rules: vendors: [longhorn, SPDK bdev Controller]"
2026-06-12T12:59:54.266962880Z time="2026-06-12T12:59:54Z" level=info msg="removing disk" device=/dev/sda model=VIRTUAL-DISK serial=60000000000000000e00000000010001 vendor=IET wwn=0x6000000000000000
2026-06-12T12:59:54.266998374Z time="2026-06-12T12:59:54Z" level=info msg="udev action triggering scanner wake" device=/dev/sda kind=BlockDevice namespace=longhorn-system udevAction=remove
2026-06-12T12:59:54.267007171Z time="2026-06-12T12:59:54Z" level=info msg="Scanner woke up, do scan..."
2026-06-12T12:59:54.270332014Z time="2026-06-12T12:59:54Z" level=info msg="Successfully loaded filter configuration from ConfigMap for node hp-69-tink-system"
2026-06-12T12:59:54.270361738Z time="2026-06-12T12:59:54Z" level=info msg="  - ExcludeDevices: "
2026-06-12T12:59:54.270368506Z time="2026-06-12T12:59:54Z" level=info msg="  - ExcludeVendors: "
2026-06-12T12:59:54.270374316Z time="2026-06-12T12:59:54Z" level=info msg="  - ExcludePaths: "
2026-06-12T12:59:54.270380817Z time="2026-06-12T12:59:54Z" level=info msg="  - ExcludeLabels: COS_*,HARV_*"
2026-06-12T12:59:54.270386667Z time="2026-06-12T12:59:54Z" level=info msg="register exclude filters"
2026-06-12T12:59:54.270393755Z time="2026-06-12T12:59:54Z" level=info msg="Attempting to load auto-provision configuration from ConfigMap"
2026-06-12T12:59:54.272762153Z time="2026-06-12T12:59:54Z" level=info msg="Successfully loaded auto-provision configuration from ConfigMap for node hp-69-tink-system"
2026-06-12T12:59:54.272786644Z time="2026-06-12T12:59:54Z" level=info msg="  - Devices: "
2026-06-12T12:59:54.272793098Z time="2026-06-12T12:59:54Z" level=info msg="register auto provision filters"
2026-06-12T12:59:54.391691981Z time="2026-06-12T12:59:54Z" level=info msg="Scanning device" device=/dev/nvme0n1
2026-06-12T12:59:54.391728129Z time="2026-06-12T12:59:54Z" level=info msg="block device /dev/nvme0n1 ignored by label filter and rules: fs labels: [COS_*, HARV_*]"
2026-06-12T12:59:54.396138558Z time="2026-06-12T12:59:54Z" level=info msg="Waiting new event to trigger..."
2026-06-12T13:00:04.912366820Z time="2026-06-12T13:00:04Z" level=info msg="block device /dev/sda ignored by vendor filter and rules: vendors: [longhorn, SPDK bdev Controller]"
2026-06-12T13:00:06.193077128Z time="2026-06-12T13:00:06Z" level=info msg="block device /dev/sdb ignored by vendor filter and rules: vendors: [longhorn, SPDK bdev Controller]"
2026-06-12T13:02:06.361326673Z time="2026-06-12T13:02:06Z" level=info msg="block device /dev/sdc ignored by vendor filter and rules: vendors: [longhorn, SPDK bdev Controller]"
2026-06-12T13:02:06.961706706Z time="2026-06-12T13:02:06Z" level=info msg="removing disk" device=/dev/sda model=VIRTUAL-DISK serial=60000000000000000e00000000010001 vendor=IET wwn=0x6000000000000000
2026-06-12T13:02:06.961758165Z time="2026-06-12T13:02:06Z" level=info msg="udev action triggering scanner wake" device=/dev/sda kind=BlockDevice namespace=longhorn-system udevAction=remove
2026-06-12T13:02:06.961764756Z time="2026-06-12T13:02:06Z" level=info msg="Scanner woke up, do scan..."
2026-06-12T13:02:06.965159435Z time="2026-06-12T13:02:06Z" level=info msg="Successfully loaded filter configuration from ConfigMap for node hp-69-tink-system"
2026-06-12T13:02:06.965192436Z time="2026-06-12T13:02:06Z" level=info msg="  - ExcludeDevices: "
2026-06-12T13:02:06.965197605Z time="2026-06-12T13:02:06Z" level=info msg="  - ExcludeVendors: "
2026-06-12T13:02:06.965203812Z time="2026-06-12T13:02:06Z" level=info msg="  - ExcludePaths: "
2026-06-12T13:02:06.965208317Z time="2026-06-12T13:02:06Z" level=info msg="  - ExcludeLabels: COS_*,HARV_*"
2026-06-12T13:02:06.965212165Z time="2026-06-12T13:02:06Z" level=info msg="register exclude filters"
2026-06-12T13:02:06.965217748Z time="2026-06-12T13:02:06Z" level=info msg="Attempting to load auto-provision configuration from ConfigMap"
2026-06-12T13:02:06.967513776Z time="2026-06-12T13:02:06Z" level=info msg="Successfully loaded auto-provision configuration from ConfigMap for node hp-69-tink-system"
2026-06-12T13:02:06.967536625Z time="2026-06-12T13:02:06Z" level=info msg="  - Devices: "
2026-06-12T13:02:06.967542589Z time="2026-06-12T13:02:06Z" level=info msg="register auto provision filters"
2026-06-12T13:02:07.294405501Z time="2026-06-12T13:02:07Z" level=info msg="Scanning device" device=/dev/nvme0n1
2026-06-12T13:02:07.294440962Z time="2026-06-12T13:02:07Z" level=info msg="block device /dev/nvme0n1 ignored by label filter and rules: fs labels: [COS_*, HARV_*]"
2026-06-12T13:02:07.294446335Z time="2026-06-12T13:02:07Z" level=info msg="Scanning device" device=/dev/sdb
2026-06-12T13:02:07.294451280Z time="2026-06-12T13:02:07Z" level=info msg="block device /dev/sdb ignored by vendor filter and rules: vendors: [longhorn, SPDK bdev Controller]"
2026-06-12T13:02:07.294455692Z time="2026-06-12T13:02:07Z" level=info msg="Scanning device" device=/dev/sdc
2026-06-12T13:02:07.294460174Z time="2026-06-12T13:02:07Z" level=info msg="block device /dev/sdc ignored by vendor filter and rules: vendors: [longhorn, SPDK bdev Controller]"
2026-06-12T13:02:07.298024510Z time="2026-06-12T13:02:07Z" level=info msg="Waiting new event to trigger..."
2026-06-12T13:02:08.634672697Z time="2026-06-12T13:02:08Z" level=info msg="removing disk" device=/dev/sdb model=VIRTUAL-DISK serial=60000000000000000e00000000020001 vendor=IET wwn=0x6000000000000000
2026-06-12T13:02:08.634702047Z time="2026-06-12T13:02:08Z" level=info msg="udev action triggering scanner wake" device=/dev/sdb kind=BlockDevice namespace=longhorn-system udevAction=remove
2026-06-12T13:02:08.634708134Z time="2026-06-12T13:02:08Z" level=info msg="Scanner woke up, do scan..."
2026-06-12T13:02:08.644667721Z time="2026-06-12T13:02:08Z" level=info msg="Successfully loaded filter configuration from ConfigMap for node hp-69-tink-system"
2026-06-12T13:02:08.644695997Z time="2026-06-12T13:02:08Z" level=info msg="  - ExcludeDevices: "
2026-06-12T13:02:08.644704253Z time="2026-06-12T13:02:08Z" level=info msg="  - ExcludeVendors: "
2026-06-12T13:02:08.644710997Z time="2026-06-12T13:02:08Z" level=info msg="  - ExcludePaths: "
2026-06-12T13:02:08.644717615Z time="2026-06-12T13:02:08Z" level=info msg="  - ExcludeLabels: COS_*,HARV_*"
2026-06-12T13:02:08.644724583Z time="2026-06-12T13:02:08Z" level=info msg="register exclude filters"
2026-06-12T13:02:08.644743401Z time="2026-06-12T13:02:08Z" level=info msg="Attempting to load auto-provision configuration from ConfigMap"
2026-06-12T13:02:08.653085959Z time="2026-06-12T13:02:08Z" level=info msg="Successfully loaded auto-provision configuration from ConfigMap for node hp-69-tink-system"
2026-06-12T13:02:08.653127910Z time="2026-06-12T13:02:08Z" level=info msg="  - Devices: "
2026-06-12T13:02:08.653134044Z time="2026-06-12T13:02:08Z" level=info msg="register auto provision filters"
2026-06-12T13:02:08.976559268Z time="2026-06-12T13:02:08Z" level=info msg="Scanning device" device=/dev/nvme0n1
2026-06-12T13:02:08.976598773Z time="2026-06-12T13:02:08Z" level=info msg="block device /dev/nvme0n1 ignored by label filter and rules: fs labels: [COS_*, HARV_*]"
2026-06-12T13:02:08.976606178Z time="2026-06-12T13:02:08Z" level=info msg="Scanning device" device=/dev/sdc
2026-06-12T13:02:08.976612592Z time="2026-06-12T13:02:08Z" level=info msg="block device /dev/sdc ignored by vendor filter and rules: vendors: [longhorn, SPDK bdev Controller]"
2026-06-12T13:02:08.979515970Z time="2026-06-12T13:02:08Z" level=info msg="Waiting new event to trigger..."
2026-06-12T13:05:47.187822661Z time="2026-06-12T13:05:47Z" level=info msg="block device /dev/sda ignored by vendor filter and rules: vendors: [longhorn, SPDK bdev Controller]"
2026-06-12T13:06:11.156204292Z time="2026-06-12T13:06:11Z" level=info msg="removing disk" device=/dev/sda model=VIRTUAL-DISK serial=60000000000000000e00000000010001 vendor=IET wwn=0x6000000000000000
2026-06-12T13:06:11.156239759Z time="2026-06-12T13:06:11Z" level=info msg="udev action triggering scanner wake" device=/dev/sda kind=BlockDevice namespace=longhorn-system udevAction=remove
2026-06-12T13:06:11.156246874Z time="2026-06-12T13:06:11Z" level=info msg="Scanner woke up, do scan..."
2026-06-12T13:06:11.159169653Z time="2026-06-12T13:06:11Z" level=info msg="Successfully loaded filter configuration from ConfigMap for node hp-69-tink-system"
2026-06-12T13:06:11.159195249Z time="2026-06-12T13:06:11Z" level=info msg="  - ExcludeDevices: "
2026-06-12T13:06:11.159201223Z time="2026-06-12T13:06:11Z" level=info msg="  - ExcludeVendors: "
2026-06-12T13:06:11.159207737Z time="2026-06-12T13:06:11Z" level=info msg="  - ExcludePaths: "
2026-06-12T13:06:11.159213580Z time="2026-06-12T13:06:11Z" level=info msg="  - ExcludeLabels: COS_*,HARV_*"
2026-06-12T13:06:11.159219410Z time="2026-06-12T13:06:11Z" level=info msg="register exclude filters"
2026-06-12T13:06:11.159225414Z time="2026-06-12T13:06:11Z" level=info msg="Attempting to load auto-provision configuration from ConfigMap"
2026-06-12T13:06:11.161457273Z time="2026-06-12T13:06:11Z" level=info msg="Successfully loaded auto-provision configuration from ConfigMap for node hp-69-tink-system"
2026-06-12T13:06:11.161498376Z time="2026-06-12T13:06:11Z" level=info msg="  - Devices: "
2026-06-12T13:06:11.161507520Z time="2026-06-12T13:06:11Z" level=info msg="register auto provision filters"
2026-06-12T13:06:11.428736825Z time="2026-06-12T13:06:11Z" level=info msg="Scanning device" device=/dev/nvme0n1
2026-06-12T13:06:11.428772530Z time="2026-06-12T13:06:11Z" level=info msg="block device /dev/nvme0n1 ignored by label filter and rules: fs labels: [COS_*, HARV_*]"
2026-06-12T13:06:11.428780001Z time="2026-06-12T13:06:11Z" level=info msg="Scanning device" device=/dev/sdc
2026-06-12T13:06:11.428787033Z time="2026-06-12T13:06:11Z" level=info msg="block device /dev/sdc ignored by vendor filter and rules: vendors: [longhorn, SPDK bdev Controller]"
2026-06-12T13:06:11.431873864Z time="2026-06-12T13:06:11Z" level=info msg="Waiting new event to trigger..."
2026-06-12T13:06:21.418351105Z time="2026-06-12T13:06:21Z" level=info msg="removing disk" device=/dev/sdc model=VIRTUAL-DISK serial=60000000000000000e00000000030001 vendor=IET wwn=0x6000000000000000
2026-06-12T13:06:21.418387854Z time="2026-06-12T13:06:21Z" level=info msg="udev action triggering scanner wake" device=/dev/sdc kind=BlockDevice namespace=longhorn-system udevAction=remove
2026-06-12T13:06:21.418395850Z time="2026-06-12T13:06:21Z" level=info msg="Scanner woke up, do scan..."
2026-06-12T13:06:21.421429273Z time="2026-06-12T13:06:21Z" level=info msg="Successfully loaded filter configuration from ConfigMap for node hp-69-tink-system"
2026-06-12T13:06:21.421464210Z time="2026-06-12T13:06:21Z" level=info msg="  - ExcludeDevices: "
2026-06-12T13:06:21.421470137Z time="2026-06-12T13:06:21Z" level=info msg="  - ExcludeVendors: "
2026-06-12T13:06:21.421475056Z time="2026-06-12T13:06:21Z" level=info msg="  - ExcludePaths: "
2026-06-12T13:06:21.421490854Z time="2026-06-12T13:06:21Z" level=info msg="  - ExcludeLabels: COS_*,HARV_*"
2026-06-12T13:06:21.421498406Z time="2026-06-12T13:06:21Z" level=info msg="register exclude filters"
2026-06-12T13:06:21.421503528Z time="2026-06-12T13:06:21Z" level=info msg="Attempting to load auto-provision configuration from ConfigMap"
2026-06-12T13:06:21.424125003Z time="2026-06-12T13:06:21Z" level=info msg="Successfully loaded auto-provision configuration from ConfigMap for node hp-69-tink-system"
2026-06-12T13:06:21.424156743Z time="2026-06-12T13:06:21Z" level=info msg="  - Devices: "
2026-06-12T13:06:21.424165363Z time="2026-06-12T13:06:21Z" level=info msg="register auto provision filters"
2026-06-12T13:06:21.543699270Z time="2026-06-12T13:06:21Z" level=info msg="Scanning device" device=/dev/nvme0n1
2026-06-12T13:06:21.543725493Z time="2026-06-12T13:06:21Z" level=info msg="block device /dev/nvme0n1 ignored by label filter and rules: fs labels: [COS_*, HARV_*]"
2026-06-12T13:06:21.546803588Z time="2026-06-12T13:06:21Z" level=info msg="Waiting new event to trigger..."
2026-06-12T13:06:22.923651683Z time="2026-06-12T13:06:22Z" level=info msg="block device /dev/sda ignored by vendor filter and rules: vendors: [longhorn, SPDK bdev Controller]"
2026-06-12T13:08:13.923783405Z time="2026-06-12T13:08:13Z" level=info msg="removing disk" device=/dev/sda model=VIRTUAL-DISK serial=60000000000000000e00000000010001 vendor=IET wwn=0x6000000000000000
2026-06-12T13:08:13.923821151Z time="2026-06-12T13:08:13Z" level=info msg="udev action triggering scanner wake" device=/dev/sda kind=BlockDevice namespace=longhorn-system udevAction=remove
2026-06-12T13:08:13.923829264Z time="2026-06-12T13:08:13Z" level=info msg="Scanner woke up, do scan..."
2026-06-12T13:08:13.927284747Z time="2026-06-12T13:08:13Z" level=info msg="Successfully loaded filter configuration from ConfigMap for node hp-69-tink-system"
2026-06-12T13:08:13.927321643Z time="2026-06-12T13:08:13Z" level=info msg="  - ExcludeDevices: "
2026-06-12T13:08:13.927335255Z time="2026-06-12T13:08:13Z" level=info msg="  - ExcludeVendors: "
2026-06-12T13:08:13.927345524Z time="2026-06-12T13:08:13Z" level=info msg="  - ExcludePaths: "
2026-06-12T13:08:13.927355358Z time="2026-06-12T13:08:13Z" level=info msg="  - ExcludeLabels: COS_*,HARV_*"
2026-06-12T13:08:13.927365006Z time="2026-06-12T13:08:13Z" level=info msg="register exclude filters"
2026-06-12T13:08:13.927396832Z time="2026-06-12T13:08:13Z" level=info msg="Attempting to load auto-provision configuration from ConfigMap"
2026-06-12T13:08:13.929585698Z time="2026-06-12T13:08:13Z" level=info msg="Successfully loaded auto-provision configuration from ConfigMap for node hp-69-tink-system"
2026-06-12T13:08:13.929609562Z time="2026-06-12T13:08:13Z" level=info msg="  - Devices: "
2026-06-12T13:08:13.929616213Z time="2026-06-12T13:08:13Z" level=info msg="register auto provision filters"
2026-06-12T13:08:14.045399497Z time="2026-06-12T13:08:14Z" level=info msg="Scanning device" device=/dev/nvme0n1
2026-06-12T13:08:14.045442122Z time="2026-06-12T13:08:14Z" level=info msg="block device /dev/nvme0n1 ignored by label filter and rules: fs labels: [COS_*, HARV_*]"
2026-06-12T13:08:14.048805597Z time="2026-06-12T13:08:14Z" level=info msg="Waiting new event to trigger..."
2026-06-12T13:08:15.455162903Z time="2026-06-12T13:08:15Z" level=info msg="block device /dev/sda ignored by vendor filter and rules: vendors: [longhorn, SPDK bdev Controller]"
2026-06-12T13:09:14.726650987Z time="2026-06-12T13:09:14Z" level=info msg="removing disk" device=/dev/sda model=VIRTUAL-DISK serial=60000000000000000e00000000010001 vendor=IET wwn=0x6000000000000000
2026-06-12T13:09:14.726688066Z time="2026-06-12T13:09:14Z" level=info msg="udev action triggering scanner wake" device=/dev/sda kind=BlockDevice namespace=longhorn-system udevAction=remove
2026-06-12T13:09:14.726700337Z time="2026-06-12T13:09:14Z" level=info msg="Scanner woke up, do scan..."
2026-06-12T13:09:14.731121245Z time="2026-06-12T13:09:14Z" level=info msg="Successfully loaded filter configuration from ConfigMap for node hp-69-tink-system"
2026-06-12T13:09:14.731156009Z time="2026-06-12T13:09:14Z" level=info msg="  - ExcludeDevices: "
2026-06-12T13:09:14.731163524Z time="2026-06-12T13:09:14Z" level=info msg="  - ExcludeVendors: "
2026-06-12T13:09:14.731169791Z time="2026-06-12T13:09:14Z" level=info msg="  - ExcludePaths: "
2026-06-12T13:09:14.731175458Z time="2026-06-12T13:09:14Z" level=info msg="  - ExcludeLabels: COS_*,HARV_*"
2026-06-12T13:09:14.731181228Z time="2026-06-12T13:09:14Z" level=info msg="register exclude filters"
2026-06-12T13:09:14.731188616Z time="2026-06-12T13:09:14Z" level=info msg="Attempting to load auto-provision configuration from ConfigMap"
2026-06-12T13:09:14.739685077Z time="2026-06-12T13:09:14Z" level=info msg="Successfully loaded auto-provision configuration from ConfigMap for node hp-69-tink-system"
2026-06-12T13:09:14.739712792Z time="2026-06-12T13:09:14Z" level=info msg="  - Devices: "
2026-06-12T13:09:14.739720314Z time="2026-06-12T13:09:14Z" level=info msg="register auto provision filters"
2026-06-12T13:09:14.857306312Z time="2026-06-12T13:09:14Z" level=info msg="Scanning device" device=/dev/nvme0n1
2026-06-12T13:09:14.857334317Z time="2026-06-12T13:09:14Z" level=info msg="block device /dev/nvme0n1 ignored by label filter and rules: fs labels: [COS_*, HARV_*]"
2026-06-12T13:09:14.860337354Z time="2026-06-12T13:09:14Z" level=info msg="Waiting new event to trigger..."
2026-06-12T13:09:21.934641412Z time="2026-06-12T13:09:21Z" level=info msg="block device /dev/sda ignored by vendor filter and rules: vendors: [longhorn, SPDK bdev Controller]"
2026-06-12T13:10:15.786169833Z time="2026-06-12T13:10:15Z" level=info msg="removing disk" device=/dev/sda model=VIRTUAL-DISK serial=60000000000000000e00000000010001 vendor=IET wwn=0x6000000000000000
2026-06-12T13:10:15.786207823Z time="2026-06-12T13:10:15Z" level=info msg="udev action triggering scanner wake" device=/dev/sda kind=BlockDevice namespace=longhorn-system udevAction=remove
2026-06-12T13:10:15.786215432Z time="2026-06-12T13:10:15Z" level=info msg="Scanner woke up, do scan..."
2026-06-12T13:10:15.789205090Z time="2026-06-12T13:10:15Z" level=info msg="Successfully loaded filter configuration from ConfigMap for node hp-69-tink-system"
2026-06-12T13:10:15.789230016Z time="2026-06-12T13:10:15Z" level=info msg="  - ExcludeDevices: "
2026-06-12T13:10:15.789236753Z time="2026-06-12T13:10:15Z" level=info msg="  - ExcludeVendors: "
2026-06-12T13:10:15.789243641Z time="2026-06-12T13:10:15Z" level=info msg="  - ExcludePaths: "
2026-06-12T13:10:15.789249425Z time="2026-06-12T13:10:15Z" level=info msg="  - ExcludeLabels: COS_*,HARV_*"
2026-06-12T13:10:15.789255785Z time="2026-06-12T13:10:15Z" level=info msg="register exclude filters"
2026-06-12T13:10:15.789262419Z time="2026-06-12T13:10:15Z" level=info msg="Attempting to load auto-provision configuration from ConfigMap"
2026-06-12T13:10:15.791545495Z time="2026-06-12T13:10:15Z" level=info msg="Successfully loaded auto-provision configuration from ConfigMap for node hp-69-tink-system"
2026-06-12T13:10:15.791591077Z time="2026-06-12T13:10:15Z" level=info msg="  - Devices: "
2026-06-12T13:10:15.791597614Z time="2026-06-12T13:10:15Z" level=info msg="register auto provision filters"
2026-06-12T13:10:15.907141142Z time="2026-06-12T13:10:15Z" level=info msg="Scanning device" device=/dev/nvme0n1
2026-06-12T13:10:15.907169831Z time="2026-06-12T13:10:15Z" level=info msg="block device /dev/nvme0n1 ignored by label filter and rules: fs labels: [COS_*, HARV_*]"
2026-06-12T13:10:15.910014437Z time="2026-06-12T13:10:15Z" level=info msg="Waiting new event to trigger..."
2026-06-12T13:10:19.912143759Z time="2026-06-12T13:10:19Z" level=info msg="block device /dev/sda ignored by vendor filter and rules: vendors: [longhorn, SPDK bdev Controller]"
2026-06-12T13:11:17.372336804Z time="2026-06-12T13:11:17Z" level=info msg="removing disk" device=/dev/sda model=VIRTUAL-DISK serial=60000000000000000e00000000010001 vendor=IET wwn=0x6000000000000000
2026-06-12T13:11:17.372370753Z time="2026-06-12T13:11:17Z" level=info msg="udev action triggering scanner wake" device=/dev/sda kind=BlockDevice namespace=longhorn-system udevAction=remove
2026-06-12T13:11:17.372377777Z time="2026-06-12T13:11:17Z" level=info msg="Scanner woke up, do scan..."
2026-06-12T13:11:17.377913926Z time="2026-06-12T13:11:17Z" level=info msg="Successfully loaded filter configuration from ConfigMap for node hp-69-tink-system"
2026-06-12T13:11:17.377939999Z time="2026-06-12T13:11:17Z" level=info msg="  - ExcludeDevices: "
2026-06-12T13:11:17.377946213Z time="2026-06-12T13:11:17Z" level=info msg="  - ExcludeVendors: "
2026-06-12T13:11:17.377952463Z time="2026-06-12T13:11:17Z" level=info msg="  - ExcludePaths: "
2026-06-12T13:11:17.377958640Z time="2026-06-12T13:11:17Z" level=info msg="  - ExcludeLabels: COS_*,HARV_*"
2026-06-12T13:11:17.377964617Z time="2026-06-12T13:11:17Z" level=info msg="register exclude filters"
2026-06-12T13:11:17.377972499Z time="2026-06-12T13:11:17Z" level=info msg="Attempting to load auto-provision configuration from ConfigMap"
2026-06-12T13:11:17.380055609Z time="2026-06-12T13:11:17Z" level=info msg="Successfully loaded auto-provision configuration from ConfigMap for node hp-69-tink-system"
2026-06-12T13:11:17.380084419Z time="2026-06-12T13:11:17Z" level=info msg="  - Devices: "
2026-06-12T13:11:17.380091434Z time="2026-06-12T13:11:17Z" level=info msg="register auto provision filters"
2026-06-12T13:11:17.499555018Z time="2026-06-12T13:11:17Z" level=info msg="Scanning device" device=/dev/nvme0n1
2026-06-12T13:11:17.499584969Z time="2026-06-12T13:11:17Z" level=info msg="block device /dev/nvme0n1 ignored by label filter and rules: fs labels: [COS_*, HARV_*]"
2026-06-12T13:11:17.502876142Z time="2026-06-12T13:11:17Z" level=info msg="Waiting new event to trigger..."
2026-06-12T13:11:34.876051667Z time="2026-06-12T13:11:34Z" level=info msg="block device /dev/sda ignored by vendor filter and rules: vendors: [longhorn, SPDK bdev Controller]"
2026-06-12T13:12:39.822623941Z time="2026-06-12T13:12:39Z" level=info msg="removing disk" device=/dev/sda model=VIRTUAL-DISK serial=60000000000000000e00000000010001 vendor=IET wwn=0x6000000000000000
2026-06-12T13:12:39.822665599Z time="2026-06-12T13:12:39Z" level=info msg="udev action triggering scanner wake" device=/dev/sda kind=BlockDevice namespace=longhorn-system udevAction=remove
2026-06-12T13:12:39.822672660Z time="2026-06-12T13:12:39Z" level=info msg="Scanner woke up, do scan..."
2026-06-12T13:12:39.835546035Z time="2026-06-12T13:12:39Z" level=info msg="Successfully loaded filter configuration from ConfigMap for node hp-69-tink-system"
2026-06-12T13:12:39.835585100Z time="2026-06-12T13:12:39Z" level=info msg="  - ExcludeDevices: "
2026-06-12T13:12:39.835596596Z time="2026-06-12T13:12:39Z" level=info msg="  - ExcludeVendors: "
2026-06-12T13:12:39.835630812Z time="2026-06-12T13:12:39Z" level=info msg="  - ExcludePaths: "
2026-06-12T13:12:39.835637937Z time="2026-06-12T13:12:39Z" level=info msg="  - ExcludeLabels: COS_*,HARV_*"
2026-06-12T13:12:39.835644138Z time="2026-06-12T13:12:39Z" level=info msg="register exclude filters"
2026-06-12T13:12:39.835650809Z time="2026-06-12T13:12:39Z" level=info msg="Attempting to load auto-provision configuration from ConfigMap"
2026-06-12T13:12:39.837890633Z time="2026-06-12T13:12:39Z" level=info msg="Successfully loaded auto-provision configuration from ConfigMap for node hp-69-tink-system"
2026-06-12T13:12:39.837917787Z time="2026-06-12T13:12:39Z" level=info msg="  - Devices: "
2026-06-12T13:12:39.837925019Z time="2026-06-12T13:12:39Z" level=info msg="register auto provision filters"
2026-06-12T13:12:39.957247834Z time="2026-06-12T13:12:39Z" level=info msg="Scanning device" device=/dev/nvme0n1
2026-06-12T13:12:39.957273775Z time="2026-06-12T13:12:39Z" level=info msg="block device /dev/nvme0n1 ignored by label filter and rules: fs labels: [COS_*, HARV_*]"
2026-06-12T13:12:39.982942940Z time="2026-06-12T13:12:39Z" level=info msg="Waiting new event to trigger..."
2026-06-12T13:13:05.181799407Z time="2026-06-12T13:13:05Z" level=info msg="block device /dev/sda ignored by vendor filter and rules: vendors: [longhorn, SPDK bdev Controller]"
2026-06-12T13:15:23.540999311Z time="2026-06-12T13:15:23Z" level=info msg="removing disk" device=/dev/sda model=VIRTUAL-DISK serial=60000000000000000e00000000010001 vendor=IET wwn=0x6000000000000000
2026-06-12T13:15:23.541037115Z time="2026-06-12T13:15:23Z" level=info msg="udev action triggering scanner wake" device=/dev/sda kind=BlockDevice namespace=longhorn-system udevAction=remove
2026-06-12T13:15:23.541045808Z time="2026-06-12T13:15:23Z" level=info msg="Scanner woke up, do scan..."
2026-06-12T13:15:23.549769418Z time="2026-06-12T13:15:23Z" level=info msg="Successfully loaded filter configuration from ConfigMap for node hp-69-tink-system"
2026-06-12T13:15:23.549800084Z time="2026-06-12T13:15:23Z" level=info msg="  - ExcludeDevices: "
2026-06-12T13:15:23.549807873Z time="2026-06-12T13:15:23Z" level=info msg="  - ExcludeVendors: "
2026-06-12T13:15:23.549815645Z time="2026-06-12T13:15:23Z" level=info msg="  - ExcludePaths: "
2026-06-12T13:15:23.549821168Z time="2026-06-12T13:15:23Z" level=info msg="  - ExcludeLabels: COS_*,HARV_*"
2026-06-12T13:15:23.549827355Z time="2026-06-12T13:15:23Z" level=info msg="register exclude filters"
2026-06-12T13:15:23.549835501Z time="2026-06-12T13:15:23Z" level=info msg="Attempting to load auto-provision configuration from ConfigMap"
2026-06-12T13:15:23.552535275Z time="2026-06-12T13:15:23Z" level=info msg="Successfully loaded auto-provision configuration from ConfigMap for node hp-69-tink-system"
2026-06-12T13:15:23.552562847Z time="2026-06-12T13:15:23Z" level=info msg="  - Devices: "
2026-06-12T13:15:23.552569882Z time="2026-06-12T13:15:23Z" level=info msg="register auto provision filters"
2026-06-12T13:15:23.668625219Z time="2026-06-12T13:15:23Z" level=info msg="Scanning device" device=/dev/nvme0n1
2026-06-12T13:15:23.668657607Z time="2026-06-12T13:15:23Z" level=info msg="block device /dev/nvme0n1 ignored by label filter and rules: fs labels: [COS_*, HARV_*]"
2026-06-12T13:15:23.708009536Z time="2026-06-12T13:15:23Z" level=info msg="Waiting new event to trigger..."
2026-06-12T13:15:34.893429770Z time="2026-06-12T13:15:34Z" level=info msg="block device /dev/sda ignored by vendor filter and rules: vendors: [longhorn, SPDK bdev Controller]"
2026-06-12T13:20:24.747397139Z time="2026-06-12T13:20:24Z" level=info msg="block device /dev/sdb ignored by vendor filter and rules: vendors: [longhorn, SPDK bdev Controller]"
2026-06-12T13:22:21.090058162Z time="2026-06-12T13:22:21Z" level=info msg="removing disk" device=/dev/sdb model=VIRTUAL-DISK serial=60000000000000000e00000000020001 vendor=IET wwn=0x6000000000000000
2026-06-12T13:22:21.090111667Z time="2026-06-12T13:22:21Z" level=info msg="udev action triggering scanner wake" device=/dev/sdb kind=BlockDevice namespace=longhorn-system udevAction=remove
2026-06-12T13:22:21.090118128Z time="2026-06-12T13:22:21Z" level=info msg="Scanner woke up, do scan..."
2026-06-12T13:22:21.093220089Z time="2026-06-12T13:22:21Z" level=info msg="Successfully loaded filter configuration from ConfigMap for node hp-69-tink-system"
2026-06-12T13:22:21.093257339Z time="2026-06-12T13:22:21Z" level=info msg="  - ExcludeDevices: "
2026-06-12T13:22:21.093263169Z time="2026-06-12T13:22:21Z" level=info msg="  - ExcludeVendors: "
2026-06-12T13:22:21.093267724Z time="2026-06-12T13:22:21Z" level=info msg="  - ExcludePaths: "
2026-06-12T13:22:21.093273210Z time="2026-06-12T13:22:21Z" level=info msg="  - ExcludeLabels: COS_*,HARV_*"
2026-06-12T13:22:21.093280452Z time="2026-06-12T13:22:21Z" level=info msg="register exclude filters"
2026-06-12T13:22:21.093287607Z time="2026-06-12T13:22:21Z" level=info msg="Attempting to load auto-provision configuration from ConfigMap"
2026-06-12T13:22:21.095599908Z time="2026-06-12T13:22:21Z" level=info msg="Successfully loaded auto-provision configuration from ConfigMap for node hp-69-tink-system"
2026-06-12T13:22:21.095623712Z time="2026-06-12T13:22:21Z" level=info msg="  - Devices: "
2026-06-12T13:22:21.095628601Z time="2026-06-12T13:22:21Z" level=info msg="register auto provision filters"
2026-06-12T13:22:21.360842093Z time="2026-06-12T13:22:21Z" level=info msg="Scanning device" device=/dev/nvme0n1
2026-06-12T13:22:21.360876480Z time="2026-06-12T13:22:21Z" level=info msg="block device /dev/nvme0n1 ignored by label filter and rules: fs labels: [COS_*, HARV_*]"
2026-06-12T13:22:21.360882417Z time="2026-06-12T13:22:21Z" level=info msg="Scanning device" device=/dev/sda
2026-06-12T13:22:21.360887159Z time="2026-06-12T13:22:21Z" level=info msg="block device /dev/sda ignored by vendor filter and rules: vendors: [longhorn, SPDK bdev Controller]"
2026-06-12T13:22:21.363920521Z time="2026-06-12T13:22:21Z" level=info msg="Waiting new event to trigger..."
2026-06-12T13:22:31.432370306Z time="2026-06-12T13:22:31Z" level=info msg="removing disk" device=/dev/sda model=VIRTUAL-DISK serial=60000000000000000e00000000010001 vendor=IET wwn=0x6000000000000000
2026-06-12T13:22:31.432404032Z time="2026-06-12T13:22:31Z" level=info msg="udev action triggering scanner wake" device=/dev/sda kind=BlockDevice namespace=longhorn-system udevAction=remove
2026-06-12T13:22:31.432412014Z time="2026-06-12T13:22:31Z" level=info msg="Scanner woke up, do scan..."
2026-06-12T13:22:31.440716108Z time="2026-06-12T13:22:31Z" level=info msg="Successfully loaded filter configuration from ConfigMap for node hp-69-tink-system"
2026-06-12T13:22:31.440743323Z time="2026-06-12T13:22:31Z" level=info msg="  - ExcludeDevices: "
2026-06-12T13:22:31.440749737Z time="2026-06-12T13:22:31Z" level=info msg="  - ExcludeVendors: "
2026-06-12T13:22:31.440756612Z time="2026-06-12T13:22:31Z" level=info msg="  - ExcludePaths: "
2026-06-12T13:22:31.440762762Z time="2026-06-12T13:22:31Z" level=info msg="  - ExcludeLabels: COS_*,HARV_*"
2026-06-12T13:22:31.440779885Z time="2026-06-12T13:22:31Z" level=info msg="register exclude filters"
2026-06-12T13:22:31.440786466Z time="2026-06-12T13:22:31Z" level=info msg="Attempting to load auto-provision configuration from ConfigMap"
2026-06-12T13:22:31.443097442Z time="2026-06-12T13:22:31Z" level=info msg="Successfully loaded auto-provision configuration from ConfigMap for node hp-69-tink-system"
2026-06-12T13:22:31.443122077Z time="2026-06-12T13:22:31Z" level=info msg="  - Devices: "
2026-06-12T13:22:31.443128959Z time="2026-06-12T13:22:31Z" level=info msg="register auto provision filters"
2026-06-12T13:22:31.562450953Z time="2026-06-12T13:22:31Z" level=info msg="Scanning device" device=/dev/nvme0n1
2026-06-12T13:22:31.562500890Z time="2026-06-12T13:22:31Z" level=info msg="block device /dev/nvme0n1 ignored by label filter and rules: fs labels: [COS_*, HARV_*]"
2026-06-12T13:22:31.565714003Z time="2026-06-12T13:22:31Z" level=info msg="Waiting new event to trigger..."
2026-06-12T13:23:06.643701255Z time="2026-06-12T13:23:06Z" level=info msg="block device /dev/sda ignored by vendor filter and rules: vendors: [longhorn, SPDK bdev Controller]"
2026-06-12T13:25:04.687356366Z time="2026-06-12T13:25:04Z" level=info msg="removing disk" device=/dev/sda model=VIRTUAL-DISK serial=60000000000000000e00000000010001 vendor=IET wwn=0x6000000000000000
2026-06-12T13:25:04.687591908Z time="2026-06-12T13:25:04Z" level=info msg="udev action triggering scanner wake" device=/dev/sda kind=BlockDevice namespace=longhorn-system udevAction=remove
2026-06-12T13:25:04.687613043Z time="2026-06-12T13:25:04Z" level=info msg="Scanner woke up, do scan..."
2026-06-12T13:25:04.690815666Z time="2026-06-12T13:25:04Z" level=info msg="Successfully loaded filter configuration from ConfigMap for node hp-69-tink-system"
2026-06-12T13:25:04.690841686Z time="2026-06-12T13:25:04Z" level=info msg="  - ExcludeDevices: "
2026-06-12T13:25:04.690848147Z time="2026-06-12T13:25:04Z" level=info msg="  - ExcludeVendors: "
2026-06-12T13:25:04.690855769Z time="2026-06-12T13:25:04Z" level=info msg="  - ExcludePaths: "
2026-06-12T13:25:04.690872685Z time="2026-06-12T13:25:04Z" level=info msg="  - ExcludeLabels: COS_*,HARV_*"
2026-06-12T13:25:04.690879927Z time="2026-06-12T13:25:04Z" level=info msg="register exclude filters"
2026-06-12T13:25:04.690887082Z time="2026-06-12T13:25:04Z" level=info msg="Attempting to load auto-provision configuration from ConfigMap"
2026-06-12T13:25:04.693348295Z time="2026-06-12T13:25:04Z" level=info msg="Successfully loaded auto-provision configuration from ConfigMap for node hp-69-tink-system"
2026-06-12T13:25:04.693370644Z time="2026-06-12T13:25:04Z" level=info msg="  - Devices: "
2026-06-12T13:25:04.693377576Z time="2026-06-12T13:25:04Z" level=info msg="register auto provision filters"
2026-06-12T13:25:04.808997421Z time="2026-06-12T13:25:04Z" level=info msg="Scanning device" device=/dev/nvme0n1
2026-06-12T13:25:04.809027199Z time="2026-06-12T13:25:04Z" level=info msg="block device /dev/nvme0n1 ignored by label filter and rules: fs labels: [COS_*, HARV_*]"
2026-06-12T13:25:04.811996579Z time="2026-06-12T13:25:04Z" level=info msg="Waiting new event to trigger..."
2026-06-12T13:25:32.154922475Z time="2026-06-12T13:25:32Z" level=info msg="block device /dev/sda ignored by vendor filter and rules: vendors: [longhorn, SPDK bdev Controller]"
2026-06-12T13:27:27.432975549Z time="2026-06-12T13:27:27Z" level=info msg="removing disk" device=/dev/sda model=VIRTUAL-DISK serial=60000000000000000e00000000010001 vendor=IET wwn=0x6000000000000000
2026-06-12T13:27:27.433010446Z time="2026-06-12T13:27:27Z" level=info msg="udev action triggering scanner wake" device=/dev/sda kind=BlockDevice namespace=longhorn-system udevAction=remove
2026-06-12T13:27:27.433019657Z time="2026-06-12T13:27:27Z" level=info msg="Scanner woke up, do scan..."
2026-06-12T13:27:27.436260672Z time="2026-06-12T13:27:27Z" level=info msg="Successfully loaded filter configuration from ConfigMap for node hp-69-tink-system"
2026-06-12T13:27:27.436286535Z time="2026-06-12T13:27:27Z" level=info msg="  - ExcludeDevices: "
2026-06-12T13:27:27.436293022Z time="2026-06-12T13:27:27Z" level=info msg="  - ExcludeVendors: "
2026-06-12T13:27:27.436299016Z time="2026-06-12T13:27:27Z" level=info msg="  - ExcludePaths: "
2026-06-12T13:27:27.436304823Z time="2026-06-12T13:27:27Z" level=info msg="  - ExcludeLabels: COS_*,HARV_*"
2026-06-12T13:27:27.436331423Z time="2026-06-12T13:27:27Z" level=info msg="register exclude filters"
2026-06-12T13:27:27.436338742Z time="2026-06-12T13:27:27Z" level=info msg="Attempting to load auto-provision configuration from ConfigMap"
2026-06-12T13:27:27.438830111Z time="2026-06-12T13:27:27Z" level=info msg="Successfully loaded auto-provision configuration from ConfigMap for node hp-69-tink-system"
2026-06-12T13:27:27.438853845Z time="2026-06-12T13:27:27Z" level=info msg="  - Devices: "
2026-06-12T13:27:27.438858998Z time="2026-06-12T13:27:27Z" level=info msg="register auto provision filters"
2026-06-12T13:27:27.557904713Z time="2026-06-12T13:27:27Z" level=info msg="Scanning device" device=/dev/nvme0n1
2026-06-12T13:27:27.557934227Z time="2026-06-12T13:27:27Z" level=info msg="block device /dev/nvme0n1 ignored by label filter and rules: fs labels: [COS_*, HARV_*]"
2026-06-12T13:27:27.561144974Z time="2026-06-12T13:27:27Z" level=info msg="Waiting new event to trigger..."
2026-06-12T13:27:36.369117210Z time="2026-06-12T13:27:36Z" level=info msg="block device /dev/sda ignored by vendor filter and rules: vendors: [longhorn, SPDK bdev Controller]"
2026-06-12T13:29:20.544115112Z time="2026-06-12T13:29:20Z" level=info msg="removing disk" device=/dev/sda model=VIRTUAL-DISK serial=60000000000000000e00000000010001 vendor=IET wwn=0x6000000000000000
2026-06-12T13:29:20.544151150Z time="2026-06-12T13:29:20Z" level=info msg="udev action triggering scanner wake" device=/dev/sda kind=BlockDevice namespace=longhorn-system udevAction=remove
2026-06-12T13:29:20.544158382Z time="2026-06-12T13:29:20Z" level=info msg="Scanner woke up, do scan..."
2026-06-12T13:29:20.552221315Z time="2026-06-12T13:29:20Z" level=info msg="Successfully loaded filter configuration from ConfigMap for node hp-69-tink-system"
2026-06-12T13:29:20.552244968Z time="2026-06-12T13:29:20Z" level=info msg="  - ExcludeDevices: "
2026-06-12T13:29:20.552251900Z time="2026-06-12T13:29:20Z" level=info msg="  - ExcludeVendors: "
2026-06-12T13:29:20.552258110Z time="2026-06-12T13:29:20Z" level=info msg="  - ExcludePaths: "
2026-06-12T13:29:20.552264154Z time="2026-06-12T13:29:20Z" level=info msg="  - ExcludeLabels: COS_*,HARV_*"
2026-06-12T13:29:20.552274656Z time="2026-06-12T13:29:20Z" level=info msg="register exclude filters"
2026-06-12T13:29:20.552283983Z time="2026-06-12T13:29:20Z" level=info msg="Attempting to load auto-provision configuration from ConfigMap"
2026-06-12T13:29:20.554547599Z time="2026-06-12T13:29:20Z" level=info msg="Successfully loaded auto-provision configuration from ConfigMap for node hp-69-tink-system"
2026-06-12T13:29:20.554573532Z time="2026-06-12T13:29:20Z" level=info msg="  - Devices: "
2026-06-12T13:29:20.554581394Z time="2026-06-12T13:29:20Z" level=info msg="register auto provision filters"
2026-06-12T13:29:20.675131179Z time="2026-06-12T13:29:20Z" level=info msg="Scanning device" device=/dev/nvme0n1
2026-06-12T13:29:20.675161781Z time="2026-06-12T13:29:20Z" level=info msg="block device /dev/nvme0n1 ignored by label filter and rules: fs labels: [COS_*, HARV_*]"
2026-06-12T13:29:20.686027734Z time="2026-06-12T13:29:20Z" level=info msg="Waiting new event to trigger..."
2026-06-12T13:44:37.931537117Z time="2026-06-12T13:44:37Z" level=info msg="block device /dev/sda ignored by vendor filter and rules: vendors: [longhorn, SPDK bdev Controller]"
2026-06-12T13:46:20.003263748Z time="2026-06-12T13:46:20Z" level=info msg="removing disk" device=/dev/sda model=VIRTUAL-DISK serial=60000000000000000e00000000010001 vendor=IET wwn=0x6000000000000000
2026-06-12T13:46:20.003297687Z time="2026-06-12T13:46:20Z" level=info msg="udev action triggering scanner wake" device=/dev/sda kind=BlockDevice namespace=longhorn-system udevAction=remove
2026-06-12T13:46:20.003304849Z time="2026-06-12T13:46:20Z" level=info msg="Scanner woke up, do scan..."
2026-06-12T13:46:20.006286832Z time="2026-06-12T13:46:20Z" level=info msg="Successfully loaded filter configuration from ConfigMap for node hp-69-tink-system"
2026-06-12T13:46:20.006307973Z time="2026-06-12T13:46:20Z" level=info msg="  - ExcludeDevices: "
2026-06-12T13:46:20.006312462Z time="2026-06-12T13:46:20Z" level=info msg="  - ExcludeVendors: "
2026-06-12T13:46:20.006317191Z time="2026-06-12T13:46:20Z" level=info msg="  - ExcludePaths: "
2026-06-12T13:46:20.006321152Z time="2026-06-12T13:46:20Z" level=info msg="  - ExcludeLabels: COS_*,HARV_*"
2026-06-12T13:46:20.006325133Z time="2026-06-12T13:46:20Z" level=info msg="register exclude filters"
2026-06-12T13:46:20.006330139Z time="2026-06-12T13:46:20Z" level=info msg="Attempting to load auto-provision configuration from ConfigMap"
2026-06-12T13:46:20.008630927Z time="2026-06-12T13:46:20Z" level=info msg="Successfully loaded auto-provision configuration from ConfigMap for node hp-69-tink-system"
2026-06-12T13:46:20.008654077Z time="2026-06-12T13:46:20Z" level=info msg="  - Devices: "
2026-06-12T13:46:20.008659396Z time="2026-06-12T13:46:20Z" level=info msg="register auto provision filters"
2026-06-12T13:46:20.125705873Z time="2026-06-12T13:46:20Z" level=info msg="Scanning device" device=/dev/nvme0n1
2026-06-12T13:46:20.125733536Z time="2026-06-12T13:46:20Z" level=info msg="block device /dev/nvme0n1 ignored by label filter and rules: fs labels: [COS_*, HARV_*]"
2026-06-12T13:46:20.128641623Z time="2026-06-12T13:46:20Z" level=info msg="Waiting new event to trigger..."
2026-06-12T14:01:34.914402993Z time="2026-06-12T14:01:34Z" level=info msg="block device /dev/sda ignored by vendor filter and rules: vendors: [longhorn, SPDK bdev Controller]"
2026-06-12T14:07:25.990749649Z time="2026-06-12T14:07:25Z" level=info msg="removing disk" device=/dev/sda model=VIRTUAL-DISK serial=60000000000000000e00000000010001 vendor=IET wwn=0x6000000000000000
2026-06-12T14:07:25.990790963Z time="2026-06-12T14:07:25Z" level=info msg="udev action triggering scanner wake" device=/dev/sda kind=BlockDevice namespace=longhorn-system udevAction=remove
2026-06-12T14:07:25.990800577Z time="2026-06-12T14:07:25Z" level=info msg="Scanner woke up, do scan..."
2026-06-12T14:07:25.993845959Z time="2026-06-12T14:07:25Z" level=info msg="Successfully loaded filter configuration from ConfigMap for node hp-69-tink-system"
2026-06-12T14:07:25.993877722Z time="2026-06-12T14:07:25Z" level=info msg="  - ExcludeDevices: "
2026-06-12T14:07:25.993885164Z time="2026-06-12T14:07:25Z" level=info msg="  - ExcludeVendors: "
2026-06-12T14:07:25.993892676Z time="2026-06-12T14:07:25Z" level=info msg="  - ExcludePaths: "
2026-06-12T14:07:25.993898737Z time="2026-06-12T14:07:25Z" level=info msg="  - ExcludeLabels: COS_*,HARV_*"
2026-06-12T14:07:25.993904580Z time="2026-06-12T14:07:25Z" level=info msg="register exclude filters"
2026-06-12T14:07:25.993922964Z time="2026-06-12T14:07:25Z" level=info msg="Attempting to load auto-provision configuration from ConfigMap"
2026-06-12T14:07:25.996002301Z time="2026-06-12T14:07:25Z" level=info msg="Successfully loaded auto-provision configuration from ConfigMap for node hp-69-tink-system"
2026-06-12T14:07:25.996027543Z time="2026-06-12T14:07:25Z" level=info msg="  - Devices: "
2026-06-12T14:07:25.996035602Z time="2026-06-12T14:07:25Z" level=info msg="register auto provision filters"
2026-06-12T14:07:26.117360239Z time="2026-06-12T14:07:26Z" level=info msg="Scanning device" device=/dev/nvme0n1
2026-06-12T14:07:26.117390894Z time="2026-06-12T14:07:26Z" level=info msg="block device /dev/nvme0n1 ignored by label filter and rules: fs labels: [COS_*, HARV_*]"
2026-06-12T14:07:26.120429969Z time="2026-06-12T14:07:26Z" level=info msg="Waiting new event to trigger..."
2026-06-12T14:07:59.084672242Z time="2026-06-12T14:07:59Z" level=info msg="block device /dev/sda ignored by vendor filter and rules: vendors: [longhorn, SPDK bdev Controller]"
2026-06-12T14:09:59.070891440Z time="2026-06-12T14:09:59Z" level=info msg="removing disk" device=/dev/sda model=VIRTUAL-DISK serial=60000000000000000e00000000010001 vendor=IET wwn=0x6000000000000000
2026-06-12T14:09:59.070925139Z time="2026-06-12T14:09:59Z" level=info msg="udev action triggering scanner wake" device=/dev/sda kind=BlockDevice namespace=longhorn-system udevAction=remove
2026-06-12T14:09:59.070933856Z time="2026-06-12T14:09:59Z" level=info msg="Scanner woke up, do scan..."
2026-06-12T14:09:59.074369014Z time="2026-06-12T14:09:59Z" level=info msg="Successfully loaded filter configuration from ConfigMap for node hp-69-tink-system"
2026-06-12T14:09:59.074392318Z time="2026-06-12T14:09:59Z" level=info msg="  - ExcludeDevices: "
2026-06-12T14:09:59.074399116Z time="2026-06-12T14:09:59Z" level=info msg="  - ExcludeVendors: "
2026-06-12T14:09:59.074406254Z time="2026-06-12T14:09:59Z" level=info msg="  - ExcludePaths: "
2026-06-12T14:09:59.074412071Z time="2026-06-12T14:09:59Z" level=info msg="  - ExcludeLabels: COS_*,HARV_*"
2026-06-12T14:09:59.074417757Z time="2026-06-12T14:09:59Z" level=info msg="register exclude filters"
2026-06-12T14:09:59.074424862Z time="2026-06-12T14:09:59Z" level=info msg="Attempting to load auto-provision configuration from ConfigMap"
2026-06-12T14:09:59.079581902Z time="2026-06-12T14:09:59Z" level=info msg="Successfully loaded auto-provision configuration from ConfigMap for node hp-69-tink-system"
2026-06-12T14:09:59.079611055Z time="2026-06-12T14:09:59Z" level=info msg="  - Devices: "
2026-06-12T14:09:59.079618030Z time="2026-06-12T14:09:59Z" level=info msg="register auto provision filters"
2026-06-12T14:09:59.198703427Z time="2026-06-12T14:09:59Z" level=info msg="Scanning device" device=/dev/nvme0n1
2026-06-12T14:09:59.198732857Z time="2026-06-12T14:09:59Z" level=info msg="block device /dev/nvme0n1 ignored by label filter and rules: fs labels: [COS_*, HARV_*]"
2026-06-12T14:09:59.203905708Z time="2026-06-12T14:09:59Z" level=info msg="Waiting new event to trigger..."
2026-06-12T14:10:30.710545654Z time="2026-06-12T14:10:30Z" level=info msg="block device /dev/sda ignored by vendor filter and rules: vendors: [longhorn, SPDK bdev Controller]"
2026-06-12T14:12:31.857979523Z time="2026-06-12T14:12:31Z" level=info msg="removing disk" device=/dev/sda model=VIRTUAL-DISK serial=60000000000000000e00000000010001 vendor=IET wwn=0x6000000000000000
2026-06-12T14:12:31.858017317Z time="2026-06-12T14:12:31Z" level=info msg="udev action triggering scanner wake" device=/dev/sda kind=BlockDevice namespace=longhorn-system udevAction=remove
2026-06-12T14:12:31.858024922Z time="2026-06-12T14:12:31Z" level=info msg="Scanner woke up, do scan..."
2026-06-12T14:12:31.861611097Z time="2026-06-12T14:12:31Z" level=info msg="Successfully loaded filter configuration from ConfigMap for node hp-69-tink-system"
2026-06-12T14:12:31.861644832Z time="2026-06-12T14:12:31Z" level=info msg="  - ExcludeDevices: "
2026-06-12T14:12:31.861651390Z time="2026-06-12T14:12:31Z" level=info msg="  - ExcludeVendors: "
2026-06-12T14:12:31.861664264Z time="2026-06-12T14:12:31Z" level=info msg="  - ExcludePaths: "
2026-06-12T14:12:31.861670485Z time="2026-06-12T14:12:31Z" level=info msg="  - ExcludeLabels: COS_*,HARV_*"
2026-06-12T14:12:31.861676368Z time="2026-06-12T14:12:31Z" level=info msg="register exclude filters"
2026-06-12T14:12:31.861682822Z time="2026-06-12T14:12:31Z" level=info msg="Attempting to load auto-provision configuration from ConfigMap"
2026-06-12T14:12:31.863966113Z time="2026-06-12T14:12:31Z" level=info msg="Successfully loaded auto-provision configuration from ConfigMap for node hp-69-tink-system"
2026-06-12T14:12:31.864011725Z time="2026-06-12T14:12:31Z" level=info msg="  - Devices: "
2026-06-12T14:12:31.864017652Z time="2026-06-12T14:12:31Z" level=info msg="register auto provision filters"
2026-06-12T14:12:31.982444337Z time="2026-06-12T14:12:31Z" level=info msg="Scanning device" device=/dev/nvme0n1
2026-06-12T14:12:31.982472075Z time="2026-06-12T14:12:31Z" level=info msg="block device /dev/nvme0n1 ignored by label filter and rules: fs labels: [COS_*, HARV_*]"
2026-06-12T14:12:31.987179935Z time="2026-06-12T14:12:31Z" level=info msg="Waiting new event to trigger..."
2026-06-12T14:13:03.747395959Z time="2026-06-12T14:13:03Z" level=info msg="block device /dev/sda ignored by vendor filter and rules: vendors: [longhorn, SPDK bdev Controller]"
2026-06-12T14:15:05.026904017Z time="2026-06-12T14:15:05Z" level=info msg="removing disk" device=/dev/sda model=VIRTUAL-DISK serial=60000000000000000e00000000010001 vendor=IET wwn=0x6000000000000000
2026-06-12T14:15:05.026939231Z time="2026-06-12T14:15:05Z" level=info msg="udev action triggering scanner wake" device=/dev/sda kind=BlockDevice namespace=longhorn-system udevAction=remove
2026-06-12T14:15:05.026946776Z time="2026-06-12T14:15:05Z" level=info msg="Scanner woke up, do scan..."
2026-06-12T14:15:05.029932511Z time="2026-06-12T14:15:05Z" level=info msg="Successfully loaded filter configuration from ConfigMap for node hp-69-tink-system"
2026-06-12T14:15:05.029962025Z time="2026-06-12T14:15:05Z" level=info msg="  - ExcludeDevices: "
2026-06-12T14:15:05.029968122Z time="2026-06-12T14:15:05Z" level=info msg="  - ExcludeVendors: "
2026-06-12T14:15:05.029974920Z time="2026-06-12T14:15:05Z" level=info msg="  - ExcludePaths: "
2026-06-12T14:15:05.029980813Z time="2026-06-12T14:15:05Z" level=info msg="  - ExcludeLabels: COS_*,HARV_*"
2026-06-12T14:15:05.029987204Z time="2026-06-12T14:15:05Z" level=info msg="register exclude filters"
2026-06-12T14:15:05.029994806Z time="2026-06-12T14:15:05Z" level=info msg="Attempting to load auto-provision configuration from ConfigMap"
2026-06-12T14:15:05.033438082Z time="2026-06-12T14:15:05Z" level=info msg="Successfully loaded auto-provision configuration from ConfigMap for node hp-69-tink-system"
2026-06-12T14:15:05.033464472Z time="2026-06-12T14:15:05Z" level=info msg="  - Devices: "
2026-06-12T14:15:05.033509410Z time="2026-06-12T14:15:05Z" level=info msg="register auto provision filters"
2026-06-12T14:15:05.151181911Z time="2026-06-12T14:15:05Z" level=info msg="Scanning device" device=/dev/nvme0n1
2026-06-12T14:15:05.151212586Z time="2026-06-12T14:15:05Z" level=info msg="block device /dev/nvme0n1 ignored by label filter and rules: fs labels: [COS_*, HARV_*]"
2026-06-12T14:15:05.153676193Z time="2026-06-12T14:15:05Z" level=info msg="Waiting new event to trigger..."
2026-06-12T14:15:07.831179943Z time="2026-06-12T14:15:07Z" level=info msg="block device /dev/sda ignored by vendor filter and rules: vendors: [longhorn, SPDK bdev Controller]"
2026-06-12T14:21:03.271501970Z time="2026-06-12T14:21:03Z" level=info msg="removing disk" device=/dev/sda model=VIRTUAL-DISK serial=60000000000000000e00000000010001 vendor=IET wwn=0x6000000000000000
2026-06-12T14:21:03.271557751Z time="2026-06-12T14:21:03Z" level=info msg="udev action triggering scanner wake" device=/dev/sda kind=BlockDevice namespace=longhorn-system udevAction=remove
2026-06-12T14:21:03.271566992Z time="2026-06-12T14:21:03Z" level=info msg="Scanner woke up, do scan..."
2026-06-12T14:21:03.274917813Z time="2026-06-12T14:21:03Z" level=info msg="Successfully loaded filter configuration from ConfigMap for node hp-69-tink-system"
2026-06-12T14:21:03.274948004Z time="2026-06-12T14:21:03Z" level=info msg="  - ExcludeDevices: "
2026-06-12T14:21:03.274954388Z time="2026-06-12T14:21:03Z" level=info msg="  - ExcludeVendors: "
2026-06-12T14:21:03.274980959Z time="2026-06-12T14:21:03Z" level=info msg="  - ExcludePaths: "
2026-06-12T14:21:03.274986969Z time="2026-06-12T14:21:03Z" level=info msg="  - ExcludeLabels: COS_*,HARV_*"
2026-06-12T14:21:03.274991417Z time="2026-06-12T14:21:03Z" level=info msg="register exclude filters"
2026-06-12T14:21:03.275002293Z time="2026-06-12T14:21:03Z" level=info msg="Attempting to load auto-provision configuration from ConfigMap"
2026-06-12T14:21:03.277304598Z time="2026-06-12T14:21:03Z" level=info msg="Successfully loaded auto-provision configuration from ConfigMap for node hp-69-tink-system"
2026-06-12T14:21:03.277326768Z time="2026-06-12T14:21:03Z" level=info msg="  - Devices: "
2026-06-12T14:21:03.277333193Z time="2026-06-12T14:21:03Z" level=info msg="register auto provision filters"
2026-06-12T14:21:03.393434705Z time="2026-06-12T14:21:03Z" level=info msg="Scanning device" device=/dev/nvme0n1
2026-06-12T14:21:03.393458319Z time="2026-06-12T14:21:03Z" level=info msg="block device /dev/nvme0n1 ignored by label filter and rules: fs labels: [COS_*, HARV_*]"
2026-06-12T14:21:03.396215346Z time="2026-06-12T14:21:03Z" level=info msg="Waiting new event to trigger..."
2026-06-12T14:21:30.124048984Z time="2026-06-12T14:21:30Z" level=info msg="block device /dev/sda ignored by vendor filter and rules: vendors: [longhorn, SPDK bdev Controller]"
2026-06-12T14:23:26.274605504Z time="2026-06-12T14:23:26Z" level=info msg="removing disk" device=/dev/sda model=VIRTUAL-DISK serial=60000000000000000e00000000010001 vendor=IET wwn=0x6000000000000000
2026-06-12T14:23:26.274640174Z time="2026-06-12T14:23:26Z" level=info msg="udev action triggering scanner wake" device=/dev/sda kind=BlockDevice namespace=longhorn-system udevAction=remove
2026-06-12T14:23:26.274647802Z time="2026-06-12T14:23:26Z" level=info msg="Scanner woke up, do scan..."
2026-06-12T14:23:26.279831547Z time="2026-06-12T14:23:26Z" level=info msg="Successfully loaded filter configuration from ConfigMap for node hp-69-tink-system"
2026-06-12T14:23:26.279853922Z time="2026-06-12T14:23:26Z" level=info msg="  - ExcludeDevices: "
2026-06-12T14:23:26.279860086Z time="2026-06-12T14:23:26Z" level=info msg="  - ExcludeVendors: "
2026-06-12T14:23:26.279867007Z time="2026-06-12T14:23:26Z" level=info msg="  - ExcludePaths: "
2026-06-12T14:23:26.279872681Z time="2026-06-12T14:23:26Z" level=info msg="  - ExcludeLabels: COS_*,HARV_*"
2026-06-12T14:23:26.279878678Z time="2026-06-12T14:23:26Z" level=info msg="register exclude filters"
2026-06-12T14:23:26.279885706Z time="2026-06-12T14:23:26Z" level=info msg="Attempting to load auto-provision configuration from ConfigMap"
2026-06-12T14:23:26.282906463Z time="2026-06-12T14:23:26Z" level=info msg="Successfully loaded auto-provision configuration from ConfigMap for node hp-69-tink-system"
2026-06-12T14:23:26.282936708Z time="2026-06-12T14:23:26Z" level=info msg="  - Devices: "
2026-06-12T14:23:26.282944677Z time="2026-06-12T14:23:26Z" level=info msg="register auto provision filters"
2026-06-12T14:23:26.403713636Z time="2026-06-12T14:23:26Z" level=info msg="Scanning device" device=/dev/nvme0n1
2026-06-12T14:23:26.403745343Z time="2026-06-12T14:23:26Z" level=info msg="block device /dev/nvme0n1 ignored by label filter and rules: fs labels: [COS_*, HARV_*]"
2026-06-12T14:23:26.406860439Z time="2026-06-12T14:23:26Z" level=info msg="Waiting new event to trigger..."
2026-06-12T14:24:21.300674620Z time="2026-06-12T14:24:21Z" level=info msg="block device /dev/sda ignored by vendor filter and rules: vendors: [longhorn, SPDK bdev Controller]"
2026-06-12T14:25:59.932812361Z time="2026-06-12T14:25:59Z" level=info msg="removing disk" device=/dev/sda model=VIRTUAL-DISK serial=60000000000000000e00000000010001 vendor=IET wwn=0x6000000000000000
2026-06-12T14:25:59.932852794Z time="2026-06-12T14:25:59Z" level=info msg="udev action triggering scanner wake" device=/dev/sda kind=BlockDevice namespace=longhorn-system udevAction=remove
2026-06-12T14:25:59.932883499Z time="2026-06-12T14:25:59Z" level=info msg="Scanner woke up, do scan..."
2026-06-12T14:25:59.936048372Z time="2026-06-12T14:25:59Z" level=info msg="Successfully loaded filter configuration from ConfigMap for node hp-69-tink-system"
2026-06-12T14:25:59.936087788Z time="2026-06-12T14:25:59Z" level=info msg="  - ExcludeDevices: "
2026-06-12T14:25:59.936095981Z time="2026-06-12T14:25:59Z" level=info msg="  - ExcludeVendors: "
2026-06-12T14:25:59.936102258Z time="2026-06-12T14:25:59Z" level=info msg="  - ExcludePaths: "
2026-06-12T14:25:59.936108605Z time="2026-06-12T14:25:59Z" level=info msg="  - ExcludeLabels: COS_*,HARV_*"
2026-06-12T14:25:59.936114225Z time="2026-06-12T14:25:59Z" level=info msg="register exclude filters"
2026-06-12T14:25:59.936120976Z time="2026-06-12T14:25:59Z" level=info msg="Attempting to load auto-provision configuration from ConfigMap"
2026-06-12T14:25:59.938540695Z time="2026-06-12T14:25:59Z" level=info msg="Successfully loaded auto-provision configuration from ConfigMap for node hp-69-tink-system"
2026-06-12T14:25:59.938563074Z time="2026-06-12T14:25:59Z" level=info msg="  - Devices: "
2026-06-12T14:25:59.938569414Z time="2026-06-12T14:25:59Z" level=info msg="register auto provision filters"
2026-06-12T14:26:00.057720964Z time="2026-06-12T14:26:00Z" level=info msg="Scanning device" device=/dev/nvme0n1
2026-06-12T14:26:00.057749210Z time="2026-06-12T14:26:00Z" level=info msg="block device /dev/nvme0n1 ignored by label filter and rules: fs labels: [COS_*, HARV_*]"
2026-06-12T14:26:00.060638355Z time="2026-06-12T14:26:00Z" level=info msg="Waiting new event to trigger..."
2026-06-12T14:26:30.171899117Z time="2026-06-12T14:26:30Z" level=info msg="block device /dev/sda ignored by vendor filter and rules: vendors: [longhorn, SPDK bdev Controller]"
2026-06-12T14:28:23.255130596Z time="2026-06-12T14:28:23Z" level=info msg="removing disk" device=/dev/sda model=VIRTUAL-DISK serial=60000000000000000e00000000010001 vendor=IET wwn=0x6000000000000000
2026-06-12T14:28:23.255164635Z time="2026-06-12T14:28:23Z" level=info msg="udev action triggering scanner wake" device=/dev/sda kind=BlockDevice namespace=longhorn-system udevAction=remove
2026-06-12T14:28:23.255172437Z time="2026-06-12T14:28:23Z" level=info msg="Scanner woke up, do scan..."
2026-06-12T14:28:23.258415948Z time="2026-06-12T14:28:23Z" level=info msg="Successfully loaded filter configuration from ConfigMap for node hp-69-tink-system"
2026-06-12T14:28:23.258444267Z time="2026-06-12T14:28:23Z" level=info msg="  - ExcludeDevices: "
2026-06-12T14:28:23.258450354Z time="2026-06-12T14:28:23Z" level=info msg="  - ExcludeVendors: "
2026-06-12T14:28:23.258456811Z time="2026-06-12T14:28:23Z" level=info msg="  - ExcludePaths: "
2026-06-12T14:28:23.258462481Z time="2026-06-12T14:28:23Z" level=info msg="  - ExcludeLabels: COS_*,HARV_*"
2026-06-12T14:28:23.258468114Z time="2026-06-12T14:28:23Z" level=info msg="register exclude filters"
2026-06-12T14:28:23.258474522Z time="2026-06-12T14:28:23Z" level=info msg="Attempting to load auto-provision configuration from ConfigMap"
2026-06-12T14:28:23.260744545Z time="2026-06-12T14:28:23Z" level=info msg="Successfully loaded auto-provision configuration from ConfigMap for node hp-69-tink-system"
2026-06-12T14:28:23.260776532Z time="2026-06-12T14:28:23Z" level=info msg="  - Devices: "
2026-06-12T14:28:23.260787291Z time="2026-06-12T14:28:23Z" level=info msg="register auto provision filters"
2026-06-12T14:28:23.379814842Z time="2026-06-12T14:28:23Z" level=info msg="Scanning device" device=/dev/nvme0n1
2026-06-12T14:28:23.379843975Z time="2026-06-12T14:28:23Z" level=info msg="block device /dev/nvme0n1 ignored by label filter and rules: fs labels: [COS_*, HARV_*]"
2026-06-12T14:28:23.382721110Z time="2026-06-12T14:28:23Z" level=info msg="Waiting new event to trigger..."
2026-06-12T14:34:20.057999943Z time="2026-06-12T14:34:20Z" level=info msg="block device /dev/sda ignored by vendor filter and rules: vendors: [longhorn, SPDK bdev Controller]"
2026-06-12T14:36:19.356546107Z time="2026-06-12T14:36:19Z" level=info msg="removing disk" device=/dev/sda model=VIRTUAL-DISK serial=60000000000000000e00000000010001 vendor=IET wwn=0x6000000000000000
2026-06-12T14:36:19.356581968Z time="2026-06-12T14:36:19Z" level=info msg="udev action triggering scanner wake" device=/dev/sda kind=BlockDevice namespace=longhorn-system udevAction=remove
2026-06-12T14:36:19.356589727Z time="2026-06-12T14:36:19Z" level=info msg="Scanner woke up, do scan..."
2026-06-12T14:36:19.360063546Z time="2026-06-12T14:36:19Z" level=info msg="Successfully loaded filter configuration from ConfigMap for node hp-69-tink-system"
2026-06-12T14:36:19.360102084Z time="2026-06-12T14:36:19Z" level=info msg="  - ExcludeDevices: "
2026-06-12T14:36:19.360112636Z time="2026-06-12T14:36:19Z" level=info msg="  - ExcludeVendors: "
2026-06-12T14:36:19.360122054Z time="2026-06-12T14:36:19Z" level=info msg="  - ExcludePaths: "
2026-06-12T14:36:19.360127924Z time="2026-06-12T14:36:19Z" level=info msg="  - ExcludeLabels: COS_*,HARV_*"
2026-06-12T14:36:19.360133861Z time="2026-06-12T14:36:19Z" level=info msg="register exclude filters"
2026-06-12T14:36:19.360161313Z time="2026-06-12T14:36:19Z" level=info msg="Attempting to load auto-provision configuration from ConfigMap"
2026-06-12T14:36:19.362418892Z time="2026-06-12T14:36:19Z" level=info msg="Successfully loaded auto-provision configuration from ConfigMap for node hp-69-tink-system"
2026-06-12T14:36:19.362453669Z time="2026-06-12T14:36:19Z" level=info msg="  - Devices: "
2026-06-12T14:36:19.362466294Z time="2026-06-12T14:36:19Z" level=info msg="register auto provision filters"
2026-06-12T14:36:19.478635671Z time="2026-06-12T14:36:19Z" level=info msg="Scanning device" device=/dev/nvme0n1
2026-06-12T14:36:19.478664905Z time="2026-06-12T14:36:19Z" level=info msg="block device /dev/nvme0n1 ignored by label filter and rules: fs labels: [COS_*, HARV_*]"
2026-06-12T14:36:19.482013933Z time="2026-06-12T14:36:19Z" level=info msg="Waiting new event to trigger..."
2026-06-12T14:39:49.971618516Z time="2026-06-12T14:39:49Z" level=info msg="block device /dev/sda ignored by vendor filter and rules: vendors: [longhorn, SPDK bdev Controller]"
2026-06-12T14:40:53.294880869Z time="2026-06-12T14:40:53Z" level=info msg="removing disk" device=/dev/sda model=VIRTUAL-DISK serial=60000000000000000e00000000010001 vendor=IET wwn=0x6000000000000000
2026-06-12T14:40:53.294915045Z time="2026-06-12T14:40:53Z" level=info msg="udev action triggering scanner wake" device=/dev/sda kind=BlockDevice namespace=longhorn-system udevAction=remove
2026-06-12T14:40:53.294922280Z time="2026-06-12T14:40:53Z" level=info msg="Scanner woke up, do scan..."
2026-06-12T14:40:53.298296622Z time="2026-06-12T14:40:53Z" level=info msg="Successfully loaded filter configuration from ConfigMap for node hp-69-tink-system"
2026-06-12T14:40:53.298331249Z time="2026-06-12T14:40:53Z" level=info msg="  - ExcludeDevices: "
2026-06-12T14:40:53.298338414Z time="2026-06-12T14:40:53Z" level=info msg="  - ExcludeVendors: "
2026-06-12T14:40:53.298344894Z time="2026-06-12T14:40:53Z" level=info msg="  - ExcludePaths: "
2026-06-12T14:40:53.298351028Z time="2026-06-12T14:40:53Z" level=info msg="  - ExcludeLabels: COS_*,HARV_*"
2026-06-12T14:40:53.298356952Z time="2026-06-12T14:40:53Z" level=info msg="register exclude filters"
2026-06-12T14:40:53.298363142Z time="2026-06-12T14:40:53Z" level=info msg="Attempting to load auto-provision configuration from ConfigMap"
2026-06-12T14:40:53.300624436Z time="2026-06-12T14:40:53Z" level=info msg="Successfully loaded auto-provision configuration from ConfigMap for node hp-69-tink-system"
2026-06-12T14:40:53.300649645Z time="2026-06-12T14:40:53Z" level=info msg="  - Devices: "
2026-06-12T14:40:53.300654520Z time="2026-06-12T14:40:53Z" level=info msg="register auto provision filters"
2026-06-12T14:40:53.421194951Z time="2026-06-12T14:40:53Z" level=info msg="Scanning device" device=/dev/nvme0n1
2026-06-12T14:40:53.421223618Z time="2026-06-12T14:40:53Z" level=info msg="block device /dev/nvme0n1 ignored by label filter and rules: fs labels: [COS_*, HARV_*]"
2026-06-12T14:40:53.424022118Z time="2026-06-12T14:40:53Z" level=info msg="Waiting new event to trigger..."
2026-06-12T14:41:34.939664741Z time="2026-06-12T14:41:34Z" level=info msg="block device /dev/sda ignored by vendor filter and rules: vendors: [longhorn, SPDK bdev Controller]"
2026-06-12T14:42:35.130980275Z time="2026-06-12T14:42:35Z" level=info msg="removing disk" device=/dev/sda model=VIRTUAL-DISK serial=60000000000000000e00000000010001 vendor=IET wwn=0x6000000000000000
2026-06-12T14:42:35.131023084Z time="2026-06-12T14:42:35Z" level=info msg="udev action triggering scanner wake" device=/dev/sda kind=BlockDevice namespace=longhorn-system udevAction=remove
2026-06-12T14:42:35.131031100Z time="2026-06-12T14:42:35Z" level=info msg="Scanner woke up, do scan..."
2026-06-12T14:42:35.156950705Z time="2026-06-12T14:42:35Z" level=info msg="Successfully loaded filter configuration from ConfigMap for node hp-69-tink-system"
2026-06-12T14:42:35.156986736Z time="2026-06-12T14:42:35Z" level=info msg="  - ExcludeDevices: "
2026-06-12T14:42:35.156997769Z time="2026-06-12T14:42:35Z" level=info msg="  - ExcludeVendors: "
2026-06-12T14:42:35.157007273Z time="2026-06-12T14:42:35Z" level=info msg="  - ExcludePaths: "
2026-06-12T14:42:35.157017565Z time="2026-06-12T14:42:35Z" level=info msg="  - ExcludeLabels: COS_*,HARV_*"
2026-06-12T14:42:35.157023625Z time="2026-06-12T14:42:35Z" level=info msg="register exclude filters"
2026-06-12T14:42:35.157029916Z time="2026-06-12T14:42:35Z" level=info msg="Attempting to load auto-provision configuration from ConfigMap"
2026-06-12T14:42:35.167410023Z time="2026-06-12T14:42:35Z" level=info msg="Successfully loaded auto-provision configuration from ConfigMap for node hp-69-tink-system"
2026-06-12T14:42:35.167443475Z time="2026-06-12T14:42:35Z" level=info msg="  - Devices: "
2026-06-12T14:42:35.167451718Z time="2026-06-12T14:42:35Z" level=info msg="register auto provision filters"
2026-06-12T14:42:35.290340526Z time="2026-06-12T14:42:35Z" level=info msg="Scanning device" device=/dev/nvme0n1
2026-06-12T14:42:35.290369920Z time="2026-06-12T14:42:35Z" level=info msg="block device /dev/nvme0n1 ignored by label filter and rules: fs labels: [COS_*, HARV_*]"
2026-06-12T14:42:35.295315620Z time="2026-06-12T14:42:35Z" level=info msg="Waiting new event to trigger..."
2026-06-12T14:42:40.630805073Z time="2026-06-12T14:42:40Z" level=info msg="block device /dev/sda ignored by vendor filter and rules: vendors: [longhorn, SPDK bdev Controller]"
2026-06-12T14:45:18.012114828Z time="2026-06-12T14:45:18Z" level=info msg="removing disk" device=/dev/sda model=VIRTUAL-DISK serial=60000000000000000e00000000010001 vendor=IET wwn=0x6000000000000000
2026-06-12T14:45:18.012157253Z time="2026-06-12T14:45:18Z" level=info msg="udev action triggering scanner wake" device=/dev/sda kind=BlockDevice namespace=longhorn-system udevAction=remove
2026-06-12T14:45:18.012169744Z time="2026-06-12T14:45:18Z" level=info msg="Scanner woke up, do scan..."
2026-06-12T14:45:18.015282715Z time="2026-06-12T14:45:18Z" level=info msg="Successfully loaded filter configuration from ConfigMap for node hp-69-tink-system"
2026-06-12T14:45:18.015307547Z time="2026-06-12T14:45:18Z" level=info msg="  - ExcludeDevices: "
2026-06-12T14:45:18.015334174Z time="2026-06-12T14:45:18Z" level=info msg="  - ExcludeVendors: "
2026-06-12T14:45:18.015339010Z time="2026-06-12T14:45:18Z" level=info msg="  - ExcludePaths: "
2026-06-12T14:45:18.015343068Z time="2026-06-12T14:45:18Z" level=info msg="  - ExcludeLabels: COS_*,HARV_*"
2026-06-12T14:45:18.015347710Z time="2026-06-12T14:45:18Z" level=info msg="register exclude filters"
2026-06-12T14:45:18.015352348Z time="2026-06-12T14:45:18Z" level=info msg="Attempting to load auto-provision configuration from ConfigMap"
2026-06-12T14:45:18.017864799Z time="2026-06-12T14:45:18Z" level=info msg="Successfully loaded auto-provision configuration from ConfigMap for node hp-69-tink-system"
2026-06-12T14:45:18.017886281Z time="2026-06-12T14:45:18Z" level=info msg="  - Devices: "
2026-06-12T14:45:18.017891574Z time="2026-06-12T14:45:18Z" level=info msg="register auto provision filters"
2026-06-12T14:45:18.135293276Z time="2026-06-12T14:45:18Z" level=info msg="Scanning device" device=/dev/nvme0n1
2026-06-12T14:45:18.135321439Z time="2026-06-12T14:45:18Z" level=info msg="block device /dev/nvme0n1 ignored by label filter and rules: fs labels: [COS_*, HARV_*]"
2026-06-12T14:45:18.138508762Z time="2026-06-12T14:45:18Z" level=info msg="Waiting new event to trigger..."
2026-06-12T14:45:49.893725897Z time="2026-06-12T14:45:49Z" level=info msg="block device /dev/sda ignored by vendor filter and rules: vendors: [longhorn, SPDK bdev Controller]"
2026-06-12T14:47:20.348661422Z time="2026-06-12T14:47:20Z" level=info msg="removing disk" device=/dev/sda model=VIRTUAL-DISK serial=60000000000000000e00000000010001 vendor=IET wwn=0x6000000000000000
2026-06-12T14:47:20.348695768Z time="2026-06-12T14:47:20Z" level=info msg="udev action triggering scanner wake" device=/dev/sda kind=BlockDevice namespace=longhorn-system udevAction=remove
2026-06-12T14:47:20.348705386Z time="2026-06-12T14:47:20Z" level=info msg="Scanner woke up, do scan..."
2026-06-12T14:47:20.352135191Z time="2026-06-12T14:47:20Z" level=info msg="Successfully loaded filter configuration from ConfigMap for node hp-69-tink-system"
2026-06-12T14:47:20.352161324Z time="2026-06-12T14:47:20Z" level=info msg="  - ExcludeDevices: "
2026-06-12T14:47:20.352168085Z time="2026-06-12T14:47:20Z" level=info msg="  - ExcludeVendors: "
2026-06-12T14:47:20.352175113Z time="2026-06-12T14:47:20Z" level=info msg="  - ExcludePaths: "
2026-06-12T14:47:20.352181434Z time="2026-06-12T14:47:20Z" level=info msg="  - ExcludeLabels: COS_*,HARV_*"
2026-06-12T14:47:20.352187150Z time="2026-06-12T14:47:20Z" level=info msg="register exclude filters"
2026-06-12T14:47:20.352195340Z time="2026-06-12T14:47:20Z" level=info msg="Attempting to load auto-provision configuration from ConfigMap"
2026-06-12T14:47:20.354823524Z time="2026-06-12T14:47:20Z" level=info msg="Successfully loaded auto-provision configuration from ConfigMap for node hp-69-tink-system"
2026-06-12T14:47:20.354852230Z time="2026-06-12T14:47:20Z" level=info msg="  - Devices: "
2026-06-12T14:47:20.354860546Z time="2026-06-12T14:47:20Z" level=info msg="register auto provision filters"
2026-06-12T14:47:20.472618204Z time="2026-06-12T14:47:20Z" level=info msg="Scanning device" device=/dev/nvme0n1
2026-06-12T14:47:20.472650211Z time="2026-06-12T14:47:20Z" level=info msg="block device /dev/nvme0n1 ignored by label filter and rules: fs labels: [COS_*, HARV_*]"
2026-06-12T14:47:20.475580673Z time="2026-06-12T14:47:20Z" level=info msg="Waiting new event to trigger..."
2026-06-12T14:47:20.820803303Z time="2026-06-12T14:47:20Z" level=info msg="block device /dev/sda ignored by vendor filter and rules: vendors: [longhorn, SPDK bdev Controller]"
2026-06-12T14:49:03.873293004Z time="2026-06-12T14:49:03Z" level=info msg="block device /dev/sdb ignored by vendor filter and rules: vendors: [longhorn, SPDK bdev Controller]"
2026-06-12T14:50:44.779117162Z time="2026-06-12T14:50:44Z" level=info msg="removing disk" device=/dev/sdb model=VIRTUAL-DISK serial=60000000000000000e00000000010001 vendor=IET wwn=0x6000000000000000
2026-06-12T14:50:44.779164373Z time="2026-06-12T14:50:44Z" level=info msg="udev action triggering scanner wake" device=/dev/sdb kind=BlockDevice namespace=longhorn-system udevAction=remove
2026-06-12T14:50:44.779173209Z time="2026-06-12T14:50:44Z" level=info msg="Scanner woke up, do scan..."
2026-06-12T14:50:44.788419605Z time="2026-06-12T14:50:44Z" level=info msg="Successfully loaded filter configuration from ConfigMap for node hp-69-tink-system"
2026-06-12T14:50:44.788446977Z time="2026-06-12T14:50:44Z" level=info msg="  - ExcludeDevices: "
2026-06-12T14:50:44.788453224Z time="2026-06-12T14:50:44Z" level=info msg="  - ExcludeVendors: "
2026-06-12T14:50:44.788459751Z time="2026-06-12T14:50:44Z" level=info msg="  - ExcludePaths: "
2026-06-12T14:50:44.788465792Z time="2026-06-12T14:50:44Z" level=info msg="  - ExcludeLabels: COS_*,HARV_*"
2026-06-12T14:50:44.788471939Z time="2026-06-12T14:50:44Z" level=info msg="register exclude filters"
2026-06-12T14:50:44.788492916Z time="2026-06-12T14:50:44Z" level=info msg="Attempting to load auto-provision configuration from ConfigMap"
2026-06-12T14:50:44.791361118Z time="2026-06-12T14:50:44Z" level=info msg="Successfully loaded auto-provision configuration from ConfigMap for node hp-69-tink-system"
2026-06-12T14:50:44.791387561Z time="2026-06-12T14:50:44Z" level=info msg="  - Devices: "
2026-06-12T14:50:44.791394997Z time="2026-06-12T14:50:44Z" level=info msg="register auto provision filters"
2026-06-12T14:50:45.058210190Z time="2026-06-12T14:50:45Z" level=info msg="Scanning device" device=/dev/nvme0n1
2026-06-12T14:50:45.058256940Z time="2026-06-12T14:50:45Z" level=info msg="block device /dev/nvme0n1 ignored by label filter and rules: fs labels: [COS_*, HARV_*]"
2026-06-12T14:50:45.058269241Z time="2026-06-12T14:50:45Z" level=info msg="Scanning device" device=/dev/sda
2026-06-12T14:50:45.058279776Z time="2026-06-12T14:50:45Z" level=info msg="block device /dev/sda ignored by vendor filter and rules: vendors: [longhorn, SPDK bdev Controller]"
2026-06-12T14:50:45.061237908Z time="2026-06-12T14:50:45Z" level=info msg="Waiting new event to trigger..."
2026-06-12T14:51:05.337190522Z time="2026-06-12T14:51:05Z" level=info msg="removing disk" device=/dev/sda model=VIRTUAL-DISK serial=60000000000000000e00000000020001 vendor=IET wwn=0x6000000000000000
2026-06-12T14:51:05.337224832Z time="2026-06-12T14:51:05Z" level=info msg="udev action triggering scanner wake" device=/dev/sda kind=BlockDevice namespace=longhorn-system udevAction=remove
2026-06-12T14:51:05.337232544Z time="2026-06-12T14:51:05Z" level=info msg="Scanner woke up, do scan..."
2026-06-12T14:51:05.340231349Z time="2026-06-12T14:51:05Z" level=info msg="Successfully loaded filter configuration from ConfigMap for node hp-69-tink-system"
2026-06-12T14:51:05.340263369Z time="2026-06-12T14:51:05Z" level=info msg="  - ExcludeDevices: "
2026-06-12T14:51:05.340273394Z time="2026-06-12T14:51:05Z" level=info msg="  - ExcludeVendors: "
2026-06-12T14:51:05.340283436Z time="2026-06-12T14:51:05Z" level=info msg="  - ExcludePaths: "
2026-06-12T14:51:05.340290444Z time="2026-06-12T14:51:05Z" level=info msg="  - ExcludeLabels: COS_*,HARV_*"
2026-06-12T14:51:05.340296504Z time="2026-06-12T14:51:05Z" level=info msg="register exclude filters"
2026-06-12T14:51:05.340303489Z time="2026-06-12T14:51:05Z" level=info msg="Attempting to load auto-provision configuration from ConfigMap"
2026-06-12T14:51:05.342415936Z time="2026-06-12T14:51:05Z" level=info msg="Successfully loaded auto-provision configuration from ConfigMap for node hp-69-tink-system"
2026-06-12T14:51:05.342461705Z time="2026-06-12T14:51:05Z" level=info msg="  - Devices: "
2026-06-12T14:51:05.342467491Z time="2026-06-12T14:51:05Z" level=info msg="register auto provision filters"
2026-06-12T14:51:05.461466610Z time="2026-06-12T14:51:05Z" level=info msg="Scanning device" device=/dev/nvme0n1
2026-06-12T14:51:05.461519411Z time="2026-06-12T14:51:05Z" level=info msg="block device /dev/nvme0n1 ignored by label filter and rules: fs labels: [COS_*, HARV_*]"
2026-06-12T14:51:05.464790779Z time="2026-06-12T14:51:05Z" level=info msg="Waiting new event to trigger..."
2026-06-12T14:51:25.856565201Z time="2026-06-12T14:51:25Z" level=info msg="block device /dev/sda ignored by vendor filter and rules: vendors: [longhorn, SPDK bdev Controller]"
2026-06-12T14:58:46.653416352Z time="2026-06-12T14:58:46Z" level=info msg="block device /dev/sdb ignored by vendor filter and rules: vendors: [longhorn, SPDK bdev Controller]"
2026-06-12T15:00:17.415471399Z time="2026-06-12T15:00:17Z" level=info msg="removing disk" device=/dev/sdb model=VIRTUAL-DISK serial=60000000000000000e00000000020001 vendor=IET wwn=0x6000000000000000
2026-06-12T15:00:17.415522774Z time="2026-06-12T15:00:17Z" level=info msg="udev action triggering scanner wake" device=/dev/sdb kind=BlockDevice namespace=longhorn-system udevAction=remove
2026-06-12T15:00:17.415530603Z time="2026-06-12T15:00:17Z" level=info msg="Scanner woke up, do scan..."
2026-06-12T15:00:17.418948086Z time="2026-06-12T15:00:17Z" level=info msg="Successfully loaded filter configuration from ConfigMap for node hp-69-tink-system"
2026-06-12T15:00:17.418978300Z time="2026-06-12T15:00:17Z" level=info msg="  - ExcludeDevices: "
2026-06-12T15:00:17.418984855Z time="2026-06-12T15:00:17Z" level=info msg="  - ExcludeVendors: "
2026-06-12T15:00:17.418991509Z time="2026-06-12T15:00:17Z" level=info msg="  - ExcludePaths: "
2026-06-12T15:00:17.418997643Z time="2026-06-12T15:00:17Z" level=info msg="  - ExcludeLabels: COS_*,HARV_*"
2026-06-12T15:00:17.419004013Z time="2026-06-12T15:00:17Z" level=info msg="register exclude filters"
2026-06-12T15:00:17.419011308Z time="2026-06-12T15:00:17Z" level=info msg="Attempting to load auto-provision configuration from ConfigMap"
2026-06-12T15:00:17.421416543Z time="2026-06-12T15:00:17Z" level=info msg="Successfully loaded auto-provision configuration from ConfigMap for node hp-69-tink-system"
2026-06-12T15:00:17.421444909Z time="2026-06-12T15:00:17Z" level=info msg="  - Devices: "
2026-06-12T15:00:17.421451997Z time="2026-06-12T15:00:17Z" level=info msg="register auto provision filters"
2026-06-12T15:00:17.690230405Z time="2026-06-12T15:00:17Z" level=info msg="Scanning device" device=/dev/nvme0n1
2026-06-12T15:00:17.690264728Z time="2026-06-12T15:00:17Z" level=info msg="block device /dev/nvme0n1 ignored by label filter and rules: fs labels: [COS_*, HARV_*]"
2026-06-12T15:00:17.690272233Z time="2026-06-12T15:00:17Z" level=info msg="Scanning device" device=/dev/sda
2026-06-12T15:00:17.690278724Z time="2026-06-12T15:00:17Z" level=info msg="block device /dev/sda ignored by vendor filter and rules: vendors: [longhorn, SPDK bdev Controller]"
2026-06-12T15:00:17.701425739Z time="2026-06-12T15:00:17Z" level=info msg="Waiting new event to trigger..."
2026-06-12T15:00:27.837552599Z time="2026-06-12T15:00:27Z" level=info msg="removing disk" device=/dev/sda model=VIRTUAL-DISK serial=60000000000000000e00000000010001 vendor=IET wwn=0x6000000000000000
2026-06-12T15:00:27.837589535Z time="2026-06-12T15:00:27Z" level=info msg="udev action triggering scanner wake" device=/dev/sda kind=BlockDevice namespace=longhorn-system udevAction=remove
2026-06-12T15:00:27.837599833Z time="2026-06-12T15:00:27Z" level=info msg="Scanner woke up, do scan..."
2026-06-12T15:00:27.840554817Z time="2026-06-12T15:00:27Z" level=info msg="Successfully loaded filter configuration from ConfigMap for node hp-69-tink-system"
2026-06-12T15:00:27.840622001Z time="2026-06-12T15:00:27Z" level=info msg="  - ExcludeDevices: "
2026-06-12T15:00:27.840628121Z time="2026-06-12T15:00:27Z" level=info msg="  - ExcludeVendors: "
2026-06-12T15:00:27.840634151Z time="2026-06-12T15:00:27Z" level=info msg="  - ExcludePaths: "
2026-06-12T15:00:27.840638553Z time="2026-06-12T15:00:27Z" level=info msg="  - ExcludeLabels: COS_*,HARV_*"
2026-06-12T15:00:27.840642624Z time="2026-06-12T15:00:27Z" level=info msg="register exclude filters"
2026-06-12T15:00:27.840647773Z time="2026-06-12T15:00:27Z" level=info msg="Attempting to load auto-provision configuration from ConfigMap"
2026-06-12T15:00:27.842961644Z time="2026-06-12T15:00:27Z" level=info msg="Successfully loaded auto-provision configuration from ConfigMap for node hp-69-tink-system"
2026-06-12T15:00:27.842979067Z time="2026-06-12T15:00:27Z" level=info msg="  - Devices: "
2026-06-12T15:00:27.842983876Z time="2026-06-12T15:00:27Z" level=info msg="register auto provision filters"
2026-06-12T15:00:27.963850668Z time="2026-06-12T15:00:27Z" level=info msg="Scanning device" device=/dev/nvme0n1
2026-06-12T15:00:27.963883882Z time="2026-06-12T15:00:27Z" level=info msg="block device /dev/nvme0n1 ignored by label filter and rules: fs labels: [COS_*, HARV_*]"
2026-06-12T15:00:27.966936421Z time="2026-06-12T15:00:27Z" level=info msg="Waiting new event to trigger..."
2026-06-12T15:00:52.850414720Z time="2026-06-12T15:00:52Z" level=info msg="block device /dev/sda ignored by vendor filter and rules: vendors: [longhorn, SPDK bdev Controller]"
2026-06-12T15:06:54.646418553Z time="2026-06-12T15:06:54Z" level=info msg="block device /dev/sdb ignored by vendor filter and rules: vendors: [longhorn, SPDK bdev Controller]"
2026-06-12T15:07:04.893708507Z time="2026-06-12T15:07:04Z" level=info msg="block device /dev/sdc ignored by vendor filter and rules: vendors: [longhorn, SPDK bdev Controller]"
2026-06-12T15:08:47.636600345Z time="2026-06-12T15:08:47Z" level=info msg="removing disk" device=/dev/sdc model=VIRTUAL-DISK serial=60000000000000000e00000000030001 vendor=IET wwn=0x6000000000000000
2026-06-12T15:08:47.636640184Z time="2026-06-12T15:08:47Z" level=info msg="udev action triggering scanner wake" device=/dev/sdc kind=BlockDevice namespace=longhorn-system udevAction=remove
2026-06-12T15:08:47.636652645Z time="2026-06-12T15:08:47Z" level=info msg="Scanner woke up, do scan..."
2026-06-12T15:08:47.639922600Z time="2026-06-12T15:08:47Z" level=info msg="Successfully loaded filter configuration from ConfigMap for node hp-69-tink-system"
2026-06-12T15:08:47.639947488Z time="2026-06-12T15:08:47Z" level=info msg="  - ExcludeDevices: "
2026-06-12T15:08:47.639953338Z time="2026-06-12T15:08:47Z" level=info msg="  - ExcludeVendors: "
2026-06-12T15:08:47.639963060Z time="2026-06-12T15:08:47Z" level=info msg="  - ExcludePaths: "
2026-06-12T15:08:47.639973104Z time="2026-06-12T15:08:47Z" level=info msg="  - ExcludeLabels: COS_*,HARV_*"
2026-06-12T15:08:47.639981748Z time="2026-06-12T15:08:47Z" level=info msg="register exclude filters"
2026-06-12T15:08:47.639992830Z time="2026-06-12T15:08:47Z" level=info msg="Attempting to load auto-provision configuration from ConfigMap"
2026-06-12T15:08:47.642336285Z time="2026-06-12T15:08:47Z" level=info msg="Successfully loaded auto-provision configuration from ConfigMap for node hp-69-tink-system"
2026-06-12T15:08:47.642359455Z time="2026-06-12T15:08:47Z" level=info msg="  - Devices: "
2026-06-12T15:08:47.642366339Z time="2026-06-12T15:08:47Z" level=info msg="register auto provision filters"
2026-06-12T15:08:48.055219256Z time="2026-06-12T15:08:48Z" level=info msg="Scanning device" device=/dev/nvme0n1
2026-06-12T15:08:48.055259813Z time="2026-06-12T15:08:48Z" level=info msg="block device /dev/nvme0n1 ignored by label filter and rules: fs labels: [COS_*, HARV_*]"
2026-06-12T15:08:48.055291332Z time="2026-06-12T15:08:48Z" level=info msg="Scanning device" device=/dev/sda
2026-06-12T15:08:48.055298741Z time="2026-06-12T15:08:48Z" level=info msg="block device /dev/sda ignored by vendor filter and rules: vendors: [longhorn, SPDK bdev Controller]"
2026-06-12T15:08:48.055329760Z time="2026-06-12T15:08:48Z" level=info msg="Scanning device" device=/dev/sdb
2026-06-12T15:08:48.055337158Z time="2026-06-12T15:08:48Z" level=info msg="block device /dev/sdb ignored by vendor filter and rules: vendors: [longhorn, SPDK bdev Controller]"
2026-06-12T15:08:48.058676603Z time="2026-06-12T15:08:48Z" level=info msg="Waiting new event to trigger..."
2026-06-12T15:09:07.902329302Z time="2026-06-12T15:09:07Z" level=info msg="removing disk" device=/dev/sdb model=VIRTUAL-DISK serial=60000000000000000e00000000020001 vendor=IET wwn=0x6000000000000000
2026-06-12T15:09:07.902366986Z time="2026-06-12T15:09:07Z" level=info msg="udev action triggering scanner wake" device=/dev/sdb kind=BlockDevice namespace=longhorn-system udevAction=remove
2026-06-12T15:09:07.902375879Z time="2026-06-12T15:09:07Z" level=info msg="Scanner woke up, do scan..."
2026-06-12T15:09:07.905368920Z time="2026-06-12T15:09:07Z" level=info msg="Successfully loaded filter configuration from ConfigMap for node hp-69-tink-system"
2026-06-12T15:09:07.905394856Z time="2026-06-12T15:09:07Z" level=info msg="  - ExcludeDevices: "
2026-06-12T15:09:07.905401958Z time="2026-06-12T15:09:07Z" level=info msg="  - ExcludeVendors: "
2026-06-12T15:09:07.905409029Z time="2026-06-12T15:09:07Z" level=info msg="  - ExcludePaths: "
2026-06-12T15:09:07.905414715Z time="2026-06-12T15:09:07Z" level=info msg="  - ExcludeLabels: COS_*,HARV_*"
2026-06-12T15:09:07.905420455Z time="2026-06-12T15:09:07Z" level=info msg="register exclude filters"
2026-06-12T15:09:07.905427767Z time="2026-06-12T15:09:07Z" level=info msg="Attempting to load auto-provision configuration from ConfigMap"
2026-06-12T15:09:07.907578167Z time="2026-06-12T15:09:07Z" level=info msg="Successfully loaded auto-provision configuration from ConfigMap for node hp-69-tink-system"
2026-06-12T15:09:07.907605635Z time="2026-06-12T15:09:07Z" level=info msg="  - Devices: "
2026-06-12T15:09:07.907613013Z time="2026-06-12T15:09:07Z" level=info msg="register auto provision filters"
2026-06-12T15:09:08.173456179Z time="2026-06-12T15:09:08Z" level=info msg="Scanning device" device=/dev/nvme0n1
2026-06-12T15:09:08.173582387Z time="2026-06-12T15:09:08Z" level=info msg="block device /dev/nvme0n1 ignored by label filter and rules: fs labels: [COS_*, HARV_*]"
2026-06-12T15:09:08.173593066Z time="2026-06-12T15:09:08Z" level=info msg="Scanning device" device=/dev/sda
2026-06-12T15:09:08.173599667Z time="2026-06-12T15:09:08Z" level=info msg="block device /dev/sda ignored by vendor filter and rules: vendors: [longhorn, SPDK bdev Controller]"
2026-06-12T15:09:08.176803950Z time="2026-06-12T15:09:08Z" level=info msg="Waiting new event to trigger..."
2026-06-12T15:09:28.397624937Z time="2026-06-12T15:09:28Z" level=info msg="removing disk" device=/dev/sda model=VIRTUAL-DISK serial=60000000000000000e00000000010001 vendor=IET wwn=0x6000000000000000
2026-06-12T15:09:28.397656470Z time="2026-06-12T15:09:28Z" level=info msg="udev action triggering scanner wake" device=/dev/sda kind=BlockDevice namespace=longhorn-system udevAction=remove
2026-06-12T15:09:28.397664503Z time="2026-06-12T15:09:28Z" level=info msg="Scanner woke up, do scan..."
2026-06-12T15:09:28.406350725Z time="2026-06-12T15:09:28Z" level=info msg="Successfully loaded filter configuration from ConfigMap for node hp-69-tink-system"
2026-06-12T15:09:28.406379058Z time="2026-06-12T15:09:28Z" level=info msg="  - ExcludeDevices: "
2026-06-12T15:09:28.406404617Z time="2026-06-12T15:09:28Z" level=info msg="  - ExcludeVendors: "
2026-06-12T15:09:28.406411855Z time="2026-06-12T15:09:28Z" level=info msg="  - ExcludePaths: "
2026-06-12T15:09:28.406415857Z time="2026-06-12T15:09:28Z" level=info msg="  - ExcludeLabels: COS_*,HARV_*"
2026-06-12T15:09:28.406419908Z time="2026-06-12T15:09:28Z" level=info msg="register exclude filters"
2026-06-12T15:09:28.406425271Z time="2026-06-12T15:09:28Z" level=info msg="Attempting to load auto-provision configuration from ConfigMap"
2026-06-12T15:09:28.408652939Z time="2026-06-12T15:09:28Z" level=info msg="Successfully loaded auto-provision configuration from ConfigMap for node hp-69-tink-system"
2026-06-12T15:09:28.408674247Z time="2026-06-12T15:09:28Z" level=info msg="  - Devices: "
2026-06-12T15:09:28.408680464Z time="2026-06-12T15:09:28Z" level=info msg="register auto provision filters"
2026-06-12T15:09:28.528645488Z time="2026-06-12T15:09:28Z" level=info msg="Scanning device" device=/dev/nvme0n1
2026-06-12T15:09:28.528674137Z time="2026-06-12T15:09:28Z" level=info msg="block device /dev/nvme0n1 ignored by label filter and rules: fs labels: [COS_*, HARV_*]"
2026-06-12T15:09:28.531552026Z time="2026-06-12T15:09:28Z" level=info msg="Waiting new event to trigger..."
2026-06-12T15:10:13.826314875Z time="2026-06-12T15:10:13Z" level=info msg="block device /dev/sda ignored by vendor filter and rules: vendors: [longhorn, SPDK bdev Controller]"
2026-06-12T15:11:49.874104610Z time="2026-06-12T15:11:49Z" level=info msg="block device /dev/sdb ignored by vendor filter and rules: vendors: [longhorn, SPDK bdev Controller]"
2026-06-12T15:14:14.692815612Z time="2026-06-12T15:14:14Z" level=info msg="removing disk" device=/dev/sdb model=VIRTUAL-DISK serial=60000000000000000e00000000020001 vendor=IET wwn=0x6000000000000000
2026-06-12T15:14:14.692852414Z time="2026-06-12T15:14:14Z" level=info msg="udev action triggering scanner wake" device=/dev/sdb kind=BlockDevice namespace=longhorn-system udevAction=remove
2026-06-12T15:14:14.692860840Z time="2026-06-12T15:14:14Z" level=info msg="Scanner woke up, do scan..."
2026-06-12T15:14:14.696167621Z time="2026-06-12T15:14:14Z" level=info msg="Successfully loaded filter configuration from ConfigMap for node hp-69-tink-system"
2026-06-12T15:14:14.696189940Z time="2026-06-12T15:14:14Z" level=info msg="  - ExcludeDevices: "
2026-06-12T15:14:14.696196408Z time="2026-06-12T15:14:14Z" level=info msg="  - ExcludeVendors: "
2026-06-12T15:14:14.696202672Z time="2026-06-12T15:14:14Z" level=info msg="  - ExcludePaths: "
2026-06-12T15:14:14.696208625Z time="2026-06-12T15:14:14Z" level=info msg="  - ExcludeLabels: COS_*,HARV_*"
2026-06-12T15:14:14.696214402Z time="2026-06-12T15:14:14Z" level=info msg="register exclude filters"
2026-06-12T15:14:14.696220903Z time="2026-06-12T15:14:14Z" level=info msg="Attempting to load auto-provision configuration from ConfigMap"
2026-06-12T15:14:14.698404372Z time="2026-06-12T15:14:14Z" level=info msg="Successfully loaded auto-provision configuration from ConfigMap for node hp-69-tink-system"
2026-06-12T15:14:14.698426067Z time="2026-06-12T15:14:14Z" level=info msg="  - Devices: "
2026-06-12T15:14:14.698433119Z time="2026-06-12T15:14:14Z" level=info msg="register auto provision filters"
2026-06-12T15:14:14.971732940Z time="2026-06-12T15:14:14Z" level=info msg="Scanning device" device=/dev/nvme0n1
2026-06-12T15:14:14.971771387Z time="2026-06-12T15:14:14Z" level=info msg="block device /dev/nvme0n1 ignored by label filter and rules: fs labels: [COS_*, HARV_*]"
2026-06-12T15:14:14.971781930Z time="2026-06-12T15:14:14Z" level=info msg="Scanning device" device=/dev/sda
2026-06-12T15:14:14.971791093Z time="2026-06-12T15:14:14Z" level=info msg="block device /dev/sda ignored by vendor filter and rules: vendors: [longhorn, SPDK bdev Controller]"
2026-06-12T15:14:14.975194322Z time="2026-06-12T15:14:14Z" level=info msg="Waiting new event to trigger..."
2026-06-12T15:14:19.363738189Z time="2026-06-12T15:14:19Z" level=info msg="block device /dev/sdb ignored by vendor filter and rules: vendors: [longhorn, SPDK bdev Controller]"
2026-06-12T15:17:27.919569098Z time="2026-06-12T15:17:27Z" level=info msg="block device /dev/sdc ignored by vendor filter and rules: vendors: [longhorn, SPDK bdev Controller]"
2026-06-12T15:17:29.089929711Z time="2026-06-12T15:17:29Z" level=info msg="removing disk" device=/dev/sdb model=VIRTUAL-DISK serial=60000000000000000e00000000020001 vendor=IET wwn=0x6000000000000000
2026-06-12T15:17:29.089962422Z time="2026-06-12T15:17:29Z" level=info msg="udev action triggering scanner wake" device=/dev/sdb kind=BlockDevice namespace=longhorn-system udevAction=remove
2026-06-12T15:17:29.089970709Z time="2026-06-12T15:17:29Z" level=info msg="Scanner woke up, do scan..."
2026-06-12T15:17:29.094138281Z time="2026-06-12T15:17:29Z" level=info msg="Successfully loaded filter configuration from ConfigMap for node hp-69-tink-system"
2026-06-12T15:17:29.094166901Z time="2026-06-12T15:17:29Z" level=info msg="  - ExcludeDevices: "
2026-06-12T15:17:29.094174092Z time="2026-06-12T15:17:29Z" level=info msg="  - ExcludeVendors: "
2026-06-12T15:17:29.094182549Z time="2026-06-12T15:17:29Z" level=info msg="  - ExcludePaths: "
2026-06-12T15:17:29.094188476Z time="2026-06-12T15:17:29Z" level=info msg="  - ExcludeLabels: COS_*,HARV_*"
2026-06-12T15:17:29.094194423Z time="2026-06-12T15:17:29Z" level=info msg="register exclude filters"
2026-06-12T15:17:29.094202729Z time="2026-06-12T15:17:29Z" level=info msg="Attempting to load auto-provision configuration from ConfigMap"
2026-06-12T15:17:29.097249547Z time="2026-06-12T15:17:29Z" level=info msg="Successfully loaded auto-provision configuration from ConfigMap for node hp-69-tink-system"
2026-06-12T15:17:29.097273802Z time="2026-06-12T15:17:29Z" level=info msg="  - Devices: "
2026-06-12T15:17:29.097280236Z time="2026-06-12T15:17:29Z" level=info msg="register auto provision filters"
2026-06-12T15:17:29.562046178Z time="2026-06-12T15:17:29Z" level=info msg="Scanning device" device=/dev/nvme0n1
2026-06-12T15:17:29.562085316Z time="2026-06-12T15:17:29Z" level=info msg="block device /dev/nvme0n1 ignored by label filter and rules: fs labels: [COS_*, HARV_*]"
2026-06-12T15:17:29.562093035Z time="2026-06-12T15:17:29Z" level=info msg="Scanning device" device=/dev/sda
2026-06-12T15:17:29.562099283Z time="2026-06-12T15:17:29Z" level=info msg="block device /dev/sda ignored by vendor filter and rules: vendors: [longhorn, SPDK bdev Controller]"
2026-06-12T15:17:29.562105533Z time="2026-06-12T15:17:29Z" level=info msg="Scanning device" device=/dev/sdc
2026-06-12T15:17:29.562111490Z time="2026-06-12T15:17:29Z" level=info msg="block device /dev/sdc ignored by vendor filter and rules: vendors: [longhorn, SPDK bdev Controller]"
2026-06-12T15:17:29.573073762Z time="2026-06-12T15:17:29Z" level=info msg="Waiting new event to trigger..."
2026-06-12T15:19:11.253788332Z time="2026-06-12T15:19:11Z" level=info msg="removing disk" device=/dev/sdc model=VIRTUAL-DISK serial=60000000000000000e00000000030001 vendor=IET wwn=0x6000000000000000
2026-06-12T15:19:11.253822074Z time="2026-06-12T15:19:11Z" level=info msg="udev action triggering scanner wake" device=/dev/sdc kind=BlockDevice namespace=longhorn-system udevAction=remove
2026-06-12T15:19:11.253829419Z time="2026-06-12T15:19:11Z" level=info msg="Scanner woke up, do scan..."
2026-06-12T15:19:11.257000397Z time="2026-06-12T15:19:11Z" level=info msg="Successfully loaded filter configuration from ConfigMap for node hp-69-tink-system"
2026-06-12T15:19:11.257027769Z time="2026-06-12T15:19:11Z" level=info msg="  - ExcludeDevices: "
2026-06-12T15:19:11.257054570Z time="2026-06-12T15:19:11Z" level=info msg="  - ExcludeVendors: "
2026-06-12T15:19:11.257059906Z time="2026-06-12T15:19:11Z" level=info msg="  - ExcludePaths: "
2026-06-12T15:19:11.257063954Z time="2026-06-12T15:19:11Z" level=info msg="  - ExcludeLabels: COS_*,HARV_*"
2026-06-12T15:19:11.257068573Z time="2026-06-12T15:19:11Z" level=info msg="register exclude filters"
2026-06-12T15:19:11.257073188Z time="2026-06-12T15:19:11Z" level=info msg="Attempting to load auto-provision configuration from ConfigMap"
2026-06-12T15:19:11.259421613Z time="2026-06-12T15:19:11Z" level=info msg="Successfully loaded auto-provision configuration from ConfigMap for node hp-69-tink-system"
2026-06-12T15:19:11.259446124Z time="2026-06-12T15:19:11Z" level=info msg="  - Devices: "
2026-06-12T15:19:11.259451551Z time="2026-06-12T15:19:11Z" level=info msg="register auto provision filters"
2026-06-12T15:19:11.532932375Z time="2026-06-12T15:19:11Z" level=info msg="Scanning device" device=/dev/nvme0n1
2026-06-12T15:19:11.532981482Z time="2026-06-12T15:19:11Z" level=info msg="block device /dev/nvme0n1 ignored by label filter and rules: fs labels: [COS_*, HARV_*]"
2026-06-12T15:19:11.532989548Z time="2026-06-12T15:19:11Z" level=info msg="Scanning device" device=/dev/sda
2026-06-12T15:19:11.533011878Z time="2026-06-12T15:19:11Z" level=info msg="block device /dev/sda ignored by vendor filter and rules: vendors: [longhorn, SPDK bdev Controller]"
2026-06-12T15:19:11.536208351Z time="2026-06-12T15:19:11Z" level=info msg="Waiting new event to trigger..."
2026-06-12T15:19:16.540213339Z time="2026-06-12T15:19:16Z" level=info msg="block device /dev/sdb ignored by vendor filter and rules: vendors: [longhorn, SPDK bdev Controller]"
2026-06-12T15:21:44.367791800Z time="2026-06-12T15:21:44Z" level=info msg="removing disk" device=/dev/sdb model=VIRTUAL-DISK serial=60000000000000000e00000000020001 vendor=IET wwn=0x6000000000000000
2026-06-12T15:21:44.367828265Z time="2026-06-12T15:21:44Z" level=info msg="udev action triggering scanner wake" device=/dev/sdb kind=BlockDevice namespace=longhorn-system udevAction=remove
2026-06-12T15:21:44.367835590Z time="2026-06-12T15:21:44Z" level=info msg="Scanner woke up, do scan..."
2026-06-12T15:21:44.370853275Z time="2026-06-12T15:21:44Z" level=info msg="Successfully loaded filter configuration from ConfigMap for node hp-69-tink-system"
2026-06-12T15:21:44.370878524Z time="2026-06-12T15:21:44Z" level=info msg="  - ExcludeDevices: "
2026-06-12T15:21:44.370885569Z time="2026-06-12T15:21:44Z" level=info msg="  - ExcludeVendors: "
2026-06-12T15:21:44.370892377Z time="2026-06-12T15:21:44Z" level=info msg="  - ExcludePaths: "
2026-06-12T15:21:44.370898177Z time="2026-06-12T15:21:44Z" level=info msg="  - ExcludeLabels: COS_*,HARV_*"
2026-06-12T15:21:44.370904294Z time="2026-06-12T15:21:44Z" level=info msg="register exclude filters"
2026-06-12T15:21:44.370910661Z time="2026-06-12T15:21:44Z" level=info msg="Attempting to load auto-provision configuration from ConfigMap"
2026-06-12T15:21:44.373100281Z time="2026-06-12T15:21:44Z" level=info msg="Successfully loaded auto-provision configuration from ConfigMap for node hp-69-tink-system"
2026-06-12T15:21:44.373122450Z time="2026-06-12T15:21:44Z" level=info msg="  - Devices: "
2026-06-12T15:21:44.373129492Z time="2026-06-12T15:21:44Z" level=info msg="register auto provision filters"
2026-06-12T15:21:44.641797244Z time="2026-06-12T15:21:44Z" level=info msg="Scanning device" device=/dev/nvme0n1
2026-06-12T15:21:44.641828360Z time="2026-06-12T15:21:44Z" level=info msg="block device /dev/nvme0n1 ignored by label filter and rules: fs labels: [COS_*, HARV_*]"
2026-06-12T15:21:44.641835475Z time="2026-06-12T15:21:44Z" level=info msg="Scanning device" device=/dev/sda
2026-06-12T15:21:44.641841906Z time="2026-06-12T15:21:44Z" level=info msg="block device /dev/sda ignored by vendor filter and rules: vendors: [longhorn, SPDK bdev Controller]"
2026-06-12T15:21:44.645110871Z time="2026-06-12T15:21:44Z" level=info msg="Waiting new event to trigger..."
2026-06-12T15:21:50.330460933Z time="2026-06-12T15:21:50Z" level=info msg="block device /dev/sdb ignored by vendor filter and rules: vendors: [longhorn, SPDK bdev Controller]"
2026-06-12T15:24:38.456668402Z time="2026-06-12T15:24:38Z" level=info msg="removing disk" device=/dev/sdb model=VIRTUAL-DISK serial=60000000000000000e00000000020001 vendor=IET wwn=0x6000000000000000
2026-06-12T15:24:38.456702088Z time="2026-06-12T15:24:38Z" level=info msg="udev action triggering scanner wake" device=/dev/sdb kind=BlockDevice namespace=longhorn-system udevAction=remove
2026-06-12T15:24:38.456709667Z time="2026-06-12T15:24:38Z" level=info msg="Scanner woke up, do scan..."
2026-06-12T15:24:38.463104182Z time="2026-06-12T15:24:38Z" level=info msg="Successfully loaded filter configuration from ConfigMap for node hp-69-tink-system"
2026-06-12T15:24:38.463128761Z time="2026-06-12T15:24:38Z" level=info msg="  - ExcludeDevices: "
2026-06-12T15:24:38.463135609Z time="2026-06-12T15:24:38Z" level=info msg="  - ExcludeVendors: "
2026-06-12T15:24:38.463142016Z time="2026-06-12T15:24:38Z" level=info msg="  - ExcludePaths: "
2026-06-12T15:24:38.463147853Z time="2026-06-12T15:24:38Z" level=info msg="  - ExcludeLabels: COS_*,HARV_*"
2026-06-12T15:24:38.463153389Z time="2026-06-12T15:24:38Z" level=info msg="register exclude filters"
2026-06-12T15:24:38.463159800Z time="2026-06-12T15:24:38Z" level=info msg="Attempting to load auto-provision configuration from ConfigMap"
2026-06-12T15:24:38.465534134Z time="2026-06-12T15:24:38Z" level=info msg="Successfully loaded auto-provision configuration from ConfigMap for node hp-69-tink-system"
2026-06-12T15:24:38.465555896Z time="2026-06-12T15:24:38Z" level=info msg="  - Devices: "
2026-06-12T15:24:38.465562493Z time="2026-06-12T15:24:38Z" level=info msg="register auto provision filters"
2026-06-12T15:24:38.731224651Z time="2026-06-12T15:24:38Z" level=info msg="Scanning device" device=/dev/nvme0n1
2026-06-12T15:24:38.731260593Z time="2026-06-12T15:24:38Z" level=info msg="block device /dev/nvme0n1 ignored by label filter and rules: fs labels: [COS_*, HARV_*]"
2026-06-12T15:24:38.731268692Z time="2026-06-12T15:24:38Z" level=info msg="Scanning device" device=/dev/sda
2026-06-12T15:24:38.731274549Z time="2026-06-12T15:24:38Z" level=info msg="block device /dev/sda ignored by vendor filter and rules: vendors: [longhorn, SPDK bdev Controller]"
2026-06-12T15:24:38.734209347Z time="2026-06-12T15:24:38Z" level=info msg="Waiting new event to trigger..."
2026-06-12T15:24:49.877022344Z time="2026-06-12T15:24:49Z" level=info msg="block device /dev/sdb ignored by vendor filter and rules: vendors: [longhorn, SPDK bdev Controller]"
2026-06-12T15:26:10.672238315Z time="2026-06-12T15:26:10Z" level=info msg="removing disk" device=/dev/sdb model=VIRTUAL-DISK serial=60000000000000000e00000000020001 vendor=IET wwn=0x6000000000000000
2026-06-12T15:26:10.672272735Z time="2026-06-12T15:26:10Z" level=info msg="udev action triggering scanner wake" device=/dev/sdb kind=BlockDevice namespace=longhorn-system udevAction=remove
2026-06-12T15:26:10.672280190Z time="2026-06-12T15:26:10Z" level=info msg="Scanner woke up, do scan..."
2026-06-12T15:26:10.675175080Z time="2026-06-12T15:26:10Z" level=info msg="Successfully loaded filter configuration from ConfigMap for node hp-69-tink-system"
2026-06-12T15:26:10.675197419Z time="2026-06-12T15:26:10Z" level=info msg="  - ExcludeDevices: "
2026-06-12T15:26:10.675204234Z time="2026-06-12T15:26:10Z" level=info msg="  - ExcludeVendors: "
2026-06-12T15:26:10.675210231Z time="2026-06-12T15:26:10Z" level=info msg="  - ExcludePaths: "
2026-06-12T15:26:10.675234949Z time="2026-06-12T15:26:10Z" level=info msg="  - ExcludeLabels: COS_*,HARV_*"
2026-06-12T15:26:10.675239548Z time="2026-06-12T15:26:10Z" level=info msg="register exclude filters"
2026-06-12T15:26:10.675257429Z time="2026-06-12T15:26:10Z" level=info msg="Attempting to load auto-provision configuration from ConfigMap"
2026-06-12T15:26:10.677610446Z time="2026-06-12T15:26:10Z" level=info msg="Successfully loaded auto-provision configuration from ConfigMap for node hp-69-tink-system"
2026-06-12T15:26:10.677640858Z time="2026-06-12T15:26:10Z" level=info msg="  - Devices: "
2026-06-12T15:26:10.677645981Z time="2026-06-12T15:26:10Z" level=info msg="register auto provision filters"
2026-06-12T15:26:10.948311138Z time="2026-06-12T15:26:10Z" level=info msg="Scanning device" device=/dev/nvme0n1
2026-06-12T15:26:10.948338162Z time="2026-06-12T15:26:10Z" level=info msg="block device /dev/nvme0n1 ignored by label filter and rules: fs labels: [COS_*, HARV_*]"
2026-06-12T15:26:10.948343188Z time="2026-06-12T15:26:10Z" level=info msg="Scanning device" device=/dev/sda
2026-06-12T15:26:10.948347887Z time="2026-06-12T15:26:10Z" level=info msg="block device /dev/sda ignored by vendor filter and rules: vendors: [longhorn, SPDK bdev Controller]"
2026-06-12T15:26:10.951328800Z time="2026-06-12T15:26:10Z" level=info msg="Waiting new event to trigger..."
2026-06-12T15:26:16.252217452Z time="2026-06-12T15:26:16Z" level=info msg="block device /dev/sdb ignored by vendor filter and rules: vendors: [longhorn, SPDK bdev Controller]"
2026-06-12T15:27:32.506374711Z time="2026-06-12T15:27:32Z" level=info msg="removing disk" device=/dev/sdb model=VIRTUAL-DISK serial=60000000000000000e00000000020001 vendor=IET wwn=0x6000000000000000
2026-06-12T15:27:32.506408841Z time="2026-06-12T15:27:32Z" level=info msg="udev action triggering scanner wake" device=/dev/sdb kind=BlockDevice namespace=longhorn-system udevAction=remove
2026-06-12T15:27:32.506416446Z time="2026-06-12T15:27:32Z" level=info msg="Scanner woke up, do scan..."
2026-06-12T15:27:32.511513941Z time="2026-06-12T15:27:32Z" level=info msg="Successfully loaded filter configuration from ConfigMap for node hp-69-tink-system"
2026-06-12T15:27:32.511539654Z time="2026-06-12T15:27:32Z" level=info msg="  - ExcludeDevices: "
2026-06-12T15:27:32.511546249Z time="2026-06-12T15:27:32Z" level=info msg="  - ExcludeVendors: "
2026-06-12T15:27:32.511553731Z time="2026-06-12T15:27:32Z" level=info msg="  - ExcludePaths: "
2026-06-12T15:27:32.511560385Z time="2026-06-12T15:27:32Z" level=info msg="  - ExcludeLabels: COS_*,HARV_*"
2026-06-12T15:27:32.511565915Z time="2026-06-12T15:27:32Z" level=info msg="register exclude filters"
2026-06-12T15:27:32.511572135Z time="2026-06-12T15:27:32Z" level=info msg="Attempting to load auto-provision configuration from ConfigMap"
2026-06-12T15:27:32.515698719Z time="2026-06-12T15:27:32Z" level=info msg="Successfully loaded auto-provision configuration from ConfigMap for node hp-69-tink-system"
2026-06-12T15:27:32.515722250Z time="2026-06-12T15:27:32Z" level=info msg="  - Devices: "
2026-06-12T15:27:32.515733122Z time="2026-06-12T15:27:32Z" level=info msg="register auto provision filters"
2026-06-12T15:27:32.789977603Z time="2026-06-12T15:27:32Z" level=info msg="Scanning device" device=/dev/nvme0n1
2026-06-12T15:27:32.790008515Z time="2026-06-12T15:27:32Z" level=info msg="block device /dev/nvme0n1 ignored by label filter and rules: fs labels: [COS_*, HARV_*]"
2026-06-12T15:27:32.790015383Z time="2026-06-12T15:27:32Z" level=info msg="Scanning device" device=/dev/sda
2026-06-12T15:27:32.790021947Z time="2026-06-12T15:27:32Z" level=info msg="block device /dev/sda ignored by vendor filter and rules: vendors: [longhorn, SPDK bdev Controller]"
2026-06-12T15:27:32.792964164Z time="2026-06-12T15:27:32Z" level=info msg="Waiting new event to trigger..."
2026-06-12T15:28:49.294593579Z time="2026-06-12T15:28:49Z" level=info msg="block device /dev/sdb ignored by vendor filter and rules: vendors: [longhorn, SPDK bdev Controller]"
2026-06-12T15:30:16.040739750Z time="2026-06-12T15:30:16Z" level=info msg="removing disk" device=/dev/sdb model=VIRTUAL-DISK serial=60000000000000000e00000000020001 vendor=IET wwn=0x6000000000000000
2026-06-12T15:30:16.040776262Z time="2026-06-12T15:30:16Z" level=info msg="udev action triggering scanner wake" device=/dev/sdb kind=BlockDevice namespace=longhorn-system udevAction=remove
2026-06-12T15:30:16.040790745Z time="2026-06-12T15:30:16Z" level=info msg="Scanner woke up, do scan..."
2026-06-12T15:30:16.043968839Z time="2026-06-12T15:30:16Z" level=info msg="Successfully loaded filter configuration from ConfigMap for node hp-69-tink-system"
2026-06-12T15:30:16.043994395Z time="2026-06-12T15:30:16Z" level=info msg="  - ExcludeDevices: "
2026-06-12T15:30:16.044000512Z time="2026-06-12T15:30:16Z" level=info msg="  - ExcludeVendors: "
2026-06-12T15:30:16.044006402Z time="2026-06-12T15:30:16Z" level=info msg="  - ExcludePaths: "
2026-06-12T15:30:16.044012299Z time="2026-06-12T15:30:16Z" level=info msg="  - ExcludeLabels: COS_*,HARV_*"
2026-06-12T15:30:16.044018466Z time="2026-06-12T15:30:16Z" level=info msg="register exclude filters"
2026-06-12T15:30:16.044024946Z time="2026-06-12T15:30:16Z" level=info msg="Attempting to load auto-provision configuration from ConfigMap"
2026-06-12T15:30:16.046301828Z time="2026-06-12T15:30:16Z" level=info msg="Successfully loaded auto-provision configuration from ConfigMap for node hp-69-tink-system"
2026-06-12T15:30:16.046324974Z time="2026-06-12T15:30:16Z" level=info msg="  - Devices: "
2026-06-12T15:30:16.046331625Z time="2026-06-12T15:30:16Z" level=info msg="register auto provision filters"
2026-06-12T15:30:16.323140463Z time="2026-06-12T15:30:16Z" level=info msg="Scanning device" device=/dev/nvme0n1
2026-06-12T15:30:16.323174702Z time="2026-06-12T15:30:16Z" level=info msg="block device /dev/nvme0n1 ignored by label filter and rules: fs labels: [COS_*, HARV_*]"
2026-06-12T15:30:16.323182244Z time="2026-06-12T15:30:16Z" level=info msg="Scanning device" device=/dev/sda
2026-06-12T15:30:16.323188808Z time="2026-06-12T15:30:16Z" level=info msg="block device /dev/sda ignored by vendor filter and rules: vendors: [longhorn, SPDK bdev Controller]"
2026-06-12T15:30:16.326120811Z time="2026-06-12T15:30:16Z" level=info msg="Waiting new event to trigger..."
2026-06-12T20:47:38.668125162Z time="2026-06-12T20:47:38Z" level=info msg="ConfigMap harvester-system/harvester-node-disk-manager changed, triggering disk rescan"
2026-06-12T20:47:38.668166743Z time="2026-06-12T20:47:38Z" level=info msg="Scanner woke up, do scan..."
2026-06-12T20:47:38.671343046Z time="2026-06-12T20:47:38Z" level=info msg="Successfully loaded filter configuration from ConfigMap for node hp-69-tink-system"
2026-06-12T20:47:38.671385602Z time="2026-06-12T20:47:38Z" level=info msg="  - ExcludeDevices: "
2026-06-12T20:47:38.671396895Z time="2026-06-12T20:47:38Z" level=info msg="  - ExcludeVendors: "
2026-06-12T20:47:38.671407951Z time="2026-06-12T20:47:38Z" level=info msg="  - ExcludePaths: "
2026-06-12T20:47:38.671414181Z time="2026-06-12T20:47:38Z" level=info msg="  - ExcludeLabels: COS_*,HARV_*"
2026-06-12T20:47:38.671420431Z time="2026-06-12T20:47:38Z" level=info msg="register exclude filters"
2026-06-12T20:47:38.671427853Z time="2026-06-12T20:47:38Z" level=info msg="Attempting to load auto-provision configuration from ConfigMap"
2026-06-12T20:47:38.673806214Z time="2026-06-12T20:47:38Z" level=info msg="Successfully loaded auto-provision configuration from ConfigMap for node hp-69-tink-system"
2026-06-12T20:47:38.673831573Z time="2026-06-12T20:47:38Z" level=info msg="  - Devices: "
2026-06-12T20:47:38.673862638Z time="2026-06-12T20:47:38Z" level=info msg="register auto provision filters"
2026-06-12T20:47:38.953824885Z time="2026-06-12T20:47:38Z" level=info msg="Scanning device" device=/dev/nvme0n1
2026-06-12T20:47:38.953856257Z time="2026-06-12T20:47:38Z" level=info msg="block device /dev/nvme0n1 ignored by label filter and rules: fs labels: [COS_*, HARV_*]"
2026-06-12T20:47:38.953861597Z time="2026-06-12T20:47:38Z" level=info msg="Scanning device" device=/dev/sda
2026-06-12T20:47:38.953866536Z time="2026-06-12T20:47:38Z" level=info msg="block device /dev/sda ignored by vendor filter and rules: vendors: [longhorn, SPDK bdev Controller]"
2026-06-12T20:47:38.957079240Z time="2026-06-12T20:47:38Z" level=info msg="Waiting new event to trigger..."
