2026-06-12T10:43:27.506522728Z I0612 10:43:27.506255       1 feature_gate.go:385] feature gates: {map[]}
2026-06-12T10:43:27.506564419Z I0612 10:43:27.506433       1 csi-provisioner.go:168] "Version" version="v"
2026-06-12T10:43:27.506569685Z I0612 10:43:27.506446       1 csi-provisioner.go:191] Building kube configs for running in cluster...
2026-06-12T10:43:27.506835337Z I0612 10:43:27.506780       1 envvar.go:172] "Feature gate default state" feature="ClientsAllowCBOR" enabled=false
2026-06-12T10:43:27.506844149Z I0612 10:43:27.506805       1 envvar.go:172] "Feature gate default state" feature="ClientsPreferCBOR" enabled=false
2026-06-12T10:43:27.506846953Z I0612 10:43:27.506812       1 envvar.go:172] "Feature gate default state" feature="InformerResourceVersion" enabled=false
2026-06-12T10:43:27.506876664Z I0612 10:43:27.506819       1 envvar.go:172] "Feature gate default state" feature="InOrderInformers" enabled=true
2026-06-12T10:43:27.506887316Z I0612 10:43:27.506826       1 envvar.go:172] "Feature gate default state" feature="WatchListClient" enabled=false
2026-06-12T10:43:28.508940934Z I0612 10:43:28.508843       1 common.go:143] "Probing CSI driver for readiness"
2026-06-12T10:43:28.512344930Z I0612 10:43:28.512224       1 csi-provisioner.go:246] Detected CSI driver driver.longhorn.io
2026-06-12T10:43:28.513720002Z I0612 10:43:28.513662       1 csi-provisioner.go:315] CSI driver supports PUBLISH_UNPUBLISH_VOLUME, watching VolumeAttachments
2026-06-12T10:43:28.562723721Z I0612 10:43:28.562482       1 csi-provisioner.go:480] using apps/v1/Deployment csi-provisioner as owner of CSIStorageCapacity objects
2026-06-12T10:43:28.563082411Z I0612 10:43:28.563003       1 nodes.go:205] Started node topology worker
2026-06-12T10:43:28.565116006Z I0612 10:43:28.564914       1 csi-provisioner.go:545] using the CSIStorageCapacity v1 API
2026-06-12T10:43:28.566371850Z I0612 10:43:28.565875       1 csi-provisioner.go:608] ServeMux listening at ":8000"
2026-06-12T10:43:28.567807791Z I0612 10:43:28.567055       1 controller.go:758] "Using saving PVs to API server in background"
2026-06-12T10:43:28.567825773Z I0612 10:43:28.567493       1 leaderelection.go:257] attempting to acquire leader lease longhorn-system/driver-longhorn-io...
2026-06-12T10:43:28.586172148Z I0612 10:43:28.586090       1 leaderelection.go:271] successfully acquired lease longhorn-system/driver-longhorn-io
2026-06-12T10:43:28.586295874Z I0612 10:43:28.586225       1 leader_election.go:194] "became leader, starting"
2026-06-12T10:43:28.589381444Z I0612 10:43:28.589002       1 reflector.go:430] "Caches populated" type="*v1.CSIStorageCapacity" reflector="k8s.io/client-go/informers/factory.go:160"
2026-06-12T10:43:28.589414350Z I0612 10:43:28.589198       1 reflector.go:430] "Caches populated" type="*v1.PersistentVolumeClaim" reflector="k8s.io/client-go/informers/factory.go:160"
2026-06-12T10:43:28.589418909Z I0612 10:43:28.589334       1 reflector.go:430] "Caches populated" type="*v1.Node" reflector="k8s.io/client-go/informers/factory.go:160"
2026-06-12T10:43:28.589614731Z I0612 10:43:28.589499       1 reflector.go:430] "Caches populated" type="*v1.CSINode" reflector="k8s.io/client-go/informers/factory.go:160"
2026-06-12T10:43:28.590323399Z I0612 10:43:28.590250       1 reflector.go:430] "Caches populated" type="*v1.VolumeAttachment" reflector="k8s.io/client-go/informers/factory.go:160"
2026-06-12T10:43:28.590396457Z I0612 10:43:28.590350       1 reflector.go:430] "Caches populated" type="*v1.StorageClass" reflector="k8s.io/client-go/informers/factory.go:160"
2026-06-12T10:43:28.686928360Z I0612 10:43:28.686817       1 volume_store.go:98] "Starting save volume queue"
2026-06-12T10:43:28.686944216Z I0612 10:43:28.686837       1 capacity.go:243] Starting Capacity Controller
2026-06-12T10:43:28.686948089Z I0612 10:43:28.686873       1 clone_controller.go:66] Starting CloningProtection controller
2026-06-12T10:43:28.686975229Z I0612 10:43:28.686902       1 clone_controller.go:82] Started CloningProtection controller
2026-06-12T10:43:28.686978915Z I0612 10:43:28.686909       1 capacity.go:255] Started Capacity Controller
2026-06-12T10:43:28.686982079Z I0612 10:43:28.686837       1 controller.go:838] "Starting provisioner controller" component="driver.longhorn.io_csi-provisioner-9bf959487-4vkc2_e0ea714a-6995-425c-ab68-c8366f01e4b4"
2026-06-12T10:43:28.688779098Z I0612 10:43:28.688719       1 reflector.go:430] "Caches populated" type="*v1.PersistentVolume" reflector="sigs.k8s.io/sig-storage-lib-external-provisioner/v11/controller/controller.go:872"
2026-06-12T10:43:28.688904045Z I0612 10:43:28.688864       1 reflector.go:430] "Caches populated" type="*v1.StorageClass" reflector="sigs.k8s.io/sig-storage-lib-external-provisioner/v11/controller/controller.go:875"
2026-06-12T10:43:28.788735159Z I0612 10:43:28.788571       1 controller.go:887] "Started provisioner controller" component="driver.longhorn.io_csi-provisioner-9bf959487-4vkc2_e0ea714a-6995-425c-ab68-c8366f01e4b4"
2026-06-12T11:02:38.930323593Z I0612 11:02:38.930183       1 event.go:389] "Event occurred" object="cattle-monitoring-system/alertmanager-rancher-monitoring-alertmanager-db-alertmanager-rancher-monitoring-alertmanager-0" fieldPath="" kind="PersistentVolumeClaim" apiVersion="v1" type="Normal" reason="Provisioning" message="External provisioner is provisioning volume for claim \"cattle-monitoring-system/alertmanager-rancher-monitoring-alertmanager-db-alertmanager-rancher-monitoring-alertmanager-0\""
2026-06-12T11:02:39.306408562Z I0612 11:02:39.306156       1 event.go:389] "Event occurred" object="cattle-monitoring-system/prometheus-rancher-monitoring-prometheus-db-prometheus-rancher-monitoring-prometheus-0" fieldPath="" kind="PersistentVolumeClaim" apiVersion="v1" type="Normal" reason="Provisioning" message="External provisioner is provisioning volume for claim \"cattle-monitoring-system/prometheus-rancher-monitoring-prometheus-db-prometheus-rancher-monitoring-prometheus-0\""
2026-06-12T11:02:41.069791307Z I0612 11:02:41.069693       1 controller.go:959] successfully created PV pvc-c963b942-099b-45b7-87b0-aa2b8d8439c4 for PVC alertmanager-rancher-monitoring-alertmanager-db-alertmanager-rancher-monitoring-alertmanager-0 and csi volume name pvc-c963b942-099b-45b7-87b0-aa2b8d8439c4
2026-06-12T11:02:41.083534768Z I0612 11:02:41.083414       1 event.go:389] "Event occurred" object="cattle-monitoring-system/alertmanager-rancher-monitoring-alertmanager-db-alertmanager-rancher-monitoring-alertmanager-0" fieldPath="" kind="PersistentVolumeClaim" apiVersion="v1" type="Normal" reason="ProvisioningSucceeded" message="Successfully provisioned volume pvc-c963b942-099b-45b7-87b0-aa2b8d8439c4"
2026-06-12T11:02:41.084192252Z I0612 11:02:41.083522       1 event.go:389] "Event occurred" object="cattle-monitoring-system/alertmanager-rancher-monitoring-alertmanager-db-alertmanager-rancher-monitoring-alertmanager-0" fieldPath="" kind="PersistentVolumeClaim" apiVersion="v1" type="Normal" reason="Provisioning" message="External provisioner is provisioning volume for claim \"cattle-monitoring-system/alertmanager-rancher-monitoring-alertmanager-db-alertmanager-rancher-monitoring-alertmanager-0\""
2026-06-12T11:02:41.086406247Z I0612 11:02:41.086333       1 controller.go:959] successfully created PV pvc-c963b942-099b-45b7-87b0-aa2b8d8439c4 for PVC alertmanager-rancher-monitoring-alertmanager-db-alertmanager-rancher-monitoring-alertmanager-0 and csi volume name pvc-c963b942-099b-45b7-87b0-aa2b8d8439c4
2026-06-12T11:02:41.102691057Z I0612 11:02:41.102597       1 event.go:389] "Event occurred" object="cattle-monitoring-system/alertmanager-rancher-monitoring-alertmanager-db-alertmanager-rancher-monitoring-alertmanager-0" fieldPath="" kind="PersistentVolumeClaim" apiVersion="v1" type="Normal" reason="ProvisioningSucceeded" message="Successfully provisioned volume pvc-c963b942-099b-45b7-87b0-aa2b8d8439c4"
2026-06-12T11:02:41.466392440Z I0612 11:02:41.466303       1 controller.go:959] successfully created PV pvc-cf929754-10ee-4ab5-b3b4-faf6295b2fb1 for PVC prometheus-rancher-monitoring-prometheus-db-prometheus-rancher-monitoring-prometheus-0 and csi volume name pvc-cf929754-10ee-4ab5-b3b4-faf6295b2fb1
2026-06-12T11:02:41.471549174Z I0612 11:02:41.471467       1 event.go:389] "Event occurred" object="cattle-monitoring-system/prometheus-rancher-monitoring-prometheus-db-prometheus-rancher-monitoring-prometheus-0" fieldPath="" kind="PersistentVolumeClaim" apiVersion="v1" type="Normal" reason="ProvisioningSucceeded" message="Successfully provisioned volume pvc-cf929754-10ee-4ab5-b3b4-faf6295b2fb1"
2026-06-12T11:02:43.790446462Z I0612 11:02:43.790339       1 event.go:389] "Event occurred" object="cattle-monitoring-system/rancher-monitoring-grafana" fieldPath="" kind="PersistentVolumeClaim" apiVersion="v1" type="Normal" reason="Provisioning" message="External provisioner is provisioning volume for claim \"cattle-monitoring-system/rancher-monitoring-grafana\""
2026-06-12T11:02:45.913434082Z I0612 11:02:45.913304       1 controller.go:959] successfully created PV pvc-a7b7d8fa-959a-4368-8c95-df2b4422b59b for PVC rancher-monitoring-grafana and csi volume name pvc-a7b7d8fa-959a-4368-8c95-df2b4422b59b
2026-06-12T11:02:45.925263272Z I0612 11:02:45.925158       1 event.go:389] "Event occurred" object="cattle-monitoring-system/rancher-monitoring-grafana" fieldPath="" kind="PersistentVolumeClaim" apiVersion="v1" type="Normal" reason="ProvisioningSucceeded" message="Successfully provisioned volume pvc-a7b7d8fa-959a-4368-8c95-df2b4422b59b"
2026-06-12T11:21:04.131707624Z I0612 11:21:04.131563       1 event.go:389] "Event occurred" object="default/11h19m18s111063-06-12" fieldPath="" kind="PersistentVolumeClaim" apiVersion="v1" type="Normal" reason="Provisioning" message="External provisioner is provisioning volume for claim \"default/11h19m18s111063-06-12\""
2026-06-12T11:21:06.265003046Z I0612 11:21:06.264861       1 controller.go:959] successfully created PV pvc-49ec3246-d0f6-4baf-9337-41d0edd3e5f2 for PVC 11h19m18s111063-06-12 and csi volume name pvc-49ec3246-d0f6-4baf-9337-41d0edd3e5f2
2026-06-12T11:21:06.270428585Z I0612 11:21:06.269888       1 event.go:389] "Event occurred" object="default/11h19m18s111063-06-12" fieldPath="" kind="PersistentVolumeClaim" apiVersion="v1" type="Normal" reason="ProvisioningSucceeded" message="Successfully provisioned volume pvc-49ec3246-d0f6-4baf-9337-41d0edd3e5f2"
2026-06-12T11:21:06.270442561Z I0612 11:21:06.270355       1 event.go:389] "Event occurred" object="default/11h19m18s111063-06-12" fieldPath="" kind="PersistentVolumeClaim" apiVersion="v1" type="Normal" reason="Provisioning" message="External provisioner is provisioning volume for claim \"default/11h19m18s111063-06-12\""
2026-06-12T11:21:06.272781209Z I0612 11:21:06.272708       1 controller.go:959] successfully created PV pvc-49ec3246-d0f6-4baf-9337-41d0edd3e5f2 for PVC 11h19m18s111063-06-12 and csi volume name pvc-49ec3246-d0f6-4baf-9337-41d0edd3e5f2
2026-06-12T11:21:06.285726824Z I0612 11:21:06.285630       1 event.go:389] "Event occurred" object="default/11h19m18s111063-06-12" fieldPath="" kind="PersistentVolumeClaim" apiVersion="v1" type="Normal" reason="ProvisioningSucceeded" message="Successfully provisioned volume pvc-49ec3246-d0f6-4baf-9337-41d0edd3e5f2"
2026-06-12T11:21:19.429549495Z I0612 11:21:19.429453       1 controller.go:1317] volume pvc-49ec3246-d0f6-4baf-9337-41d0edd3e5f2 does not need any deletion secrets
2026-06-12T11:21:21.471216760Z I0612 11:21:21.471100       1 controller.go:1317] volume pvc-49ec3246-d0f6-4baf-9337-41d0edd3e5f2 does not need any deletion secrets
2026-06-12T11:21:21.474869148Z I0612 11:21:21.474718       1 controller.go:1580] "Failed to delete persistentvolume" PV="pvc-49ec3246-d0f6-4baf-9337-41d0edd3e5f2" err="persistentvolumes \"pvc-49ec3246-d0f6-4baf-9337-41d0edd3e5f2\" not found"
2026-06-12T11:21:21.474901308Z I0612 11:21:21.474764       1 controller.go:1021] "Retrying syncing volume" key="pvc-49ec3246-d0f6-4baf-9337-41d0edd3e5f2" failures=0
2026-06-12T11:21:21.474906921Z E0612 11:21:21.474817       1 controller.go:1039] "Unhandled Error" err="error syncing volume \"pvc-49ec3246-d0f6-4baf-9337-41d0edd3e5f2\": persistentvolumes \"pvc-49ec3246-d0f6-4baf-9337-41d0edd3e5f2\" not found" logger="UnhandledError"
2026-06-12T11:22:13.841309165Z I0612 11:22:13.841213       1 event.go:389] "Event occurred" object="default/volume-11h20m22s331934-06-12" fieldPath="" kind="PersistentVolumeClaim" apiVersion="v1" type="Normal" reason="Provisioning" message="External provisioner is provisioning volume for claim \"default/volume-11h20m22s331934-06-12\""
2026-06-12T11:22:15.965675519Z I0612 11:22:15.965575       1 controller.go:959] successfully created PV pvc-5c525247-ca8a-48b7-b5a8-3189290051a7 for PVC volume-11h20m22s331934-06-12 and csi volume name pvc-5c525247-ca8a-48b7-b5a8-3189290051a7
2026-06-12T11:22:15.979164741Z I0612 11:22:15.979053       1 event.go:389] "Event occurred" object="default/volume-11h20m22s331934-06-12" fieldPath="" kind="PersistentVolumeClaim" apiVersion="v1" type="Normal" reason="ProvisioningSucceeded" message="Successfully provisioned volume pvc-5c525247-ca8a-48b7-b5a8-3189290051a7"
2026-06-12T11:22:42.754579370Z I0612 11:22:42.754344       1 controller.go:1317] volume pvc-5c525247-ca8a-48b7-b5a8-3189290051a7 does not need any deletion secrets
2026-06-12T11:25:38.322843828Z I0612 11:25:38.322724       1 event.go:389] "Event occurred" object="default/volume-opensuse-11h20m22s331934-06-12" fieldPath="" kind="PersistentVolumeClaim" apiVersion="v1" type="Normal" reason="Provisioning" message="External provisioner is provisioning volume for claim \"default/volume-opensuse-11h20m22s331934-06-12\""
2026-06-12T11:25:40.451618957Z I0612 11:25:40.451530       1 controller.go:959] successfully created PV pvc-a4127d40-ba86-4273-8fd1-8f03eafb4b1f for PVC volume-opensuse-11h20m22s331934-06-12 and csi volume name pvc-a4127d40-ba86-4273-8fd1-8f03eafb4b1f
2026-06-12T11:25:40.466082803Z I0612 11:25:40.465895       1 event.go:389] "Event occurred" object="default/volume-opensuse-11h20m22s331934-06-12" fieldPath="" kind="PersistentVolumeClaim" apiVersion="v1" type="Normal" reason="ProvisioningSucceeded" message="Successfully provisioned volume pvc-a4127d40-ba86-4273-8fd1-8f03eafb4b1f"
2026-06-12T11:25:40.466105020Z I0612 11:25:40.465939       1 event.go:389] "Event occurred" object="default/volume-opensuse-11h20m22s331934-06-12" fieldPath="" kind="PersistentVolumeClaim" apiVersion="v1" type="Normal" reason="Provisioning" message="External provisioner is provisioning volume for claim \"default/volume-opensuse-11h20m22s331934-06-12\""
2026-06-12T11:25:40.470168100Z I0612 11:25:40.470067       1 controller.go:959] successfully created PV pvc-a4127d40-ba86-4273-8fd1-8f03eafb4b1f for PVC volume-opensuse-11h20m22s331934-06-12 and csi volume name pvc-a4127d40-ba86-4273-8fd1-8f03eafb4b1f
2026-06-12T11:25:40.493667052Z I0612 11:25:40.493556       1 event.go:389] "Event occurred" object="default/volume-opensuse-11h20m22s331934-06-12" fieldPath="" kind="PersistentVolumeClaim" apiVersion="v1" type="Normal" reason="ProvisioningSucceeded" message="Successfully provisioned volume pvc-a4127d40-ba86-4273-8fd1-8f03eafb4b1f"
2026-06-12T11:25:43.525647877Z I0612 11:25:43.525506       1 controller.go:1317] volume pvc-a4127d40-ba86-4273-8fd1-8f03eafb4b1f does not need any deletion secrets
2026-06-12T11:25:58.854061823Z I0612 11:25:58.853956       1 event.go:389] "Event occurred" object="default/volume-ubuntu-11h20m22s331934-06-12" fieldPath="" kind="PersistentVolumeClaim" apiVersion="v1" type="Normal" reason="Provisioning" message="External provisioner is provisioning volume for claim \"default/volume-ubuntu-11h20m22s331934-06-12\""
2026-06-12T11:26:00.980635846Z I0612 11:26:00.980539       1 controller.go:959] successfully created PV pvc-dc0d9115-16c3-40c7-bf15-4bd0f82ec860 for PVC volume-ubuntu-11h20m22s331934-06-12 and csi volume name pvc-dc0d9115-16c3-40c7-bf15-4bd0f82ec860
2026-06-12T11:26:00.989838621Z I0612 11:26:00.989755       1 event.go:389] "Event occurred" object="default/volume-ubuntu-11h20m22s331934-06-12" fieldPath="" kind="PersistentVolumeClaim" apiVersion="v1" type="Normal" reason="ProvisioningSucceeded" message="Successfully provisioned volume pvc-dc0d9115-16c3-40c7-bf15-4bd0f82ec860"
2026-06-12T11:26:03.776135454Z I0612 11:26:03.776028       1 controller.go:1317] volume pvc-dc0d9115-16c3-40c7-bf15-4bd0f82ec860 does not need any deletion secrets
2026-06-12T11:33:39.540700288Z I0612 11:33:39.540039       1 event.go:389] "Event occurred" object="default/lifecycle-volume-11h20m22s331934-06-12" fieldPath="" kind="PersistentVolumeClaim" apiVersion="v1" type="Normal" reason="Provisioning" message="External provisioner is provisioning volume for claim \"default/lifecycle-volume-11h20m22s331934-06-12\""
2026-06-12T11:33:41.672532251Z I0612 11:33:41.672427       1 controller.go:959] successfully created PV pvc-0a063c22-d325-4077-a528-d406d1a1393e for PVC lifecycle-volume-11h20m22s331934-06-12 and csi volume name pvc-0a063c22-d325-4077-a528-d406d1a1393e
2026-06-12T11:33:41.681688085Z I0612 11:33:41.681587       1 event.go:389] "Event occurred" object="default/lifecycle-volume-11h20m22s331934-06-12" fieldPath="" kind="PersistentVolumeClaim" apiVersion="v1" type="Normal" reason="ProvisioningSucceeded" message="Successfully provisioned volume pvc-0a063c22-d325-4077-a528-d406d1a1393e"
2026-06-12T11:33:41.681709076Z I0612 11:33:41.681614       1 event.go:389] "Event occurred" object="default/lifecycle-volume-11h20m22s331934-06-12" fieldPath="" kind="PersistentVolumeClaim" apiVersion="v1" type="Normal" reason="Provisioning" message="External provisioner is provisioning volume for claim \"default/lifecycle-volume-11h20m22s331934-06-12\""
2026-06-12T11:33:41.685068448Z I0612 11:33:41.685002       1 controller.go:959] successfully created PV pvc-0a063c22-d325-4077-a528-d406d1a1393e for PVC lifecycle-volume-11h20m22s331934-06-12 and csi volume name pvc-0a063c22-d325-4077-a528-d406d1a1393e
2026-06-12T11:33:41.701440619Z I0612 11:33:41.701355       1 event.go:389] "Event occurred" object="default/lifecycle-volume-11h20m22s331934-06-12" fieldPath="" kind="PersistentVolumeClaim" apiVersion="v1" type="Normal" reason="ProvisioningSucceeded" message="Successfully provisioned volume pvc-0a063c22-d325-4077-a528-d406d1a1393e"
2026-06-12T11:37:10.786859789Z I0612 11:37:10.786734       1 controller.go:1317] volume pvc-0a063c22-d325-4077-a528-d406d1a1393e does not need any deletion secrets
2026-06-12T11:37:58.881266342Z I0612 11:37:58.881163       1 event.go:389] "Event occurred" object="default/lifecycle-volume-11h20m22s331934-06-12" fieldPath="" kind="PersistentVolumeClaim" apiVersion="v1" type="Normal" reason="Provisioning" message="External provisioner is provisioning volume for claim \"default/lifecycle-volume-11h20m22s331934-06-12\""
2026-06-12T11:38:01.006883933Z I0612 11:38:01.006806       1 controller.go:959] successfully created PV pvc-43984147-b55f-435f-ab66-55c55014f404 for PVC lifecycle-volume-11h20m22s331934-06-12 and csi volume name pvc-43984147-b55f-435f-ab66-55c55014f404
2026-06-12T11:38:01.012791212Z I0612 11:38:01.012671       1 event.go:389] "Event occurred" object="default/lifecycle-volume-11h20m22s331934-06-12" fieldPath="" kind="PersistentVolumeClaim" apiVersion="v1" type="Normal" reason="ProvisioningSucceeded" message="Successfully provisioned volume pvc-43984147-b55f-435f-ab66-55c55014f404"
2026-06-12T11:38:56.547673423Z I0612 11:38:56.547546       1 controller.go:1317] volume pvc-43984147-b55f-435f-ab66-55c55014f404 does not need any deletion secrets
2026-06-12T11:38:58.602071762Z I0612 11:38:58.601939       1 controller.go:1317] volume pvc-43984147-b55f-435f-ab66-55c55014f404 does not need any deletion secrets
2026-06-12T11:38:58.606664573Z I0612 11:38:58.606569       1 controller.go:1580] "Failed to delete persistentvolume" PV="pvc-43984147-b55f-435f-ab66-55c55014f404" err="persistentvolumes \"pvc-43984147-b55f-435f-ab66-55c55014f404\" not found"
2026-06-12T11:38:58.606682538Z I0612 11:38:58.606602       1 controller.go:1021] "Retrying syncing volume" key="pvc-43984147-b55f-435f-ab66-55c55014f404" failures=0
2026-06-12T11:38:58.606702907Z E0612 11:38:58.606637       1 controller.go:1039] "Unhandled Error" err="error syncing volume \"pvc-43984147-b55f-435f-ab66-55c55014f404\": persistentvolumes \"pvc-43984147-b55f-435f-ab66-55c55014f404\" not found" logger="UnhandledError"
2026-06-12T11:39:58.880598161Z I0612 11:39:58.880440       1 event.go:389] "Event occurred" object="default/11h37m57s246259-06-12" fieldPath="" kind="PersistentVolumeClaim" apiVersion="v1" type="Normal" reason="Provisioning" message="External provisioner is provisioning volume for claim \"default/11h37m57s246259-06-12\""
2026-06-12T11:40:01.003294355Z I0612 11:40:01.003166       1 controller.go:959] successfully created PV pvc-b3653790-8fe6-4977-8166-c84bfc0bf443 for PVC 11h37m57s246259-06-12 and csi volume name pvc-b3653790-8fe6-4977-8166-c84bfc0bf443
2026-06-12T11:40:01.016854933Z I0612 11:40:01.016753       1 event.go:389] "Event occurred" object="default/11h37m57s246259-06-12" fieldPath="" kind="PersistentVolumeClaim" apiVersion="v1" type="Normal" reason="ProvisioningSucceeded" message="Successfully provisioned volume pvc-b3653790-8fe6-4977-8166-c84bfc0bf443"
2026-06-12T11:40:01.546508213Z I0612 11:40:01.546421       1 controller.go:1317] volume pvc-b3653790-8fe6-4977-8166-c84bfc0bf443 does not need any deletion secrets
2026-06-12T11:40:03.588291795Z I0612 11:40:03.588091       1 controller.go:1317] volume pvc-b3653790-8fe6-4977-8166-c84bfc0bf443 does not need any deletion secrets
2026-06-12T11:40:03.592721867Z I0612 11:40:03.592613       1 controller.go:1580] "Failed to delete persistentvolume" PV="pvc-b3653790-8fe6-4977-8166-c84bfc0bf443" err="persistentvolumes \"pvc-b3653790-8fe6-4977-8166-c84bfc0bf443\" not found"
2026-06-12T11:40:03.592740230Z I0612 11:40:03.592652       1 controller.go:1021] "Retrying syncing volume" key="pvc-b3653790-8fe6-4977-8166-c84bfc0bf443" failures=0
2026-06-12T11:40:03.592747002Z E0612 11:40:03.592685       1 controller.go:1039] "Unhandled Error" err="error syncing volume \"pvc-b3653790-8fe6-4977-8166-c84bfc0bf443\": persistentvolumes \"pvc-b3653790-8fe6-4977-8166-c84bfc0bf443\" not found" logger="UnhandledError"
2026-06-12T11:40:13.882149641Z I0612 11:40:13.882013       1 event.go:389] "Event occurred" object="default/11h37m57s246259-06-12" fieldPath="" kind="PersistentVolumeClaim" apiVersion="v1" type="Normal" reason="Provisioning" message="External provisioner is provisioning volume for claim \"default/11h37m57s246259-06-12\""
2026-06-12T11:40:16.008728071Z I0612 11:40:16.008596       1 controller.go:959] successfully created PV pvc-f0d24fd4-47ba-4c23-b57c-36f06b890d5f for PVC 11h37m57s246259-06-12 and csi volume name pvc-f0d24fd4-47ba-4c23-b57c-36f06b890d5f
2026-06-12T11:40:16.026238965Z I0612 11:40:16.026148       1 event.go:389] "Event occurred" object="default/11h37m57s246259-06-12" fieldPath="" kind="PersistentVolumeClaim" apiVersion="v1" type="Normal" reason="ProvisioningSucceeded" message="Successfully provisioned volume pvc-f0d24fd4-47ba-4c23-b57c-36f06b890d5f"
2026-06-12T11:40:16.749306791Z I0612 11:40:16.749122       1 controller.go:1317] volume pvc-f0d24fd4-47ba-4c23-b57c-36f06b890d5f does not need any deletion secrets
2026-06-12T11:40:18.803540879Z I0612 11:40:18.803462       1 controller.go:1317] volume pvc-f0d24fd4-47ba-4c23-b57c-36f06b890d5f does not need any deletion secrets
2026-06-12T11:40:18.807138212Z I0612 11:40:18.807007       1 controller.go:1580] "Failed to delete persistentvolume" PV="pvc-f0d24fd4-47ba-4c23-b57c-36f06b890d5f" err="persistentvolumes \"pvc-f0d24fd4-47ba-4c23-b57c-36f06b890d5f\" not found"
2026-06-12T11:40:18.807172940Z I0612 11:40:18.807039       1 controller.go:1021] "Retrying syncing volume" key="pvc-f0d24fd4-47ba-4c23-b57c-36f06b890d5f" failures=0
2026-06-12T11:40:18.807179679Z E0612 11:40:18.807067       1 controller.go:1039] "Unhandled Error" err="error syncing volume \"pvc-f0d24fd4-47ba-4c23-b57c-36f06b890d5f\": persistentvolumes \"pvc-f0d24fd4-47ba-4c23-b57c-36f06b890d5f\" not found" logger="UnhandledError"
2026-06-12T11:40:19.677113314Z I0612 11:40:19.677026       1 event.go:389] "Event occurred" object="default/11h37m57s246259-06-12" fieldPath="" kind="PersistentVolumeClaim" apiVersion="v1" type="Normal" reason="Provisioning" message="External provisioner is provisioning volume for claim \"default/11h37m57s246259-06-12\""
2026-06-12T11:40:21.801614471Z I0612 11:40:21.801500       1 controller.go:959] successfully created PV pvc-dc38651a-9f81-49d6-bf4d-398452c96e56 for PVC 11h37m57s246259-06-12 and csi volume name pvc-dc38651a-9f81-49d6-bf4d-398452c96e56
2026-06-12T11:40:21.806384846Z I0612 11:40:21.806295       1 event.go:389] "Event occurred" object="default/11h37m57s246259-06-12" fieldPath="" kind="PersistentVolumeClaim" apiVersion="v1" type="Normal" reason="ProvisioningSucceeded" message="Successfully provisioned volume pvc-dc38651a-9f81-49d6-bf4d-398452c96e56"
2026-06-12T11:40:22.923282857Z I0612 11:40:22.923174       1 controller.go:1317] volume pvc-dc38651a-9f81-49d6-bf4d-398452c96e56 does not need any deletion secrets
2026-06-12T11:40:28.888149010Z I0612 11:40:28.888053       1 event.go:389] "Event occurred" object="default/11h37m57s246259-06-12" fieldPath="" kind="PersistentVolumeClaim" apiVersion="v1" type="Normal" reason="Provisioning" message="External provisioner is provisioning volume for claim \"default/11h37m57s246259-06-12\""
2026-06-12T11:40:31.012553281Z I0612 11:40:31.012469       1 controller.go:959] successfully created PV pvc-d004f6be-c23a-4710-b3bf-45795f1c3394 for PVC 11h37m57s246259-06-12 and csi volume name pvc-d004f6be-c23a-4710-b3bf-45795f1c3394
2026-06-12T11:40:31.025579789Z I0612 11:40:31.025461       1 event.go:389] "Event occurred" object="default/11h37m57s246259-06-12" fieldPath="" kind="PersistentVolumeClaim" apiVersion="v1" type="Normal" reason="ProvisioningSucceeded" message="Successfully provisioned volume pvc-d004f6be-c23a-4710-b3bf-45795f1c3394"
2026-06-12T11:40:32.068263388Z I0612 11:40:32.068163       1 controller.go:1317] volume pvc-d004f6be-c23a-4710-b3bf-45795f1c3394 does not need any deletion secrets
2026-06-12T11:40:47.123133296Z I0612 11:40:47.123020       1 event.go:389] "Event occurred" object="default/11h37m57s246259-06-12" fieldPath="" kind="PersistentVolumeClaim" apiVersion="v1" type="Normal" reason="Provisioning" message="External provisioner is provisioning volume for claim \"default/11h37m57s246259-06-12\""
2026-06-12T11:40:49.146722644Z I0612 11:40:49.146632       1 controller.go:959] successfully created PV pvc-9aff9910-7e2f-4bb2-8582-812a0218bfc6 for PVC 11h37m57s246259-06-12 and csi volume name pvc-9aff9910-7e2f-4bb2-8582-812a0218bfc6
2026-06-12T11:40:49.164820328Z I0612 11:40:49.164630       1 event.go:389] "Event occurred" object="default/11h37m57s246259-06-12" fieldPath="" kind="PersistentVolumeClaim" apiVersion="v1" type="Normal" reason="ProvisioningSucceeded" message="Successfully provisioned volume pvc-9aff9910-7e2f-4bb2-8582-812a0218bfc6"
2026-06-12T11:40:49.164859740Z I0612 11:40:49.164792       1 event.go:389] "Event occurred" object="default/11h37m57s246259-06-12" fieldPath="" kind="PersistentVolumeClaim" apiVersion="v1" type="Normal" reason="Provisioning" message="External provisioner is provisioning volume for claim \"default/11h37m57s246259-06-12\""
2026-06-12T11:40:49.167844276Z I0612 11:40:49.167762       1 controller.go:959] successfully created PV pvc-9aff9910-7e2f-4bb2-8582-812a0218bfc6 for PVC 11h37m57s246259-06-12 and csi volume name pvc-9aff9910-7e2f-4bb2-8582-812a0218bfc6
2026-06-12T11:40:49.193552764Z I0612 11:40:49.193477       1 event.go:389] "Event occurred" object="default/11h37m57s246259-06-12" fieldPath="" kind="PersistentVolumeClaim" apiVersion="v1" type="Normal" reason="ProvisioningSucceeded" message="Successfully provisioned volume pvc-9aff9910-7e2f-4bb2-8582-812a0218bfc6"
2026-06-12T11:49:03.114233460Z I0612 11:49:03.114068       1 controller.go:1317] volume pvc-9aff9910-7e2f-4bb2-8582-812a0218bfc6 does not need any deletion secrets
2026-06-12T11:49:05.160578170Z I0612 11:49:05.160414       1 controller.go:1317] volume pvc-9aff9910-7e2f-4bb2-8582-812a0218bfc6 does not need any deletion secrets
2026-06-12T11:49:05.164234829Z I0612 11:49:05.164090       1 controller.go:1580] "Failed to delete persistentvolume" PV="pvc-9aff9910-7e2f-4bb2-8582-812a0218bfc6" err="persistentvolumes \"pvc-9aff9910-7e2f-4bb2-8582-812a0218bfc6\" not found"
2026-06-12T11:49:05.164252046Z I0612 11:49:05.164123       1 controller.go:1021] "Retrying syncing volume" key="pvc-9aff9910-7e2f-4bb2-8582-812a0218bfc6" failures=0
2026-06-12T11:49:05.164259684Z E0612 11:49:05.164161       1 controller.go:1039] "Unhandled Error" err="error syncing volume \"pvc-9aff9910-7e2f-4bb2-8582-812a0218bfc6\": persistentvolumes \"pvc-9aff9910-7e2f-4bb2-8582-812a0218bfc6\" not found" logger="UnhandledError"
2026-06-12T11:49:06.164491652Z I0612 11:49:06.164413       1 event.go:389] "Event occurred" object="default/11h37m57s246259-06-12" fieldPath="" kind="PersistentVolumeClaim" apiVersion="v1" type="Normal" reason="Provisioning" message="External provisioner is provisioning volume for claim \"default/11h37m57s246259-06-12\""
2026-06-12T11:49:08.287882717Z I0612 11:49:08.287763       1 controller.go:959] successfully created PV pvc-e3d83239-2796-4597-aac7-ec6c07d73813 for PVC 11h37m57s246259-06-12 and csi volume name pvc-e3d83239-2796-4597-aac7-ec6c07d73813
2026-06-12T11:49:08.305999540Z I0612 11:49:08.305890       1 event.go:389] "Event occurred" object="default/11h37m57s246259-06-12" fieldPath="" kind="PersistentVolumeClaim" apiVersion="v1" type="Normal" reason="ProvisioningSucceeded" message="Successfully provisioned volume pvc-e3d83239-2796-4597-aac7-ec6c07d73813"
2026-06-12T11:49:09.364525588Z I0612 11:49:09.364389       1 controller.go:1317] volume pvc-e3d83239-2796-4597-aac7-ec6c07d73813 does not need any deletion secrets
2026-06-12T11:49:11.406579918Z I0612 11:49:11.406411       1 controller.go:1317] volume pvc-e3d83239-2796-4597-aac7-ec6c07d73813 does not need any deletion secrets
2026-06-12T11:49:11.409699648Z I0612 11:49:11.409574       1 controller.go:1580] "Failed to delete persistentvolume" PV="pvc-e3d83239-2796-4597-aac7-ec6c07d73813" err="persistentvolumes \"pvc-e3d83239-2796-4597-aac7-ec6c07d73813\" not found"
2026-06-12T11:49:11.409715724Z I0612 11:49:11.409603       1 controller.go:1021] "Retrying syncing volume" key="pvc-e3d83239-2796-4597-aac7-ec6c07d73813" failures=0
2026-06-12T11:49:11.409722372Z E0612 11:49:11.409634       1 controller.go:1039] "Unhandled Error" err="error syncing volume \"pvc-e3d83239-2796-4597-aac7-ec6c07d73813\": persistentvolumes \"pvc-e3d83239-2796-4597-aac7-ec6c07d73813\" not found" logger="UnhandledError"
2026-06-12T11:49:12.309038336Z I0612 11:49:12.308964       1 event.go:389] "Event occurred" object="default/11h37m57s246259-06-12" fieldPath="" kind="PersistentVolumeClaim" apiVersion="v1" type="Normal" reason="Provisioning" message="External provisioner is provisioning volume for claim \"default/11h37m57s246259-06-12\""
2026-06-12T11:49:14.434310044Z I0612 11:49:14.434235       1 controller.go:959] successfully created PV pvc-c03297d4-9c88-4849-8245-7a2fd43b1588 for PVC 11h37m57s246259-06-12 and csi volume name pvc-c03297d4-9c88-4849-8245-7a2fd43b1588
2026-06-12T11:49:14.444315818Z I0612 11:49:14.444193       1 event.go:389] "Event occurred" object="default/11h37m57s246259-06-12" fieldPath="" kind="PersistentVolumeClaim" apiVersion="v1" type="Normal" reason="ProvisioningSucceeded" message="Successfully provisioned volume pvc-c03297d4-9c88-4849-8245-7a2fd43b1588"
2026-06-12T11:49:15.511462408Z I0612 11:49:15.511313       1 controller.go:1317] volume pvc-c03297d4-9c88-4849-8245-7a2fd43b1588 does not need any deletion secrets
2026-06-12T11:49:17.554764622Z I0612 11:49:17.554636       1 controller.go:1317] volume pvc-c03297d4-9c88-4849-8245-7a2fd43b1588 does not need any deletion secrets
2026-06-12T11:49:17.558278328Z I0612 11:49:17.558189       1 controller.go:1580] "Failed to delete persistentvolume" PV="pvc-c03297d4-9c88-4849-8245-7a2fd43b1588" err="persistentvolumes \"pvc-c03297d4-9c88-4849-8245-7a2fd43b1588\" not found"
2026-06-12T11:49:17.558300718Z I0612 11:49:17.558221       1 controller.go:1021] "Retrying syncing volume" key="pvc-c03297d4-9c88-4849-8245-7a2fd43b1588" failures=0
2026-06-12T11:49:17.558319745Z E0612 11:49:17.558257       1 controller.go:1039] "Unhandled Error" err="error syncing volume \"pvc-c03297d4-9c88-4849-8245-7a2fd43b1588\": persistentvolumes \"pvc-c03297d4-9c88-4849-8245-7a2fd43b1588\" not found" logger="UnhandledError"
2026-06-12T11:49:18.451685792Z I0612 11:49:18.451572       1 event.go:389] "Event occurred" object="default/11h37m57s246259-06-12" fieldPath="" kind="PersistentVolumeClaim" apiVersion="v1" type="Normal" reason="Provisioning" message="External provisioner is provisioning volume for claim \"default/11h37m57s246259-06-12\""
2026-06-12T11:49:20.576938226Z I0612 11:49:20.576786       1 controller.go:959] successfully created PV pvc-a49e3fae-441b-4bf0-93b0-a42233d66f74 for PVC 11h37m57s246259-06-12 and csi volume name pvc-a49e3fae-441b-4bf0-93b0-a42233d66f74
2026-06-12T11:49:20.590670160Z I0612 11:49:20.590546       1 event.go:389] "Event occurred" object="default/11h37m57s246259-06-12" fieldPath="" kind="PersistentVolumeClaim" apiVersion="v1" type="Normal" reason="ProvisioningSucceeded" message="Successfully provisioned volume pvc-a49e3fae-441b-4bf0-93b0-a42233d66f74"
2026-06-12T11:49:21.636342489Z I0612 11:49:21.636245       1 controller.go:1317] volume pvc-a49e3fae-441b-4bf0-93b0-a42233d66f74 does not need any deletion secrets
2026-06-12T11:49:24.572486587Z I0612 11:49:24.572372       1 event.go:389] "Event occurred" object="default/11h37m57s246259-06-12" fieldPath="" kind="PersistentVolumeClaim" apiVersion="v1" type="Normal" reason="Provisioning" message="External provisioner is provisioning volume for claim \"default/11h37m57s246259-06-12\""
2026-06-12T11:49:26.693393294Z I0612 11:49:26.693317       1 controller.go:959] successfully created PV pvc-825f96fc-8cb9-48c3-82cf-b5c6de484978 for PVC 11h37m57s246259-06-12 and csi volume name pvc-825f96fc-8cb9-48c3-82cf-b5c6de484978
2026-06-12T11:49:26.707112150Z I0612 11:49:26.706999       1 event.go:389] "Event occurred" object="default/11h37m57s246259-06-12" fieldPath="" kind="PersistentVolumeClaim" apiVersion="v1" type="Normal" reason="ProvisioningSucceeded" message="Successfully provisioned volume pvc-825f96fc-8cb9-48c3-82cf-b5c6de484978"
2026-06-12T11:49:30.808025606Z I0612 11:49:30.807853       1 controller.go:1317] volume pvc-825f96fc-8cb9-48c3-82cf-b5c6de484978 does not need any deletion secrets
2026-06-12T11:49:32.848883612Z I0612 11:49:32.848787       1 controller.go:1317] volume pvc-825f96fc-8cb9-48c3-82cf-b5c6de484978 does not need any deletion secrets
2026-06-12T11:49:32.853608948Z I0612 11:49:32.853486       1 controller.go:1580] "Failed to delete persistentvolume" PV="pvc-825f96fc-8cb9-48c3-82cf-b5c6de484978" err="persistentvolumes \"pvc-825f96fc-8cb9-48c3-82cf-b5c6de484978\" not found"
2026-06-12T11:49:32.853625454Z I0612 11:49:32.853516       1 controller.go:1021] "Retrying syncing volume" key="pvc-825f96fc-8cb9-48c3-82cf-b5c6de484978" failures=0
2026-06-12T11:49:32.853660147Z E0612 11:49:32.853548       1 controller.go:1039] "Unhandled Error" err="error syncing volume \"pvc-825f96fc-8cb9-48c3-82cf-b5c6de484978\": persistentvolumes \"pvc-825f96fc-8cb9-48c3-82cf-b5c6de484978\" not found" logger="UnhandledError"
2026-06-12T11:49:33.898866560Z I0612 11:49:33.898562       1 event.go:389] "Event occurred" object="default/concurrent-vol-2-1781264867" fieldPath="" kind="PersistentVolumeClaim" apiVersion="v1" type="Normal" reason="Provisioning" message="External provisioner is provisioning volume for claim \"default/concurrent-vol-2-1781264867\""
2026-06-12T11:49:33.898928638Z I0612 11:49:33.898820       1 event.go:389] "Event occurred" object="default/concurrent-vol-1-1781264867" fieldPath="" kind="PersistentVolumeClaim" apiVersion="v1" type="Normal" reason="Provisioning" message="External provisioner is provisioning volume for claim \"default/concurrent-vol-1-1781264867\""
2026-06-12T11:49:35.933283519Z I0612 11:49:35.933138       1 controller.go:959] successfully created PV pvc-f898714c-a39a-4639-8917-7ec49a4ee497 for PVC concurrent-vol-2-1781264867 and csi volume name pvc-f898714c-a39a-4639-8917-7ec49a4ee497
2026-06-12T11:49:35.947032660Z I0612 11:49:35.946926       1 event.go:389] "Event occurred" object="default/concurrent-vol-2-1781264867" fieldPath="" kind="PersistentVolumeClaim" apiVersion="v1" type="Normal" reason="ProvisioningSucceeded" message="Successfully provisioned volume pvc-f898714c-a39a-4639-8917-7ec49a4ee497"
2026-06-12T11:49:36.030366488Z I0612 11:49:36.030289       1 controller.go:959] successfully created PV pvc-0d885751-34f9-4583-8679-a72c8cd9892a for PVC concurrent-vol-1-1781264867 and csi volume name pvc-0d885751-34f9-4583-8679-a72c8cd9892a
2026-06-12T11:49:36.043390272Z I0612 11:49:36.043308       1 event.go:389] "Event occurred" object="default/concurrent-vol-1-1781264867" fieldPath="" kind="PersistentVolumeClaim" apiVersion="v1" type="Normal" reason="ProvisioningSucceeded" message="Successfully provisioned volume pvc-0d885751-34f9-4583-8679-a72c8cd9892a"
2026-06-12T11:49:43.912567834Z I0612 11:49:43.912493       1 event.go:389] "Event occurred" object="default/concurrent-vol-0-1781264867" fieldPath="" kind="PersistentVolumeClaim" apiVersion="v1" type="Normal" reason="Provisioning" message="External provisioner is provisioning volume for claim \"default/concurrent-vol-0-1781264867\""
2026-06-12T11:49:43.912581248Z I0612 11:49:43.912517       1 event.go:389] "Event occurred" object="default/11h47m47s831161-06-12" fieldPath="" kind="PersistentVolumeClaim" apiVersion="v1" type="Normal" reason="Provisioning" message="External provisioner is provisioning volume for claim \"default/11h47m47s831161-06-12\""
2026-06-12T11:49:45.939519153Z I0612 11:49:45.939406       1 controller.go:959] successfully created PV pvc-ed3caed2-d33f-484d-bb82-81b437f6d6f1 for PVC concurrent-vol-0-1781264867 and csi volume name pvc-ed3caed2-d33f-484d-bb82-81b437f6d6f1
2026-06-12T11:49:45.947580837Z I0612 11:49:45.947494       1 event.go:389] "Event occurred" object="default/concurrent-vol-0-1781264867" fieldPath="" kind="PersistentVolumeClaim" apiVersion="v1" type="Normal" reason="ProvisioningSucceeded" message="Successfully provisioned volume pvc-ed3caed2-d33f-484d-bb82-81b437f6d6f1"
2026-06-12T11:49:46.046130336Z I0612 11:49:46.046015       1 controller.go:959] successfully created PV pvc-4210668c-8fe0-4e67-9d17-3d1b90a20feb for PVC 11h47m47s831161-06-12 and csi volume name pvc-4210668c-8fe0-4e67-9d17-3d1b90a20feb
2026-06-12T11:49:46.055468702Z I0612 11:49:46.055342       1 event.go:389] "Event occurred" object="default/11h47m47s831161-06-12" fieldPath="" kind="PersistentVolumeClaim" apiVersion="v1" type="Normal" reason="ProvisioningSucceeded" message="Successfully provisioned volume pvc-4210668c-8fe0-4e67-9d17-3d1b90a20feb"
2026-06-12T11:49:49.182817555Z I0612 11:49:49.182716       1 controller.go:1317] volume pvc-f898714c-a39a-4639-8917-7ec49a4ee497 does not need any deletion secrets
2026-06-12T11:49:49.201731101Z I0612 11:49:49.201619       1 controller.go:1317] volume pvc-ed3caed2-d33f-484d-bb82-81b437f6d6f1 does not need any deletion secrets
2026-06-12T11:49:49.279064082Z I0612 11:49:49.278920       1 controller.go:1317] volume pvc-0d885751-34f9-4583-8679-a72c8cd9892a does not need any deletion secrets
2026-06-12T11:49:51.322310412Z I0612 11:49:51.322108       1 controller.go:1317] volume pvc-0d885751-34f9-4583-8679-a72c8cd9892a does not need any deletion secrets
2026-06-12T11:49:51.325451480Z I0612 11:49:51.325344       1 controller.go:1580] "Failed to delete persistentvolume" PV="pvc-0d885751-34f9-4583-8679-a72c8cd9892a" err="persistentvolumes \"pvc-0d885751-34f9-4583-8679-a72c8cd9892a\" not found"
2026-06-12T11:49:51.325466204Z I0612 11:49:51.325371       1 controller.go:1021] "Retrying syncing volume" key="pvc-0d885751-34f9-4583-8679-a72c8cd9892a" failures=0
2026-06-12T11:49:51.325470480Z E0612 11:49:51.325400       1 controller.go:1039] "Unhandled Error" err="error syncing volume \"pvc-0d885751-34f9-4583-8679-a72c8cd9892a\": persistentvolumes \"pvc-0d885751-34f9-4583-8679-a72c8cd9892a\" not found" logger="UnhandledError"
2026-06-12T11:49:52.167444509Z I0612 11:49:52.167338       1 event.go:389] "Event occurred" object="default/concurrent-vol-4-1781264886" fieldPath="" kind="PersistentVolumeClaim" apiVersion="v1" type="Normal" reason="Provisioning" message="External provisioner is provisioning volume for claim \"default/concurrent-vol-4-1781264886\""
2026-06-12T11:49:52.173522540Z I0612 11:49:52.173410       1 event.go:389] "Event occurred" object="default/concurrent-vol-3-1781264886" fieldPath="" kind="PersistentVolumeClaim" apiVersion="v1" type="Normal" reason="Provisioning" message="External provisioner is provisioning volume for claim \"default/concurrent-vol-3-1781264886\""
2026-06-12T11:49:54.192796014Z I0612 11:49:54.192632       1 controller.go:959] successfully created PV pvc-94bb0aae-b18f-40b1-8726-8d69175e1010 for PVC concurrent-vol-4-1781264886 and csi volume name pvc-94bb0aae-b18f-40b1-8726-8d69175e1010
2026-06-12T11:49:54.210762065Z I0612 11:49:54.210650       1 event.go:389] "Event occurred" object="default/concurrent-vol-4-1781264886" fieldPath="" kind="PersistentVolumeClaim" apiVersion="v1" type="Normal" reason="ProvisioningSucceeded" message="Successfully provisioned volume pvc-94bb0aae-b18f-40b1-8726-8d69175e1010"
2026-06-12T11:49:54.210833074Z I0612 11:49:54.210762       1 event.go:389] "Event occurred" object="default/concurrent-vol-4-1781264886" fieldPath="" kind="PersistentVolumeClaim" apiVersion="v1" type="Normal" reason="Provisioning" message="External provisioner is provisioning volume for claim \"default/concurrent-vol-4-1781264886\""
2026-06-12T11:49:54.214915162Z I0612 11:49:54.214833       1 controller.go:959] successfully created PV pvc-94bb0aae-b18f-40b1-8726-8d69175e1010 for PVC concurrent-vol-4-1781264886 and csi volume name pvc-94bb0aae-b18f-40b1-8726-8d69175e1010
2026-06-12T11:49:54.227475899Z I0612 11:49:54.227402       1 event.go:389] "Event occurred" object="default/concurrent-vol-4-1781264886" fieldPath="" kind="PersistentVolumeClaim" apiVersion="v1" type="Normal" reason="ProvisioningSucceeded" message="Successfully provisioned volume pvc-94bb0aae-b18f-40b1-8726-8d69175e1010"
2026-06-12T11:49:54.302529320Z I0612 11:49:54.302451       1 controller.go:959] successfully created PV pvc-68f2b5a3-523f-4c5d-9228-578e2b532c84 for PVC concurrent-vol-3-1781264886 and csi volume name pvc-68f2b5a3-523f-4c5d-9228-578e2b532c84
2026-06-12T11:49:54.307303062Z I0612 11:49:54.307226       1 event.go:389] "Event occurred" object="default/concurrent-vol-3-1781264886" fieldPath="" kind="PersistentVolumeClaim" apiVersion="v1" type="Normal" reason="ProvisioningSucceeded" message="Successfully provisioned volume pvc-68f2b5a3-523f-4c5d-9228-578e2b532c84"
2026-06-12T11:49:58.908161765Z I0612 11:49:58.908042       1 event.go:389] "Event occurred" object="default/concurrent-vol-2-1781264886" fieldPath="" kind="PersistentVolumeClaim" apiVersion="v1" type="Normal" reason="Provisioning" message="External provisioner is provisioning volume for claim \"default/concurrent-vol-2-1781264886\""
2026-06-12T11:49:58.909815209Z I0612 11:49:58.909693       1 event.go:389] "Event occurred" object="default/concurrent-vol-0-1781264886" fieldPath="" kind="PersistentVolumeClaim" apiVersion="v1" type="Normal" reason="Provisioning" message="External provisioner is provisioning volume for claim \"default/concurrent-vol-0-1781264886\""
2026-06-12T11:49:58.909906931Z I0612 11:49:58.909820       1 event.go:389] "Event occurred" object="default/concurrent-vol-1-1781264886" fieldPath="" kind="PersistentVolumeClaim" apiVersion="v1" type="Normal" reason="Provisioning" message="External provisioner is provisioning volume for claim \"default/concurrent-vol-1-1781264886\""
2026-06-12T11:50:01.035521510Z I0612 11:50:01.035447       1 controller.go:959] successfully created PV pvc-b2e4eca5-65c3-45a5-9464-836575bf30ec for PVC concurrent-vol-2-1781264886 and csi volume name pvc-b2e4eca5-65c3-45a5-9464-836575bf30ec
2026-06-12T11:50:01.038847807Z I0612 11:50:01.038805       1 controller.go:959] successfully created PV pvc-03ba2e6f-1c68-4a5e-8676-ae7777cc89aa for PVC concurrent-vol-1-1781264886 and csi volume name pvc-03ba2e6f-1c68-4a5e-8676-ae7777cc89aa
2026-06-12T11:50:01.039017141Z I0612 11:50:01.038932       1 controller.go:959] successfully created PV pvc-d12b1537-7e2c-4a46-9807-be6306098dfe for PVC concurrent-vol-0-1781264886 and csi volume name pvc-d12b1537-7e2c-4a46-9807-be6306098dfe
2026-06-12T11:50:01.045922228Z I0612 11:50:01.045832       1 event.go:389] "Event occurred" object="default/concurrent-vol-2-1781264886" fieldPath="" kind="PersistentVolumeClaim" apiVersion="v1" type="Normal" reason="ProvisioningSucceeded" message="Successfully provisioned volume pvc-b2e4eca5-65c3-45a5-9464-836575bf30ec"
2026-06-12T11:50:01.052001642Z I0612 11:50:01.051892       1 event.go:389] "Event occurred" object="default/concurrent-vol-0-1781264886" fieldPath="" kind="PersistentVolumeClaim" apiVersion="v1" type="Normal" reason="ProvisioningSucceeded" message="Successfully provisioned volume pvc-d12b1537-7e2c-4a46-9807-be6306098dfe"
2026-06-12T11:50:01.052020246Z I0612 11:50:01.051920       1 event.go:389] "Event occurred" object="default/concurrent-vol-1-1781264886" fieldPath="" kind="PersistentVolumeClaim" apiVersion="v1" type="Normal" reason="ProvisioningSucceeded" message="Successfully provisioned volume pvc-03ba2e6f-1c68-4a5e-8676-ae7777cc89aa"
2026-06-12T11:50:01.417474870Z I0612 11:50:01.417384       1 controller.go:1317] volume pvc-94bb0aae-b18f-40b1-8726-8d69175e1010 does not need any deletion secrets
2026-06-12T11:50:01.435713186Z I0612 11:50:01.435612       1 controller.go:1317] volume pvc-03ba2e6f-1c68-4a5e-8676-ae7777cc89aa does not need any deletion secrets
2026-06-12T11:50:01.463854032Z I0612 11:50:01.463742       1 controller.go:1317] volume pvc-b2e4eca5-65c3-45a5-9464-836575bf30ec does not need any deletion secrets
2026-06-12T11:50:01.519225480Z I0612 11:50:01.519134       1 controller.go:1317] volume pvc-68f2b5a3-523f-4c5d-9228-578e2b532c84 does not need any deletion secrets
2026-06-12T11:50:01.538062809Z I0612 11:50:01.537976       1 controller.go:1317] volume pvc-d12b1537-7e2c-4a46-9807-be6306098dfe does not need any deletion secrets
2026-06-12T11:50:03.474740266Z I0612 11:50:03.474613       1 controller.go:1317] volume pvc-94bb0aae-b18f-40b1-8726-8d69175e1010 does not need any deletion secrets
2026-06-12T11:50:03.477613408Z I0612 11:50:03.477536       1 controller.go:1580] "Failed to delete persistentvolume" PV="pvc-94bb0aae-b18f-40b1-8726-8d69175e1010" err="persistentvolumes \"pvc-94bb0aae-b18f-40b1-8726-8d69175e1010\" not found"
2026-06-12T11:50:03.477628690Z I0612 11:50:03.477567       1 controller.go:1021] "Retrying syncing volume" key="pvc-94bb0aae-b18f-40b1-8726-8d69175e1010" failures=0
2026-06-12T11:50:03.477679837Z E0612 11:50:03.477598       1 controller.go:1039] "Unhandled Error" err="error syncing volume \"pvc-94bb0aae-b18f-40b1-8726-8d69175e1010\": persistentvolumes \"pvc-94bb0aae-b18f-40b1-8726-8d69175e1010\" not found" logger="UnhandledError"
2026-06-12T11:50:03.482681609Z I0612 11:50:03.482481       1 controller.go:1317] volume pvc-03ba2e6f-1c68-4a5e-8676-ae7777cc89aa does not need any deletion secrets
2026-06-12T11:50:03.485346034Z I0612 11:50:03.485221       1 controller.go:1580] "Failed to delete persistentvolume" PV="pvc-03ba2e6f-1c68-4a5e-8676-ae7777cc89aa" err="persistentvolumes \"pvc-03ba2e6f-1c68-4a5e-8676-ae7777cc89aa\" not found"
2026-06-12T11:50:03.485360032Z I0612 11:50:03.485244       1 controller.go:1021] "Retrying syncing volume" key="pvc-03ba2e6f-1c68-4a5e-8676-ae7777cc89aa" failures=0
2026-06-12T11:50:03.485365501Z E0612 11:50:03.485269       1 controller.go:1039] "Unhandled Error" err="error syncing volume \"pvc-03ba2e6f-1c68-4a5e-8676-ae7777cc89aa\": persistentvolumes \"pvc-03ba2e6f-1c68-4a5e-8676-ae7777cc89aa\" not found" logger="UnhandledError"
2026-06-12T11:50:03.505544493Z I0612 11:50:03.505416       1 controller.go:1317] volume pvc-b2e4eca5-65c3-45a5-9464-836575bf30ec does not need any deletion secrets
2026-06-12T11:50:03.508589276Z I0612 11:50:03.508490       1 controller.go:1580] "Failed to delete persistentvolume" PV="pvc-b2e4eca5-65c3-45a5-9464-836575bf30ec" err="persistentvolumes \"pvc-b2e4eca5-65c3-45a5-9464-836575bf30ec\" not found"
2026-06-12T11:50:03.508603237Z I0612 11:50:03.508512       1 controller.go:1021] "Retrying syncing volume" key="pvc-b2e4eca5-65c3-45a5-9464-836575bf30ec" failures=0
2026-06-12T11:50:03.508607072Z E0612 11:50:03.508537       1 controller.go:1039] "Unhandled Error" err="error syncing volume \"pvc-b2e4eca5-65c3-45a5-9464-836575bf30ec\": persistentvolumes \"pvc-b2e4eca5-65c3-45a5-9464-836575bf30ec\" not found" logger="UnhandledError"
2026-06-12T11:50:03.595754235Z I0612 11:50:03.595576       1 controller.go:1317] volume pvc-d12b1537-7e2c-4a46-9807-be6306098dfe does not need any deletion secrets
2026-06-12T11:50:03.598687182Z I0612 11:50:03.598610       1 controller.go:1580] "Failed to delete persistentvolume" PV="pvc-d12b1537-7e2c-4a46-9807-be6306098dfe" err="persistentvolumes \"pvc-d12b1537-7e2c-4a46-9807-be6306098dfe\" not found"
2026-06-12T11:50:03.598701505Z I0612 11:50:03.598635       1 controller.go:1021] "Retrying syncing volume" key="pvc-d12b1537-7e2c-4a46-9807-be6306098dfe" failures=0
2026-06-12T11:50:03.598711229Z E0612 11:50:03.598678       1 controller.go:1039] "Unhandled Error" err="error syncing volume \"pvc-d12b1537-7e2c-4a46-9807-be6306098dfe\": persistentvolumes \"pvc-d12b1537-7e2c-4a46-9807-be6306098dfe\" not found" logger="UnhandledError"
2026-06-12T11:50:04.371744134Z I0612 11:50:04.371622       1 event.go:389] "Event occurred" object="default/11h37m57s246259-06-12" fieldPath="" kind="PersistentVolumeClaim" apiVersion="v1" type="Normal" reason="Provisioning" message="External provisioner is provisioning volume for claim \"default/11h37m57s246259-06-12\""
2026-06-12T11:50:06.495591923Z I0612 11:50:06.495502       1 controller.go:959] successfully created PV pvc-d461a26a-70da-413d-a58e-1ca35230761a for PVC 11h37m57s246259-06-12 and csi volume name pvc-d461a26a-70da-413d-a58e-1ca35230761a
2026-06-12T11:50:06.504229870Z I0612 11:50:06.504146       1 event.go:389] "Event occurred" object="default/11h37m57s246259-06-12" fieldPath="" kind="PersistentVolumeClaim" apiVersion="v1" type="Normal" reason="ProvisioningSucceeded" message="Successfully provisioned volume pvc-d461a26a-70da-413d-a58e-1ca35230761a"
2026-06-12T11:50:07.660081875Z I0612 11:50:07.659943       1 controller.go:1317] volume pvc-d461a26a-70da-413d-a58e-1ca35230761a does not need any deletion secrets
2026-06-12T11:50:13.908703185Z I0612 11:50:13.908569       1 event.go:389] "Event occurred" object="default/11h37m57s246259-06-12" fieldPath="" kind="PersistentVolumeClaim" apiVersion="v1" type="Normal" reason="Provisioning" message="External provisioner is provisioning volume for claim \"default/11h37m57s246259-06-12\""
2026-06-12T11:50:16.033582830Z I0612 11:50:16.033444       1 controller.go:959] successfully created PV pvc-e3ec74d6-ffc2-443c-a22f-f3dcb7fdd010 for PVC 11h37m57s246259-06-12 and csi volume name pvc-e3ec74d6-ffc2-443c-a22f-f3dcb7fdd010
2026-06-12T11:50:16.051354280Z I0612 11:50:16.051248       1 event.go:389] "Event occurred" object="default/11h37m57s246259-06-12" fieldPath="" kind="PersistentVolumeClaim" apiVersion="v1" type="Normal" reason="ProvisioningSucceeded" message="Successfully provisioned volume pvc-e3ec74d6-ffc2-443c-a22f-f3dcb7fdd010"
2026-06-12T11:50:16.824598043Z I0612 11:50:16.824476       1 controller.go:1317] volume pvc-e3ec74d6-ffc2-443c-a22f-f3dcb7fdd010 does not need any deletion secrets
2026-06-12T11:50:19.803241922Z I0612 11:50:19.803141       1 event.go:389] "Event occurred" object="default/vm-11h37m57s246259-06-12-vm-11h37m57s246259-06-12" fieldPath="" kind="PersistentVolumeClaim" apiVersion="v1" type="Normal" reason="Provisioning" message="External provisioner is provisioning volume for claim \"default/vm-11h37m57s246259-06-12-vm-11h37m57s246259-06-12\""
2026-06-12T11:50:21.936403488Z I0612 11:50:21.936315       1 controller.go:959] successfully created PV pvc-61849057-bdcf-47a6-bc06-e341dfd41345 for PVC vm-11h37m57s246259-06-12-vm-11h37m57s246259-06-12 and csi volume name pvc-61849057-bdcf-47a6-bc06-e341dfd41345
2026-06-12T11:50:21.944944278Z I0612 11:50:21.944841       1 event.go:389] "Event occurred" object="default/vm-11h37m57s246259-06-12-vm-11h37m57s246259-06-12" fieldPath="" kind="PersistentVolumeClaim" apiVersion="v1" type="Normal" reason="ProvisioningSucceeded" message="Successfully provisioned volume pvc-61849057-bdcf-47a6-bc06-e341dfd41345"
2026-06-12T11:53:09.837814573Z I0612 11:53:09.837707       1 controller.go:1317] volume pvc-61849057-bdcf-47a6-bc06-e341dfd41345 does not need any deletion secrets
2026-06-12T11:53:09.838023926Z E0612 11:53:09.837817       1 controller.go:1569] "Volume deletion failed" err="persistentvolume pvc-61849057-bdcf-47a6-bc06-e341dfd41345 is still attached to node hp-69-tink-system" PV="pvc-61849057-bdcf-47a6-bc06-e341dfd41345"
2026-06-12T11:53:09.838043261Z I0612 11:53:09.837875       1 controller.go:1021] "Retrying syncing volume" key="pvc-61849057-bdcf-47a6-bc06-e341dfd41345" failures=0
2026-06-12T11:53:09.838048801Z E0612 11:53:09.837907       1 controller.go:1039] "Unhandled Error" err="error syncing volume \"pvc-61849057-bdcf-47a6-bc06-e341dfd41345\": persistentvolume pvc-61849057-bdcf-47a6-bc06-e341dfd41345 is still attached to node hp-69-tink-system" logger="UnhandledError"
2026-06-12T11:53:09.838053246Z I0612 11:53:09.837935       1 event.go:389] "Event occurred" object="pvc-61849057-bdcf-47a6-bc06-e341dfd41345" fieldPath="" kind="PersistentVolume" apiVersion="v1" type="Warning" reason="VolumeFailedDelete" message="persistentvolume pvc-61849057-bdcf-47a6-bc06-e341dfd41345 is still attached to node hp-69-tink-system"
2026-06-12T11:53:10.838338982Z I0612 11:53:10.838175       1 controller.go:1317] volume pvc-61849057-bdcf-47a6-bc06-e341dfd41345 does not need any deletion secrets
2026-06-12T11:53:10.838365824Z E0612 11:53:10.838232       1 controller.go:1569] "Volume deletion failed" err="persistentvolume pvc-61849057-bdcf-47a6-bc06-e341dfd41345 is still attached to node hp-69-tink-system" PV="pvc-61849057-bdcf-47a6-bc06-e341dfd41345"
2026-06-12T11:53:10.838379762Z I0612 11:53:10.838316       1 controller.go:1021] "Retrying syncing volume" key="pvc-61849057-bdcf-47a6-bc06-e341dfd41345" failures=1
2026-06-12T11:53:10.838389144Z E0612 11:53:10.838351       1 controller.go:1039] "Unhandled Error" err="error syncing volume \"pvc-61849057-bdcf-47a6-bc06-e341dfd41345\": persistentvolume pvc-61849057-bdcf-47a6-bc06-e341dfd41345 is still attached to node hp-69-tink-system" logger="UnhandledError"
2026-06-12T11:53:10.838492010Z I0612 11:53:10.838400       1 event.go:389] "Event occurred" object="pvc-61849057-bdcf-47a6-bc06-e341dfd41345" fieldPath="" kind="PersistentVolume" apiVersion="v1" type="Warning" reason="VolumeFailedDelete" message="persistentvolume pvc-61849057-bdcf-47a6-bc06-e341dfd41345 is still attached to node hp-69-tink-system"
2026-06-12T11:53:12.838752103Z I0612 11:53:12.838617       1 controller.go:1317] volume pvc-61849057-bdcf-47a6-bc06-e341dfd41345 does not need any deletion secrets
2026-06-12T11:53:12.838771173Z E0612 11:53:12.838707       1 controller.go:1569] "Volume deletion failed" err="persistentvolume pvc-61849057-bdcf-47a6-bc06-e341dfd41345 is still attached to node hp-69-tink-system" PV="pvc-61849057-bdcf-47a6-bc06-e341dfd41345"
2026-06-12T11:53:12.838816786Z I0612 11:53:12.838772       1 controller.go:1021] "Retrying syncing volume" key="pvc-61849057-bdcf-47a6-bc06-e341dfd41345" failures=2
2026-06-12T11:53:12.838831345Z E0612 11:53:12.838804       1 controller.go:1039] "Unhandled Error" err="error syncing volume \"pvc-61849057-bdcf-47a6-bc06-e341dfd41345\": persistentvolume pvc-61849057-bdcf-47a6-bc06-e341dfd41345 is still attached to node hp-69-tink-system" logger="UnhandledError"
2026-06-12T11:53:12.838960069Z I0612 11:53:12.838869       1 event.go:389] "Event occurred" object="pvc-61849057-bdcf-47a6-bc06-e341dfd41345" fieldPath="" kind="PersistentVolume" apiVersion="v1" type="Warning" reason="VolumeFailedDelete" message="persistentvolume pvc-61849057-bdcf-47a6-bc06-e341dfd41345 is still attached to node hp-69-tink-system"
2026-06-12T11:53:13.909284675Z I0612 11:53:13.909124       1 event.go:389] "Event occurred" object="default/11h37m57s246259-06-12" fieldPath="" kind="PersistentVolumeClaim" apiVersion="v1" type="Normal" reason="Provisioning" message="External provisioner is provisioning volume for claim \"default/11h37m57s246259-06-12\""
2026-06-12T11:53:16.036525110Z I0612 11:53:16.036451       1 controller.go:959] successfully created PV pvc-d2e77dc6-e302-4205-96a3-b92ee23c8b31 for PVC 11h37m57s246259-06-12 and csi volume name pvc-d2e77dc6-e302-4205-96a3-b92ee23c8b31
2026-06-12T11:53:16.054534621Z I0612 11:53:16.054441       1 event.go:389] "Event occurred" object="default/11h37m57s246259-06-12" fieldPath="" kind="PersistentVolumeClaim" apiVersion="v1" type="Normal" reason="ProvisioningSucceeded" message="Successfully provisioned volume pvc-d2e77dc6-e302-4205-96a3-b92ee23c8b31"
2026-06-12T11:53:16.839704121Z I0612 11:53:16.839566       1 controller.go:1317] volume pvc-61849057-bdcf-47a6-bc06-e341dfd41345 does not need any deletion secrets
2026-06-12T11:53:31.076938058Z I0612 11:53:31.076835       1 event.go:389] "Event occurred" object="default/11h37m57s246259-06-12-snapshot-restore" fieldPath="" kind="PersistentVolumeClaim" apiVersion="v1" type="Normal" reason="Provisioning" message="External provisioner is provisioning volume for claim \"default/11h37m57s246259-06-12-snapshot-restore\""
2026-06-12T11:53:33.211612463Z I0612 11:53:33.211469       1 controller.go:959] successfully created PV pvc-77a9ec17-d51e-41be-9715-3107b243f67b for PVC 11h37m57s246259-06-12-snapshot-restore and csi volume name pvc-77a9ec17-d51e-41be-9715-3107b243f67b
2026-06-12T11:53:33.229226344Z I0612 11:53:33.229142       1 event.go:389] "Event occurred" object="default/11h37m57s246259-06-12-snapshot-restore" fieldPath="" kind="PersistentVolumeClaim" apiVersion="v1" type="Normal" reason="ProvisioningSucceeded" message="Successfully provisioned volume pvc-77a9ec17-d51e-41be-9715-3107b243f67b"
2026-06-12T11:53:34.244994286Z I0612 11:53:34.244879       1 controller.go:1317] volume pvc-d2e77dc6-e302-4205-96a3-b92ee23c8b31 does not need any deletion secrets
2026-06-12T11:53:36.296316758Z I0612 11:53:36.296210       1 controller.go:1317] volume pvc-d2e77dc6-e302-4205-96a3-b92ee23c8b31 does not need any deletion secrets
2026-06-12T11:53:36.299524222Z I0612 11:53:36.299414       1 controller.go:1580] "Failed to delete persistentvolume" PV="pvc-d2e77dc6-e302-4205-96a3-b92ee23c8b31" err="persistentvolumes \"pvc-d2e77dc6-e302-4205-96a3-b92ee23c8b31\" not found"
2026-06-12T11:53:36.299538583Z I0612 11:53:36.299452       1 controller.go:1021] "Retrying syncing volume" key="pvc-d2e77dc6-e302-4205-96a3-b92ee23c8b31" failures=0
2026-06-12T11:53:36.299552160Z E0612 11:53:36.299489       1 controller.go:1039] "Unhandled Error" err="error syncing volume \"pvc-d2e77dc6-e302-4205-96a3-b92ee23c8b31\": persistentvolumes \"pvc-d2e77dc6-e302-4205-96a3-b92ee23c8b31\" not found" logger="UnhandledError"
2026-06-12T11:53:37.300838368Z I0612 11:53:37.300734       1 controller.go:1317] volume pvc-77a9ec17-d51e-41be-9715-3107b243f67b does not need any deletion secrets
2026-06-12T11:53:39.351122399Z I0612 11:53:39.350983       1 controller.go:1317] volume pvc-77a9ec17-d51e-41be-9715-3107b243f67b does not need any deletion secrets
2026-06-12T11:53:39.354351699Z I0612 11:53:39.354277       1 controller.go:1580] "Failed to delete persistentvolume" PV="pvc-77a9ec17-d51e-41be-9715-3107b243f67b" err="persistentvolumes \"pvc-77a9ec17-d51e-41be-9715-3107b243f67b\" not found"
2026-06-12T11:53:39.354367455Z I0612 11:53:39.354303       1 controller.go:1021] "Retrying syncing volume" key="pvc-77a9ec17-d51e-41be-9715-3107b243f67b" failures=0
2026-06-12T11:53:39.354379929Z E0612 11:53:39.354335       1 controller.go:1039] "Unhandled Error" err="error syncing volume \"pvc-77a9ec17-d51e-41be-9715-3107b243f67b\": persistentvolumes \"pvc-77a9ec17-d51e-41be-9715-3107b243f67b\" not found" logger="UnhandledError"
2026-06-12T11:53:43.915767858Z I0612 11:53:43.915635       1 event.go:389] "Event occurred" object="default/11h37m57s246259-06-12" fieldPath="" kind="PersistentVolumeClaim" apiVersion="v1" type="Normal" reason="Provisioning" message="External provisioner is provisioning volume for claim \"default/11h37m57s246259-06-12\""
2026-06-12T11:53:46.039746621Z I0612 11:53:46.039665       1 controller.go:959] successfully created PV pvc-790109f3-3be7-41ce-b64d-bbc5c2addb4e for PVC 11h37m57s246259-06-12 and csi volume name pvc-790109f3-3be7-41ce-b64d-bbc5c2addb4e
2026-06-12T11:53:46.044775976Z I0612 11:53:46.044673       1 event.go:389] "Event occurred" object="default/11h37m57s246259-06-12" fieldPath="" kind="PersistentVolumeClaim" apiVersion="v1" type="Normal" reason="ProvisioningSucceeded" message="Successfully provisioned volume pvc-790109f3-3be7-41ce-b64d-bbc5c2addb4e"
2026-06-12T11:53:58.485455519Z I0612 11:53:58.485294       1 event.go:389] "Event occurred" object="default/11h37m57s246259-06-12-snapshot-restore" fieldPath="" kind="PersistentVolumeClaim" apiVersion="v1" type="Normal" reason="Provisioning" message="External provisioner is provisioning volume for claim \"default/11h37m57s246259-06-12-snapshot-restore\""
2026-06-12T11:54:00.621133956Z I0612 11:54:00.620952       1 controller.go:959] successfully created PV pvc-dc77dc34-25c2-44fa-aaa7-1887f91352c3 for PVC 11h37m57s246259-06-12-snapshot-restore and csi volume name pvc-dc77dc34-25c2-44fa-aaa7-1887f91352c3
2026-06-12T11:54:00.626319069Z I0612 11:54:00.626218       1 event.go:389] "Event occurred" object="default/11h37m57s246259-06-12-snapshot-restore" fieldPath="" kind="PersistentVolumeClaim" apiVersion="v1" type="Normal" reason="ProvisioningSucceeded" message="Successfully provisioned volume pvc-dc77dc34-25c2-44fa-aaa7-1887f91352c3"
2026-06-12T11:54:00.626337446Z I0612 11:54:00.626247       1 event.go:389] "Event occurred" object="default/11h37m57s246259-06-12-snapshot-restore" fieldPath="" kind="PersistentVolumeClaim" apiVersion="v1" type="Normal" reason="Provisioning" message="External provisioner is provisioning volume for claim \"default/11h37m57s246259-06-12-snapshot-restore\""
2026-06-12T11:54:00.644527093Z I0612 11:54:00.644424       1 controller.go:959] successfully created PV pvc-dc77dc34-25c2-44fa-aaa7-1887f91352c3 for PVC 11h37m57s246259-06-12-snapshot-restore and csi volume name pvc-dc77dc34-25c2-44fa-aaa7-1887f91352c3
2026-06-12T11:54:00.661804770Z I0612 11:54:00.661688       1 event.go:389] "Event occurred" object="default/11h37m57s246259-06-12-snapshot-restore" fieldPath="" kind="PersistentVolumeClaim" apiVersion="v1" type="Normal" reason="ProvisioningSucceeded" message="Successfully provisioned volume pvc-dc77dc34-25c2-44fa-aaa7-1887f91352c3"
2026-06-12T11:54:01.642625915Z I0612 11:54:01.642528       1 controller.go:1317] volume pvc-790109f3-3be7-41ce-b64d-bbc5c2addb4e does not need any deletion secrets
2026-06-12T11:54:04.704744191Z I0612 11:54:04.704615       1 controller.go:1317] volume pvc-dc77dc34-25c2-44fa-aaa7-1887f91352c3 does not need any deletion secrets
2026-06-12T11:54:06.753943791Z I0612 11:54:06.753769       1 controller.go:1317] volume pvc-dc77dc34-25c2-44fa-aaa7-1887f91352c3 does not need any deletion secrets
2026-06-12T11:54:06.757345161Z I0612 11:54:06.757217       1 controller.go:1580] "Failed to delete persistentvolume" PV="pvc-dc77dc34-25c2-44fa-aaa7-1887f91352c3" err="persistentvolumes \"pvc-dc77dc34-25c2-44fa-aaa7-1887f91352c3\" not found"
2026-06-12T11:54:06.757360988Z I0612 11:54:06.757248       1 controller.go:1021] "Retrying syncing volume" key="pvc-dc77dc34-25c2-44fa-aaa7-1887f91352c3" failures=0
2026-06-12T11:54:06.757367255Z E0612 11:54:06.757278       1 controller.go:1039] "Unhandled Error" err="error syncing volume \"pvc-dc77dc34-25c2-44fa-aaa7-1887f91352c3\": persistentvolumes \"pvc-dc77dc34-25c2-44fa-aaa7-1887f91352c3\" not found" logger="UnhandledError"
2026-06-12T11:56:15.740545874Z I0612 11:56:15.740461       1 event.go:389] "Event occurred" object="default/migrate-1-11h54m14s376292-06-12-disk-0" fieldPath="" kind="PersistentVolumeClaim" apiVersion="v1" type="Normal" reason="Provisioning" message="External provisioner is provisioning volume for claim \"default/migrate-1-11h54m14s376292-06-12-disk-0\""
2026-06-12T11:56:17.780788366Z I0612 11:56:17.780711       1 controller.go:959] successfully created PV pvc-fa450af6-4c1a-42c5-a2d8-fc156540906b for PVC migrate-1-11h54m14s376292-06-12-disk-0 and csi volume name pvc-fa450af6-4c1a-42c5-a2d8-fc156540906b
2026-06-12T11:56:17.794183514Z I0612 11:56:17.793857       1 event.go:389] "Event occurred" object="default/migrate-1-11h54m14s376292-06-12-disk-0" fieldPath="" kind="PersistentVolumeClaim" apiVersion="v1" type="Normal" reason="ProvisioningSucceeded" message="Successfully provisioned volume pvc-fa450af6-4c1a-42c5-a2d8-fc156540906b"
2026-06-12T11:56:17.794212714Z I0612 11:56:17.793897       1 event.go:389] "Event occurred" object="default/migrate-1-11h54m14s376292-06-12-disk-0" fieldPath="" kind="PersistentVolumeClaim" apiVersion="v1" type="Normal" reason="Provisioning" message="External provisioner is provisioning volume for claim \"default/migrate-1-11h54m14s376292-06-12-disk-0\""
2026-06-12T11:56:17.797766842Z I0612 11:56:17.797694       1 controller.go:959] successfully created PV pvc-fa450af6-4c1a-42c5-a2d8-fc156540906b for PVC migrate-1-11h54m14s376292-06-12-disk-0 and csi volume name pvc-fa450af6-4c1a-42c5-a2d8-fc156540906b
2026-06-12T11:56:17.811948804Z I0612 11:56:17.811818       1 event.go:389] "Event occurred" object="default/migrate-1-11h54m14s376292-06-12-disk-0" fieldPath="" kind="PersistentVolumeClaim" apiVersion="v1" type="Normal" reason="ProvisioningSucceeded" message="Successfully provisioned volume pvc-fa450af6-4c1a-42c5-a2d8-fc156540906b"
2026-06-12T11:56:28.932267194Z I0612 11:56:28.932126       1 event.go:389] "Event occurred" object="default/migrate-2-11h54m14s376292-06-12-disk-0" fieldPath="" kind="PersistentVolumeClaim" apiVersion="v1" type="Normal" reason="Provisioning" message="External provisioner is provisioning volume for claim \"default/migrate-2-11h54m14s376292-06-12-disk-0\""
2026-06-12T11:56:31.060385982Z I0612 11:56:31.060265       1 controller.go:959] successfully created PV pvc-f8b61702-6f99-4e70-8874-aabcf1e53ba4 for PVC migrate-2-11h54m14s376292-06-12-disk-0 and csi volume name pvc-f8b61702-6f99-4e70-8874-aabcf1e53ba4
2026-06-12T11:56:31.066057787Z I0612 11:56:31.065949       1 event.go:389] "Event occurred" object="default/migrate-2-11h54m14s376292-06-12-disk-0" fieldPath="" kind="PersistentVolumeClaim" apiVersion="v1" type="Normal" reason="ProvisioningSucceeded" message="Successfully provisioned volume pvc-f8b61702-6f99-4e70-8874-aabcf1e53ba4"
2026-06-12T11:58:02.070051717Z I0612 11:58:02.069944       1 controller.go:1317] volume pvc-fa450af6-4c1a-42c5-a2d8-fc156540906b does not need any deletion secrets
2026-06-12T11:58:02.178179735Z I0612 11:58:02.178059       1 controller.go:1317] volume pvc-f8b61702-6f99-4e70-8874-aabcf1e53ba4 does not need any deletion secrets
2026-06-12T11:58:02.178200845Z E0612 11:58:02.178104       1 controller.go:1569] "Volume deletion failed" err="persistentvolume pvc-f8b61702-6f99-4e70-8874-aabcf1e53ba4 is still attached to node hp-117-tink-system" PV="pvc-f8b61702-6f99-4e70-8874-aabcf1e53ba4"
2026-06-12T11:58:02.178216196Z I0612 11:58:02.178173       1 controller.go:1021] "Retrying syncing volume" key="pvc-f8b61702-6f99-4e70-8874-aabcf1e53ba4" failures=0
2026-06-12T11:58:02.178230664Z E0612 11:58:02.178207       1 controller.go:1039] "Unhandled Error" err="error syncing volume \"pvc-f8b61702-6f99-4e70-8874-aabcf1e53ba4\": persistentvolume pvc-f8b61702-6f99-4e70-8874-aabcf1e53ba4 is still attached to node hp-117-tink-system" logger="UnhandledError"
2026-06-12T11:58:02.178334763Z I0612 11:58:02.178259       1 event.go:389] "Event occurred" object="pvc-f8b61702-6f99-4e70-8874-aabcf1e53ba4" fieldPath="" kind="PersistentVolume" apiVersion="v1" type="Warning" reason="VolumeFailedDelete" message="persistentvolume pvc-f8b61702-6f99-4e70-8874-aabcf1e53ba4 is still attached to node hp-117-tink-system"
2026-06-12T11:58:03.178553517Z I0612 11:58:03.178431       1 controller.go:1317] volume pvc-f8b61702-6f99-4e70-8874-aabcf1e53ba4 does not need any deletion secrets
2026-06-12T11:58:03.178573820Z E0612 11:58:03.178479       1 controller.go:1569] "Volume deletion failed" err="persistentvolume pvc-f8b61702-6f99-4e70-8874-aabcf1e53ba4 is still attached to node hp-117-tink-system" PV="pvc-f8b61702-6f99-4e70-8874-aabcf1e53ba4"
2026-06-12T11:58:03.178585670Z I0612 11:58:03.178554       1 controller.go:1021] "Retrying syncing volume" key="pvc-f8b61702-6f99-4e70-8874-aabcf1e53ba4" failures=1
2026-06-12T11:58:03.178631728Z E0612 11:58:03.178585       1 controller.go:1039] "Unhandled Error" err="error syncing volume \"pvc-f8b61702-6f99-4e70-8874-aabcf1e53ba4\": persistentvolume pvc-f8b61702-6f99-4e70-8874-aabcf1e53ba4 is still attached to node hp-117-tink-system" logger="UnhandledError"
2026-06-12T11:58:03.178664825Z I0612 11:58:03.178619       1 event.go:389] "Event occurred" object="pvc-f8b61702-6f99-4e70-8874-aabcf1e53ba4" fieldPath="" kind="PersistentVolume" apiVersion="v1" type="Warning" reason="VolumeFailedDelete" message="persistentvolume pvc-f8b61702-6f99-4e70-8874-aabcf1e53ba4 is still attached to node hp-117-tink-system"
2026-06-12T11:58:04.113211328Z I0612 11:58:04.113081       1 controller.go:1317] volume pvc-fa450af6-4c1a-42c5-a2d8-fc156540906b does not need any deletion secrets
2026-06-12T11:58:04.116707010Z I0612 11:58:04.116608       1 controller.go:1580] "Failed to delete persistentvolume" PV="pvc-fa450af6-4c1a-42c5-a2d8-fc156540906b" err="persistentvolumes \"pvc-fa450af6-4c1a-42c5-a2d8-fc156540906b\" not found"
2026-06-12T11:58:04.116723202Z I0612 11:58:04.116653       1 controller.go:1021] "Retrying syncing volume" key="pvc-fa450af6-4c1a-42c5-a2d8-fc156540906b" failures=0
2026-06-12T11:58:04.116734971Z E0612 11:58:04.116688       1 controller.go:1039] "Unhandled Error" err="error syncing volume \"pvc-fa450af6-4c1a-42c5-a2d8-fc156540906b\": persistentvolumes \"pvc-fa450af6-4c1a-42c5-a2d8-fc156540906b\" not found" logger="UnhandledError"
2026-06-12T11:58:05.179230668Z I0612 11:58:05.179045       1 controller.go:1317] volume pvc-f8b61702-6f99-4e70-8874-aabcf1e53ba4 does not need any deletion secrets
2026-06-12T11:58:05.179258000Z E0612 11:58:05.179106       1 controller.go:1569] "Volume deletion failed" err="persistentvolume pvc-f8b61702-6f99-4e70-8874-aabcf1e53ba4 is still attached to node hp-117-tink-system" PV="pvc-f8b61702-6f99-4e70-8874-aabcf1e53ba4"
2026-06-12T11:58:05.179280450Z I0612 11:58:05.179204       1 controller.go:1021] "Retrying syncing volume" key="pvc-f8b61702-6f99-4e70-8874-aabcf1e53ba4" failures=2
2026-06-12T11:58:05.179313303Z E0612 11:58:05.179243       1 controller.go:1039] "Unhandled Error" err="error syncing volume \"pvc-f8b61702-6f99-4e70-8874-aabcf1e53ba4\": persistentvolume pvc-f8b61702-6f99-4e70-8874-aabcf1e53ba4 is still attached to node hp-117-tink-system" logger="UnhandledError"
2026-06-12T11:58:05.179345992Z I0612 11:58:05.179283       1 event.go:389] "Event occurred" object="pvc-f8b61702-6f99-4e70-8874-aabcf1e53ba4" fieldPath="" kind="PersistentVolume" apiVersion="v1" type="Warning" reason="VolumeFailedDelete" message="persistentvolume pvc-f8b61702-6f99-4e70-8874-aabcf1e53ba4 is still attached to node hp-117-tink-system"
2026-06-12T11:58:09.179767404Z I0612 11:58:09.179592       1 controller.go:1317] volume pvc-f8b61702-6f99-4e70-8874-aabcf1e53ba4 does not need any deletion secrets
2026-06-12T11:58:11.224963094Z I0612 11:58:11.224841       1 controller.go:1317] volume pvc-f8b61702-6f99-4e70-8874-aabcf1e53ba4 does not need any deletion secrets
2026-06-12T11:58:11.230340664Z I0612 11:58:11.230250       1 controller.go:1580] "Failed to delete persistentvolume" PV="pvc-f8b61702-6f99-4e70-8874-aabcf1e53ba4" err="persistentvolumes \"pvc-f8b61702-6f99-4e70-8874-aabcf1e53ba4\" not found"
2026-06-12T11:58:11.230357701Z I0612 11:58:11.230282       1 controller.go:1021] "Retrying syncing volume" key="pvc-f8b61702-6f99-4e70-8874-aabcf1e53ba4" failures=0
2026-06-12T11:58:11.230372020Z E0612 11:58:11.230316       1 controller.go:1039] "Unhandled Error" err="error syncing volume \"pvc-f8b61702-6f99-4e70-8874-aabcf1e53ba4\": persistentvolumes \"pvc-f8b61702-6f99-4e70-8874-aabcf1e53ba4\" not found" logger="UnhandledError"
2026-06-12T11:58:13.931207325Z I0612 11:58:13.931113       1 event.go:389] "Event occurred" object="default/11h54m14s376292-06-12-disk-0" fieldPath="" kind="PersistentVolumeClaim" apiVersion="v1" type="Normal" reason="Provisioning" message="External provisioner is provisioning volume for claim \"default/11h54m14s376292-06-12-disk-0\""
2026-06-12T11:58:16.054495652Z I0612 11:58:16.054419       1 controller.go:959] successfully created PV pvc-fb283f82-5754-4a4a-a848-52c48ff4a68f for PVC 11h54m14s376292-06-12-disk-0 and csi volume name pvc-fb283f82-5754-4a4a-a848-52c48ff4a68f
2026-06-12T11:58:16.063495177Z I0612 11:58:16.063370       1 event.go:389] "Event occurred" object="default/11h54m14s376292-06-12-disk-0" fieldPath="" kind="PersistentVolumeClaim" apiVersion="v1" type="Normal" reason="ProvisioningSucceeded" message="Successfully provisioned volume pvc-fb283f82-5754-4a4a-a848-52c48ff4a68f"
2026-06-12T11:59:45.275421904Z I0612 11:59:45.275319       1 controller.go:1317] volume pvc-fb283f82-5754-4a4a-a848-52c48ff4a68f does not need any deletion secrets
2026-06-12T11:59:45.275446989Z E0612 11:59:45.275373       1 controller.go:1569] "Volume deletion failed" err="persistentvolume pvc-fb283f82-5754-4a4a-a848-52c48ff4a68f is still attached to node hp-117-tink-system" PV="pvc-fb283f82-5754-4a4a-a848-52c48ff4a68f"
2026-06-12T11:59:45.275487549Z I0612 11:59:45.275430       1 controller.go:1021] "Retrying syncing volume" key="pvc-fb283f82-5754-4a4a-a848-52c48ff4a68f" failures=0
2026-06-12T11:59:45.275510951Z E0612 11:59:45.275467       1 controller.go:1039] "Unhandled Error" err="error syncing volume \"pvc-fb283f82-5754-4a4a-a848-52c48ff4a68f\": persistentvolume pvc-fb283f82-5754-4a4a-a848-52c48ff4a68f is still attached to node hp-117-tink-system" logger="UnhandledError"
2026-06-12T11:59:45.275604665Z I0612 11:59:45.275521       1 event.go:389] "Event occurred" object="pvc-fb283f82-5754-4a4a-a848-52c48ff4a68f" fieldPath="" kind="PersistentVolume" apiVersion="v1" type="Warning" reason="VolumeFailedDelete" message="persistentvolume pvc-fb283f82-5754-4a4a-a848-52c48ff4a68f is still attached to node hp-117-tink-system"
2026-06-12T11:59:45.324721321Z I0612 11:59:45.323817       1 event.go:389] "Event occurred" object="default/11h54m14s376292-06-12-disk-0" fieldPath="" kind="PersistentVolumeClaim" apiVersion="v1" type="Normal" reason="Provisioning" message="External provisioner is provisioning volume for claim \"default/11h54m14s376292-06-12-disk-0\""
2026-06-12T11:59:45.339601964Z I0612 11:59:45.339466       1 event.go:389] "Event occurred" object="default/11h54m14s376292-06-12-disk-1" fieldPath="" kind="PersistentVolumeClaim" apiVersion="v1" type="Normal" reason="Provisioning" message="External provisioner is provisioning volume for claim \"default/11h54m14s376292-06-12-disk-1\""
2026-06-12T11:59:46.276077287Z I0612 11:59:46.275925       1 controller.go:1317] volume pvc-fb283f82-5754-4a4a-a848-52c48ff4a68f does not need any deletion secrets
2026-06-12T11:59:46.276100783Z E0612 11:59:46.275978       1 controller.go:1569] "Volume deletion failed" err="persistentvolume pvc-fb283f82-5754-4a4a-a848-52c48ff4a68f is still attached to node hp-117-tink-system" PV="pvc-fb283f82-5754-4a4a-a848-52c48ff4a68f"
2026-06-12T11:59:46.276104320Z I0612 11:59:46.276028       1 controller.go:1021] "Retrying syncing volume" key="pvc-fb283f82-5754-4a4a-a848-52c48ff4a68f" failures=1
2026-06-12T11:59:46.276119115Z E0612 11:59:46.276058       1 controller.go:1039] "Unhandled Error" err="error syncing volume \"pvc-fb283f82-5754-4a4a-a848-52c48ff4a68f\": persistentvolume pvc-fb283f82-5754-4a4a-a848-52c48ff4a68f is still attached to node hp-117-tink-system" logger="UnhandledError"
2026-06-12T11:59:46.276127010Z I0612 11:59:46.276095       1 event.go:389] "Event occurred" object="pvc-fb283f82-5754-4a4a-a848-52c48ff4a68f" fieldPath="" kind="PersistentVolume" apiVersion="v1" type="Warning" reason="VolumeFailedDelete" message="persistentvolume pvc-fb283f82-5754-4a4a-a848-52c48ff4a68f is still attached to node hp-117-tink-system"
2026-06-12T11:59:47.474676775Z I0612 11:59:47.474557       1 controller.go:959] successfully created PV pvc-0721d0f6-12cd-4a8a-b8c5-3490f5b00f68 for PVC 11h54m14s376292-06-12-disk-1 and csi volume name pvc-0721d0f6-12cd-4a8a-b8c5-3490f5b00f68
2026-06-12T11:59:47.475161453Z I0612 11:59:47.475079       1 controller.go:959] successfully created PV pvc-0a76b613-f1b2-480f-ad66-e41dd66c4c8a for PVC 11h54m14s376292-06-12-disk-0 and csi volume name pvc-0a76b613-f1b2-480f-ad66-e41dd66c4c8a
2026-06-12T11:59:47.484518105Z I0612 11:59:47.484421       1 event.go:389] "Event occurred" object="default/11h54m14s376292-06-12-disk-1" fieldPath="" kind="PersistentVolumeClaim" apiVersion="v1" type="Normal" reason="ProvisioningSucceeded" message="Successfully provisioned volume pvc-0721d0f6-12cd-4a8a-b8c5-3490f5b00f68"
2026-06-12T11:59:47.484537549Z I0612 11:59:47.484449       1 event.go:389] "Event occurred" object="default/11h54m14s376292-06-12-disk-1" fieldPath="" kind="PersistentVolumeClaim" apiVersion="v1" type="Normal" reason="Provisioning" message="External provisioner is provisioning volume for claim \"default/11h54m14s376292-06-12-disk-1\""
2026-06-12T11:59:47.484542268Z I0612 11:59:47.484460       1 event.go:389] "Event occurred" object="default/11h54m14s376292-06-12-disk-0" fieldPath="" kind="PersistentVolumeClaim" apiVersion="v1" type="Normal" reason="ProvisioningSucceeded" message="Successfully provisioned volume pvc-0a76b613-f1b2-480f-ad66-e41dd66c4c8a"
2026-06-12T11:59:47.484559728Z I0612 11:59:47.484476       1 event.go:389] "Event occurred" object="default/11h54m14s376292-06-12-disk-0" fieldPath="" kind="PersistentVolumeClaim" apiVersion="v1" type="Normal" reason="Provisioning" message="External provisioner is provisioning volume for claim \"default/11h54m14s376292-06-12-disk-0\""
2026-06-12T11:59:47.487815112Z I0612 11:59:47.487735       1 controller.go:959] successfully created PV pvc-0721d0f6-12cd-4a8a-b8c5-3490f5b00f68 for PVC 11h54m14s376292-06-12-disk-1 and csi volume name pvc-0721d0f6-12cd-4a8a-b8c5-3490f5b00f68
2026-06-12T11:59:47.488279364Z I0612 11:59:47.488219       1 controller.go:959] successfully created PV pvc-0a76b613-f1b2-480f-ad66-e41dd66c4c8a for PVC 11h54m14s376292-06-12-disk-0 and csi volume name pvc-0a76b613-f1b2-480f-ad66-e41dd66c4c8a
2026-06-12T11:59:47.523331225Z I0612 11:59:47.523212       1 event.go:389] "Event occurred" object="default/11h54m14s376292-06-12-disk-0" fieldPath="" kind="PersistentVolumeClaim" apiVersion="v1" type="Normal" reason="ProvisioningSucceeded" message="Successfully provisioned volume pvc-0a76b613-f1b2-480f-ad66-e41dd66c4c8a"
2026-06-12T11:59:47.523352936Z I0612 11:59:47.523242       1 event.go:389] "Event occurred" object="default/11h54m14s376292-06-12-disk-1" fieldPath="" kind="PersistentVolumeClaim" apiVersion="v1" type="Normal" reason="ProvisioningSucceeded" message="Successfully provisioned volume pvc-0721d0f6-12cd-4a8a-b8c5-3490f5b00f68"
2026-06-12T11:59:48.276982693Z I0612 11:59:48.276896       1 controller.go:1317] volume pvc-fb283f82-5754-4a4a-a848-52c48ff4a68f does not need any deletion secrets
2026-06-12T11:59:48.277002604Z E0612 11:59:48.276944       1 controller.go:1569] "Volume deletion failed" err="persistentvolume pvc-fb283f82-5754-4a4a-a848-52c48ff4a68f is still attached to node hp-117-tink-system" PV="pvc-fb283f82-5754-4a4a-a848-52c48ff4a68f"
2026-06-12T11:59:48.277048952Z I0612 11:59:48.276994       1 controller.go:1021] "Retrying syncing volume" key="pvc-fb283f82-5754-4a4a-a848-52c48ff4a68f" failures=2
2026-06-12T11:59:48.277059095Z E0612 11:59:48.277024       1 controller.go:1039] "Unhandled Error" err="error syncing volume \"pvc-fb283f82-5754-4a4a-a848-52c48ff4a68f\": persistentvolume pvc-fb283f82-5754-4a4a-a848-52c48ff4a68f is still attached to node hp-117-tink-system" logger="UnhandledError"
2026-06-12T11:59:48.277127405Z I0612 11:59:48.277074       1 event.go:389] "Event occurred" object="pvc-fb283f82-5754-4a4a-a848-52c48ff4a68f" fieldPath="" kind="PersistentVolume" apiVersion="v1" type="Warning" reason="VolumeFailedDelete" message="persistentvolume pvc-fb283f82-5754-4a4a-a848-52c48ff4a68f is still attached to node hp-117-tink-system"
2026-06-12T11:59:52.278297748Z I0612 11:59:52.278094       1 controller.go:1317] volume pvc-fb283f82-5754-4a4a-a848-52c48ff4a68f does not need any deletion secrets
2026-06-12T11:59:54.308049428Z I0612 11:59:54.307903       1 controller.go:1317] volume pvc-fb283f82-5754-4a4a-a848-52c48ff4a68f does not need any deletion secrets
2026-06-12T11:59:54.311556389Z I0612 11:59:54.311421       1 controller.go:1580] "Failed to delete persistentvolume" PV="pvc-fb283f82-5754-4a4a-a848-52c48ff4a68f" err="persistentvolumes \"pvc-fb283f82-5754-4a4a-a848-52c48ff4a68f\" not found"
2026-06-12T11:59:54.311581831Z I0612 11:59:54.311461       1 controller.go:1021] "Retrying syncing volume" key="pvc-fb283f82-5754-4a4a-a848-52c48ff4a68f" failures=0
2026-06-12T11:59:54.311590078Z E0612 11:59:54.311499       1 controller.go:1039] "Unhandled Error" err="error syncing volume \"pvc-fb283f82-5754-4a4a-a848-52c48ff4a68f\": persistentvolumes \"pvc-fb283f82-5754-4a4a-a848-52c48ff4a68f\" not found" logger="UnhandledError"
2026-06-12T12:01:19.387195187Z I0612 12:01:19.387103       1 controller.go:1317] volume pvc-0a76b613-f1b2-480f-ad66-e41dd66c4c8a does not need any deletion secrets
2026-06-12T12:01:19.387218235Z E0612 12:01:19.387148       1 controller.go:1569] "Volume deletion failed" err="persistentvolume pvc-0a76b613-f1b2-480f-ad66-e41dd66c4c8a is still attached to node hp-117-tink-system" PV="pvc-0a76b613-f1b2-480f-ad66-e41dd66c4c8a"
2026-06-12T12:01:19.387275736Z I0612 12:01:19.387215       1 controller.go:1021] "Retrying syncing volume" key="pvc-0a76b613-f1b2-480f-ad66-e41dd66c4c8a" failures=0
2026-06-12T12:01:19.387298243Z E0612 12:01:19.387248       1 controller.go:1039] "Unhandled Error" err="error syncing volume \"pvc-0a76b613-f1b2-480f-ad66-e41dd66c4c8a\": persistentvolume pvc-0a76b613-f1b2-480f-ad66-e41dd66c4c8a is still attached to node hp-117-tink-system" logger="UnhandledError"
2026-06-12T12:01:19.387403261Z I0612 12:01:19.387306       1 event.go:389] "Event occurred" object="pvc-0a76b613-f1b2-480f-ad66-e41dd66c4c8a" fieldPath="" kind="PersistentVolume" apiVersion="v1" type="Warning" reason="VolumeFailedDelete" message="persistentvolume pvc-0a76b613-f1b2-480f-ad66-e41dd66c4c8a is still attached to node hp-117-tink-system"
2026-06-12T12:01:19.491127154Z I0612 12:01:19.491030       1 controller.go:1317] volume pvc-0721d0f6-12cd-4a8a-b8c5-3490f5b00f68 does not need any deletion secrets
2026-06-12T12:01:19.491146058Z E0612 12:01:19.491075       1 controller.go:1569] "Volume deletion failed" err="persistentvolume pvc-0721d0f6-12cd-4a8a-b8c5-3490f5b00f68 is still attached to node hp-117-tink-system" PV="pvc-0721d0f6-12cd-4a8a-b8c5-3490f5b00f68"
2026-06-12T12:01:19.491157924Z I0612 12:01:19.491117       1 controller.go:1021] "Retrying syncing volume" key="pvc-0721d0f6-12cd-4a8a-b8c5-3490f5b00f68" failures=0
2026-06-12T12:01:19.491179302Z E0612 12:01:19.491151       1 controller.go:1039] "Unhandled Error" err="error syncing volume \"pvc-0721d0f6-12cd-4a8a-b8c5-3490f5b00f68\": persistentvolume pvc-0721d0f6-12cd-4a8a-b8c5-3490f5b00f68 is still attached to node hp-117-tink-system" logger="UnhandledError"
2026-06-12T12:01:19.491310840Z I0612 12:01:19.491219       1 event.go:389] "Event occurred" object="pvc-0721d0f6-12cd-4a8a-b8c5-3490f5b00f68" fieldPath="" kind="PersistentVolume" apiVersion="v1" type="Warning" reason="VolumeFailedDelete" message="persistentvolume pvc-0721d0f6-12cd-4a8a-b8c5-3490f5b00f68 is still attached to node hp-117-tink-system"
2026-06-12T12:01:20.388466250Z I0612 12:01:20.388330       1 controller.go:1317] volume pvc-0a76b613-f1b2-480f-ad66-e41dd66c4c8a does not need any deletion secrets
2026-06-12T12:01:20.388486075Z E0612 12:01:20.388386       1 controller.go:1569] "Volume deletion failed" err="persistentvolume pvc-0a76b613-f1b2-480f-ad66-e41dd66c4c8a is still attached to node hp-117-tink-system" PV="pvc-0a76b613-f1b2-480f-ad66-e41dd66c4c8a"
2026-06-12T12:01:20.388497010Z I0612 12:01:20.388460       1 controller.go:1021] "Retrying syncing volume" key="pvc-0a76b613-f1b2-480f-ad66-e41dd66c4c8a" failures=1
2026-06-12T12:01:20.388542004Z E0612 12:01:20.388494       1 controller.go:1039] "Unhandled Error" err="error syncing volume \"pvc-0a76b613-f1b2-480f-ad66-e41dd66c4c8a\": persistentvolume pvc-0a76b613-f1b2-480f-ad66-e41dd66c4c8a is still attached to node hp-117-tink-system" logger="UnhandledError"
2026-06-12T12:01:20.388594197Z I0612 12:01:20.388524       1 event.go:389] "Event occurred" object="pvc-0a76b613-f1b2-480f-ad66-e41dd66c4c8a" fieldPath="" kind="PersistentVolume" apiVersion="v1" type="Warning" reason="VolumeFailedDelete" message="persistentvolume pvc-0a76b613-f1b2-480f-ad66-e41dd66c4c8a is still attached to node hp-117-tink-system"
2026-06-12T12:01:20.492336968Z I0612 12:01:20.492249       1 controller.go:1317] volume pvc-0721d0f6-12cd-4a8a-b8c5-3490f5b00f68 does not need any deletion secrets
2026-06-12T12:01:20.492373307Z E0612 12:01:20.492302       1 controller.go:1569] "Volume deletion failed" err="persistentvolume pvc-0721d0f6-12cd-4a8a-b8c5-3490f5b00f68 is still attached to node hp-117-tink-system" PV="pvc-0721d0f6-12cd-4a8a-b8c5-3490f5b00f68"
2026-06-12T12:01:20.492391421Z I0612 12:01:20.492354       1 controller.go:1021] "Retrying syncing volume" key="pvc-0721d0f6-12cd-4a8a-b8c5-3490f5b00f68" failures=1
2026-06-12T12:01:20.492414131Z E0612 12:01:20.492384       1 controller.go:1039] "Unhandled Error" err="error syncing volume \"pvc-0721d0f6-12cd-4a8a-b8c5-3490f5b00f68\": persistentvolume pvc-0721d0f6-12cd-4a8a-b8c5-3490f5b00f68 is still attached to node hp-117-tink-system" logger="UnhandledError"
2026-06-12T12:01:20.492508848Z I0612 12:01:20.492438       1 event.go:389] "Event occurred" object="pvc-0721d0f6-12cd-4a8a-b8c5-3490f5b00f68" fieldPath="" kind="PersistentVolume" apiVersion="v1" type="Warning" reason="VolumeFailedDelete" message="persistentvolume pvc-0721d0f6-12cd-4a8a-b8c5-3490f5b00f68 is still attached to node hp-117-tink-system"
2026-06-12T12:01:22.389551458Z I0612 12:01:22.389425       1 controller.go:1317] volume pvc-0a76b613-f1b2-480f-ad66-e41dd66c4c8a does not need any deletion secrets
2026-06-12T12:01:22.493354820Z I0612 12:01:22.493198       1 controller.go:1317] volume pvc-0721d0f6-12cd-4a8a-b8c5-3490f5b00f68 does not need any deletion secrets
2026-06-12T12:01:24.424012546Z I0612 12:01:24.423854       1 controller.go:1317] volume pvc-0a76b613-f1b2-480f-ad66-e41dd66c4c8a does not need any deletion secrets
2026-06-12T12:01:24.427828326Z I0612 12:01:24.427711       1 controller.go:1580] "Failed to delete persistentvolume" PV="pvc-0a76b613-f1b2-480f-ad66-e41dd66c4c8a" err="persistentvolumes \"pvc-0a76b613-f1b2-480f-ad66-e41dd66c4c8a\" not found"
2026-06-12T12:01:24.427845096Z I0612 12:01:24.427747       1 controller.go:1021] "Retrying syncing volume" key="pvc-0a76b613-f1b2-480f-ad66-e41dd66c4c8a" failures=0
2026-06-12T12:01:24.427855758Z E0612 12:01:24.427782       1 controller.go:1039] "Unhandled Error" err="error syncing volume \"pvc-0a76b613-f1b2-480f-ad66-e41dd66c4c8a\": persistentvolumes \"pvc-0a76b613-f1b2-480f-ad66-e41dd66c4c8a\" not found" logger="UnhandledError"
2026-06-12T12:01:43.934424178Z I0612 12:01:43.934295       1 event.go:389] "Event occurred" object="default/vm-11h54m14s376292-06-12-disk-0" fieldPath="" kind="PersistentVolumeClaim" apiVersion="v1" type="Normal" reason="Provisioning" message="External provisioner is provisioning volume for claim \"default/vm-11h54m14s376292-06-12-disk-0\""
2026-06-12T12:01:46.054781257Z I0612 12:01:46.054690       1 controller.go:959] successfully created PV pvc-8178a3f8-2d0e-4e24-9d5a-f72d22a0e8db for PVC vm-11h54m14s376292-06-12-disk-0 and csi volume name pvc-8178a3f8-2d0e-4e24-9d5a-f72d22a0e8db
2026-06-12T12:01:46.064718131Z I0612 12:01:46.064603       1 event.go:389] "Event occurred" object="default/vm-11h54m14s376292-06-12-disk-0" fieldPath="" kind="PersistentVolumeClaim" apiVersion="v1" type="Normal" reason="ProvisioningSucceeded" message="Successfully provisioned volume pvc-8178a3f8-2d0e-4e24-9d5a-f72d22a0e8db"
2026-06-12T12:04:46.707014326Z I0612 12:04:46.706888       1 controller.go:1317] volume pvc-8178a3f8-2d0e-4e24-9d5a-f72d22a0e8db does not need any deletion secrets
2026-06-12T12:04:46.942115311Z I0612 12:04:46.942007       1 event.go:389] "Event occurred" object="default/vm-11h54m14s376292-06-12-disk-0" fieldPath="" kind="PersistentVolumeClaim" apiVersion="v1" type="Normal" reason="Provisioning" message="External provisioner is provisioning volume for claim \"default/vm-11h54m14s376292-06-12-disk-0\""
2026-06-12T12:04:49.066362204Z I0612 12:04:49.066233       1 controller.go:959] successfully created PV pvc-5c040811-56ca-4d69-aca1-2194234036be for PVC vm-11h54m14s376292-06-12-disk-0 and csi volume name pvc-5c040811-56ca-4d69-aca1-2194234036be
2026-06-12T12:04:49.075568432Z I0612 12:04:49.075473       1 event.go:389] "Event occurred" object="default/vm-11h54m14s376292-06-12-disk-0" fieldPath="" kind="PersistentVolumeClaim" apiVersion="v1" type="Normal" reason="ProvisioningSucceeded" message="Successfully provisioned volume pvc-5c040811-56ca-4d69-aca1-2194234036be"
2026-06-12T12:04:49.075596350Z I0612 12:04:49.075545       1 event.go:389] "Event occurred" object="default/vm-11h54m14s376292-06-12-disk-0" fieldPath="" kind="PersistentVolumeClaim" apiVersion="v1" type="Normal" reason="Provisioning" message="External provisioner is provisioning volume for claim \"default/vm-11h54m14s376292-06-12-disk-0\""
2026-06-12T12:04:49.078429444Z I0612 12:04:49.078365       1 controller.go:959] successfully created PV pvc-5c040811-56ca-4d69-aca1-2194234036be for PVC vm-11h54m14s376292-06-12-disk-0 and csi volume name pvc-5c040811-56ca-4d69-aca1-2194234036be
2026-06-12T12:04:49.098054010Z I0612 12:04:49.097974       1 event.go:389] "Event occurred" object="default/vm-11h54m14s376292-06-12-disk-0" fieldPath="" kind="PersistentVolumeClaim" apiVersion="v1" type="Normal" reason="ProvisioningSucceeded" message="Successfully provisioned volume pvc-5c040811-56ca-4d69-aca1-2194234036be"
2026-06-12T12:08:10.212144266Z I0612 12:08:10.212035       1 controller.go:1317] volume pvc-5c040811-56ca-4d69-aca1-2194234036be does not need any deletion secrets
2026-06-12T12:08:51.735588617Z I0612 12:08:51.735506       1 event.go:389] "Event occurred" object="default/vm-12h06m47s328335-06-12-disk-0" fieldPath="" kind="PersistentVolumeClaim" apiVersion="v1" type="Normal" reason="Provisioning" message="External provisioner is provisioning volume for claim \"default/vm-12h06m47s328335-06-12-disk-0\""
2026-06-12T12:08:53.861522283Z I0612 12:08:53.861448       1 controller.go:959] successfully created PV pvc-b57e291a-b2e2-4693-8467-14196107f6a2 for PVC vm-12h06m47s328335-06-12-disk-0 and csi volume name pvc-b57e291a-b2e2-4693-8467-14196107f6a2
2026-06-12T12:08:53.869752422Z I0612 12:08:53.869618       1 event.go:389] "Event occurred" object="default/vm-12h06m47s328335-06-12-disk-0" fieldPath="" kind="PersistentVolumeClaim" apiVersion="v1" type="Normal" reason="ProvisioningSucceeded" message="Successfully provisioned volume pvc-b57e291a-b2e2-4693-8467-14196107f6a2"
2026-06-12T12:08:53.869775266Z I0612 12:08:53.869662       1 event.go:389] "Event occurred" object="default/vm-12h06m47s328335-06-12-disk-0" fieldPath="" kind="PersistentVolumeClaim" apiVersion="v1" type="Normal" reason="Provisioning" message="External provisioner is provisioning volume for claim \"default/vm-12h06m47s328335-06-12-disk-0\""
2026-06-12T12:08:53.872215286Z I0612 12:08:53.872145       1 controller.go:959] successfully created PV pvc-b57e291a-b2e2-4693-8467-14196107f6a2 for PVC vm-12h06m47s328335-06-12-disk-0 and csi volume name pvc-b57e291a-b2e2-4693-8467-14196107f6a2
2026-06-12T12:08:53.886000311Z I0612 12:08:53.885907       1 event.go:389] "Event occurred" object="default/vm-12h06m47s328335-06-12-disk-0" fieldPath="" kind="PersistentVolumeClaim" apiVersion="v1" type="Normal" reason="ProvisioningSucceeded" message="Successfully provisioned volume pvc-b57e291a-b2e2-4693-8467-14196107f6a2"
2026-06-12T12:13:30.139829059Z I0612 12:13:30.139675       1 controller.go:1317] volume pvc-b57e291a-b2e2-4693-8467-14196107f6a2 does not need any deletion secrets
2026-06-12T12:13:30.139913680Z E0612 12:13:30.139763       1 controller.go:1569] "Volume deletion failed" err="persistentvolume pvc-b57e291a-b2e2-4693-8467-14196107f6a2 is still attached to node hp-117-tink-system" PV="pvc-b57e291a-b2e2-4693-8467-14196107f6a2"
2026-06-12T12:13:30.139922290Z I0612 12:13:30.139850       1 controller.go:1021] "Retrying syncing volume" key="pvc-b57e291a-b2e2-4693-8467-14196107f6a2" failures=0
2026-06-12T12:13:30.139940515Z E0612 12:13:30.139893       1 controller.go:1039] "Unhandled Error" err="error syncing volume \"pvc-b57e291a-b2e2-4693-8467-14196107f6a2\": persistentvolume pvc-b57e291a-b2e2-4693-8467-14196107f6a2 is still attached to node hp-117-tink-system" logger="UnhandledError"
2026-06-12T12:13:30.139985072Z I0612 12:13:30.139935       1 event.go:389] "Event occurred" object="pvc-b57e291a-b2e2-4693-8467-14196107f6a2" fieldPath="" kind="PersistentVolume" apiVersion="v1" type="Warning" reason="VolumeFailedDelete" message="persistentvolume pvc-b57e291a-b2e2-4693-8467-14196107f6a2 is still attached to node hp-117-tink-system"
2026-06-12T12:13:31.140850191Z I0612 12:13:31.140729       1 controller.go:1317] volume pvc-b57e291a-b2e2-4693-8467-14196107f6a2 does not need any deletion secrets
2026-06-12T12:13:31.140870243Z E0612 12:13:31.140790       1 controller.go:1569] "Volume deletion failed" err="persistentvolume pvc-b57e291a-b2e2-4693-8467-14196107f6a2 is still attached to node hp-117-tink-system" PV="pvc-b57e291a-b2e2-4693-8467-14196107f6a2"
2026-06-12T12:13:31.140905225Z I0612 12:13:31.140868       1 controller.go:1021] "Retrying syncing volume" key="pvc-b57e291a-b2e2-4693-8467-14196107f6a2" failures=1
2026-06-12T12:13:31.140935035Z E0612 12:13:31.140904       1 controller.go:1039] "Unhandled Error" err="error syncing volume \"pvc-b57e291a-b2e2-4693-8467-14196107f6a2\": persistentvolume pvc-b57e291a-b2e2-4693-8467-14196107f6a2 is still attached to node hp-117-tink-system" logger="UnhandledError"
2026-06-12T12:13:31.140987960Z I0612 12:13:31.140937       1 event.go:389] "Event occurred" object="pvc-b57e291a-b2e2-4693-8467-14196107f6a2" fieldPath="" kind="PersistentVolume" apiVersion="v1" type="Warning" reason="VolumeFailedDelete" message="persistentvolume pvc-b57e291a-b2e2-4693-8467-14196107f6a2 is still attached to node hp-117-tink-system"
2026-06-12T12:13:31.248041527Z I0612 12:13:31.247939       1 controller.go:1317] volume pvc-b57e291a-b2e2-4693-8467-14196107f6a2 does not need any deletion secrets
2026-06-12T12:13:31.248065543Z E0612 12:13:31.247992       1 controller.go:1569] "Volume deletion failed" err="persistentvolume pvc-b57e291a-b2e2-4693-8467-14196107f6a2 is still attached to node hp-117-tink-system" PV="pvc-b57e291a-b2e2-4693-8467-14196107f6a2"
2026-06-12T12:13:31.248102715Z I0612 12:13:31.248063       1 controller.go:1021] "Retrying syncing volume" key="pvc-b57e291a-b2e2-4693-8467-14196107f6a2" failures=2
2026-06-12T12:13:31.248149838Z E0612 12:13:31.248097       1 controller.go:1039] "Unhandled Error" err="error syncing volume \"pvc-b57e291a-b2e2-4693-8467-14196107f6a2\": persistentvolume pvc-b57e291a-b2e2-4693-8467-14196107f6a2 is still attached to node hp-117-tink-system" logger="UnhandledError"
2026-06-12T12:13:31.248298233Z I0612 12:13:31.248171       1 event.go:389] "Event occurred" object="pvc-b57e291a-b2e2-4693-8467-14196107f6a2" fieldPath="" kind="PersistentVolume" apiVersion="v1" type="Warning" reason="VolumeFailedDelete" message="persistentvolume pvc-b57e291a-b2e2-4693-8467-14196107f6a2 is still attached to node hp-117-tink-system"
2026-06-12T12:13:33.141288934Z I0612 12:13:33.141106       1 controller.go:1317] volume pvc-b57e291a-b2e2-4693-8467-14196107f6a2 does not need any deletion secrets
2026-06-12T12:13:33.141319000Z E0612 12:13:33.141177       1 controller.go:1569] "Volume deletion failed" err="persistentvolume pvc-b57e291a-b2e2-4693-8467-14196107f6a2 is still attached to node hp-117-tink-system" PV="pvc-b57e291a-b2e2-4693-8467-14196107f6a2"
2026-06-12T12:13:33.141336086Z I0612 12:13:33.141257       1 controller.go:1021] "Retrying syncing volume" key="pvc-b57e291a-b2e2-4693-8467-14196107f6a2" failures=3
2026-06-12T12:13:33.141342551Z E0612 12:13:33.141298       1 controller.go:1039] "Unhandled Error" err="error syncing volume \"pvc-b57e291a-b2e2-4693-8467-14196107f6a2\": persistentvolume pvc-b57e291a-b2e2-4693-8467-14196107f6a2 is still attached to node hp-117-tink-system" logger="UnhandledError"
2026-06-12T12:13:33.141585183Z I0612 12:13:33.141339       1 event.go:389] "Event occurred" object="pvc-b57e291a-b2e2-4693-8467-14196107f6a2" fieldPath="" kind="PersistentVolume" apiVersion="v1" type="Warning" reason="VolumeFailedDelete" message="persistentvolume pvc-b57e291a-b2e2-4693-8467-14196107f6a2 is still attached to node hp-117-tink-system"
2026-06-12T12:13:36.519759303Z I0612 12:13:36.519652       1 event.go:389] "Event occurred" object="default/stopped-0649301298-vm-12h06m47s328335-06-12-disk-0" fieldPath="" kind="PersistentVolumeClaim" apiVersion="v1" type="Normal" reason="Provisioning" message="External provisioner is provisioning volume for claim \"default/stopped-0649301298-vm-12h06m47s328335-06-12-disk-0\""
2026-06-12T12:13:36.690239815Z I0612 12:13:36.690136       1 event.go:389] "Event occurred" object="default/vm-12h06m47s328335-06-12-disk-0" fieldPath="" kind="PersistentVolumeClaim" apiVersion="v1" type="Normal" reason="Provisioning" message="External provisioner is provisioning volume for claim \"default/vm-12h06m47s328335-06-12-disk-0\""
2026-06-12T12:13:38.547541180Z I0612 12:13:38.547468       1 controller.go:959] successfully created PV pvc-cc759be9-602f-4866-9bba-7f8f759df914 for PVC stopped-0649301298-vm-12h06m47s328335-06-12-disk-0 and csi volume name pvc-cc759be9-602f-4866-9bba-7f8f759df914
2026-06-12T12:13:38.560784590Z E0612 12:13:38.560606       1 controller.go:1058] "Unhandled Error" err="claim \"cc759be9-602f-4866-9bba-7f8f759df914\" in work queue no longer exists" logger="UnhandledError"
2026-06-12T12:13:38.581889377Z I0612 12:13:38.581767       1 controller.go:1317] volume pvc-cc759be9-602f-4866-9bba-7f8f759df914 does not need any deletion secrets
2026-06-12T12:13:38.823561999Z I0612 12:13:38.823429       1 controller.go:959] successfully created PV pvc-c85ec36e-b911-48e2-963d-3991bff0e636 for PVC vm-12h06m47s328335-06-12-disk-0 and csi volume name pvc-c85ec36e-b911-48e2-963d-3991bff0e636
2026-06-12T12:13:38.832571222Z I0612 12:13:38.832505       1 event.go:389] "Event occurred" object="default/vm-12h06m47s328335-06-12-disk-0" fieldPath="" kind="PersistentVolumeClaim" apiVersion="v1" type="Normal" reason="ProvisioningSucceeded" message="Successfully provisioned volume pvc-c85ec36e-b911-48e2-963d-3991bff0e636"
2026-06-12T12:13:41.141895189Z I0612 12:13:41.141769       1 controller.go:1317] volume pvc-b57e291a-b2e2-4693-8467-14196107f6a2 does not need any deletion secrets
2026-06-12T12:13:43.188332848Z I0612 12:13:43.188212       1 controller.go:1317] volume pvc-b57e291a-b2e2-4693-8467-14196107f6a2 does not need any deletion secrets
2026-06-12T12:13:43.191470198Z I0612 12:13:43.191393       1 controller.go:1580] "Failed to delete persistentvolume" PV="pvc-b57e291a-b2e2-4693-8467-14196107f6a2" err="persistentvolumes \"pvc-b57e291a-b2e2-4693-8467-14196107f6a2\" not found"
2026-06-12T12:13:43.191485524Z I0612 12:13:43.191421       1 controller.go:1021] "Retrying syncing volume" key="pvc-b57e291a-b2e2-4693-8467-14196107f6a2" failures=0
2026-06-12T12:13:43.191497700Z E0612 12:13:43.191455       1 controller.go:1039] "Unhandled Error" err="error syncing volume \"pvc-b57e291a-b2e2-4693-8467-14196107f6a2\": persistentvolumes \"pvc-b57e291a-b2e2-4693-8467-14196107f6a2\" not found" logger="UnhandledError"
2026-06-12T12:14:37.618913760Z I0612 12:14:37.618767       1 controller.go:1317] volume pvc-c85ec36e-b911-48e2-963d-3991bff0e636 does not need any deletion secrets
2026-06-12T12:14:37.618975728Z E0612 12:14:37.618834       1 controller.go:1569] "Volume deletion failed" err="persistentvolume pvc-c85ec36e-b911-48e2-963d-3991bff0e636 is still attached to node hp-69-tink-system" PV="pvc-c85ec36e-b911-48e2-963d-3991bff0e636"
2026-06-12T12:14:37.618995971Z I0612 12:14:37.618923       1 controller.go:1021] "Retrying syncing volume" key="pvc-c85ec36e-b911-48e2-963d-3991bff0e636" failures=0
2026-06-12T12:14:37.619020464Z E0612 12:14:37.618963       1 controller.go:1039] "Unhandled Error" err="error syncing volume \"pvc-c85ec36e-b911-48e2-963d-3991bff0e636\": persistentvolume pvc-c85ec36e-b911-48e2-963d-3991bff0e636 is still attached to node hp-69-tink-system" logger="UnhandledError"
2026-06-12T12:14:37.619071195Z I0612 12:14:37.619011       1 event.go:389] "Event occurred" object="pvc-c85ec36e-b911-48e2-963d-3991bff0e636" fieldPath="" kind="PersistentVolume" apiVersion="v1" type="Warning" reason="VolumeFailedDelete" message="persistentvolume pvc-c85ec36e-b911-48e2-963d-3991bff0e636 is still attached to node hp-69-tink-system"
2026-06-12T12:14:37.681166709Z I0612 12:14:37.681064       1 event.go:389] "Event occurred" object="default/vm-12h06m47s328335-06-12-disk-0" fieldPath="" kind="PersistentVolumeClaim" apiVersion="v1" type="Normal" reason="Provisioning" message="External provisioner is provisioning volume for claim \"default/vm-12h06m47s328335-06-12-disk-0\""
2026-06-12T12:14:38.620064344Z I0612 12:14:38.619939       1 controller.go:1317] volume pvc-c85ec36e-b911-48e2-963d-3991bff0e636 does not need any deletion secrets
2026-06-12T12:14:38.620084702Z E0612 12:14:38.619994       1 controller.go:1569] "Volume deletion failed" err="persistentvolume pvc-c85ec36e-b911-48e2-963d-3991bff0e636 is still attached to node hp-69-tink-system" PV="pvc-c85ec36e-b911-48e2-963d-3991bff0e636"
2026-06-12T12:14:38.620149816Z I0612 12:14:38.620090       1 controller.go:1021] "Retrying syncing volume" key="pvc-c85ec36e-b911-48e2-963d-3991bff0e636" failures=1
2026-06-12T12:14:38.620169105Z E0612 12:14:38.620125       1 controller.go:1039] "Unhandled Error" err="error syncing volume \"pvc-c85ec36e-b911-48e2-963d-3991bff0e636\": persistentvolume pvc-c85ec36e-b911-48e2-963d-3991bff0e636 is still attached to node hp-69-tink-system" logger="UnhandledError"
2026-06-12T12:14:38.620247466Z I0612 12:14:38.620196       1 event.go:389] "Event occurred" object="pvc-c85ec36e-b911-48e2-963d-3991bff0e636" fieldPath="" kind="PersistentVolume" apiVersion="v1" type="Warning" reason="VolumeFailedDelete" message="persistentvolume pvc-c85ec36e-b911-48e2-963d-3991bff0e636 is still attached to node hp-69-tink-system"
2026-06-12T12:14:39.808202351Z I0612 12:14:39.808103       1 controller.go:959] successfully created PV pvc-33899592-ee63-48a3-817d-5a7a44d0d6c9 for PVC vm-12h06m47s328335-06-12-disk-0 and csi volume name pvc-33899592-ee63-48a3-817d-5a7a44d0d6c9
2026-06-12T12:14:39.821972454Z I0612 12:14:39.821866       1 event.go:389] "Event occurred" object="default/vm-12h06m47s328335-06-12-disk-0" fieldPath="" kind="PersistentVolumeClaim" apiVersion="v1" type="Normal" reason="ProvisioningSucceeded" message="Successfully provisioned volume pvc-33899592-ee63-48a3-817d-5a7a44d0d6c9"
2026-06-12T12:14:40.620706501Z I0612 12:14:40.620595       1 controller.go:1317] volume pvc-c85ec36e-b911-48e2-963d-3991bff0e636 does not need any deletion secrets
2026-06-12T12:14:40.620725925Z E0612 12:14:40.620659       1 controller.go:1569] "Volume deletion failed" err="persistentvolume pvc-c85ec36e-b911-48e2-963d-3991bff0e636 is still attached to node hp-69-tink-system" PV="pvc-c85ec36e-b911-48e2-963d-3991bff0e636"
2026-06-12T12:14:40.620822967Z I0612 12:14:40.620776       1 controller.go:1021] "Retrying syncing volume" key="pvc-c85ec36e-b911-48e2-963d-3991bff0e636" failures=2
2026-06-12T12:14:40.620875519Z E0612 12:14:40.620832       1 controller.go:1039] "Unhandled Error" err="error syncing volume \"pvc-c85ec36e-b911-48e2-963d-3991bff0e636\": persistentvolume pvc-c85ec36e-b911-48e2-963d-3991bff0e636 is still attached to node hp-69-tink-system" logger="UnhandledError"
2026-06-12T12:14:40.620911172Z I0612 12:14:40.620837       1 event.go:389] "Event occurred" object="pvc-c85ec36e-b911-48e2-963d-3991bff0e636" fieldPath="" kind="PersistentVolume" apiVersion="v1" type="Warning" reason="VolumeFailedDelete" message="persistentvolume pvc-c85ec36e-b911-48e2-963d-3991bff0e636 is still attached to node hp-69-tink-system"
2026-06-12T12:14:44.621345681Z I0612 12:14:44.621173       1 controller.go:1317] volume pvc-c85ec36e-b911-48e2-963d-3991bff0e636 does not need any deletion secrets
2026-06-12T12:14:46.651765266Z I0612 12:14:46.651506       1 controller.go:1317] volume pvc-c85ec36e-b911-48e2-963d-3991bff0e636 does not need any deletion secrets
2026-06-12T12:14:46.654892893Z I0612 12:14:46.654808       1 controller.go:1580] "Failed to delete persistentvolume" PV="pvc-c85ec36e-b911-48e2-963d-3991bff0e636" err="persistentvolumes \"pvc-c85ec36e-b911-48e2-963d-3991bff0e636\" not found"
2026-06-12T12:14:46.654924107Z I0612 12:14:46.654835       1 controller.go:1021] "Retrying syncing volume" key="pvc-c85ec36e-b911-48e2-963d-3991bff0e636" failures=0
2026-06-12T12:14:46.654935931Z E0612 12:14:46.654877       1 controller.go:1039] "Unhandled Error" err="error syncing volume \"pvc-c85ec36e-b911-48e2-963d-3991bff0e636\": persistentvolumes \"pvc-c85ec36e-b911-48e2-963d-3991bff0e636\" not found" logger="UnhandledError"
2026-06-12T12:16:39.254517383Z I0612 12:16:39.254434       1 event.go:389] "Event occurred" object="default/stopped-0653200550-vm-12h06m47s328335-06-12-disk-0" fieldPath="" kind="PersistentVolumeClaim" apiVersion="v1" type="Normal" reason="Provisioning" message="External provisioner is provisioning volume for claim \"default/stopped-0653200550-vm-12h06m47s328335-06-12-disk-0\""
2026-06-12T12:16:39.291048776Z I0612 12:16:39.290956       1 controller.go:1317] volume pvc-33899592-ee63-48a3-817d-5a7a44d0d6c9 does not need any deletion secrets
2026-06-12T12:16:39.291079989Z E0612 12:16:39.291006       1 controller.go:1569] "Volume deletion failed" err="persistentvolume pvc-33899592-ee63-48a3-817d-5a7a44d0d6c9 is still attached to node hp-69-tink-system" PV="pvc-33899592-ee63-48a3-817d-5a7a44d0d6c9"
2026-06-12T12:16:39.291130923Z I0612 12:16:39.291082       1 controller.go:1021] "Retrying syncing volume" key="pvc-33899592-ee63-48a3-817d-5a7a44d0d6c9" failures=0
2026-06-12T12:16:39.291150974Z E0612 12:16:39.291125       1 controller.go:1039] "Unhandled Error" err="error syncing volume \"pvc-33899592-ee63-48a3-817d-5a7a44d0d6c9\": persistentvolume pvc-33899592-ee63-48a3-817d-5a7a44d0d6c9 is still attached to node hp-69-tink-system" logger="UnhandledError"
2026-06-12T12:16:39.291240586Z I0612 12:16:39.291154       1 event.go:389] "Event occurred" object="pvc-33899592-ee63-48a3-817d-5a7a44d0d6c9" fieldPath="" kind="PersistentVolume" apiVersion="v1" type="Warning" reason="VolumeFailedDelete" message="persistentvolume pvc-33899592-ee63-48a3-817d-5a7a44d0d6c9 is still attached to node hp-69-tink-system"
2026-06-12T12:16:40.291472472Z I0612 12:16:40.291295       1 controller.go:1317] volume pvc-33899592-ee63-48a3-817d-5a7a44d0d6c9 does not need any deletion secrets
2026-06-12T12:16:40.291495955Z E0612 12:16:40.291364       1 controller.go:1569] "Volume deletion failed" err="persistentvolume pvc-33899592-ee63-48a3-817d-5a7a44d0d6c9 is still attached to node hp-69-tink-system" PV="pvc-33899592-ee63-48a3-817d-5a7a44d0d6c9"
2026-06-12T12:16:40.291527688Z I0612 12:16:40.291442       1 controller.go:1021] "Retrying syncing volume" key="pvc-33899592-ee63-48a3-817d-5a7a44d0d6c9" failures=1
2026-06-12T12:16:40.291593964Z E0612 12:16:40.291473       1 controller.go:1039] "Unhandled Error" err="error syncing volume \"pvc-33899592-ee63-48a3-817d-5a7a44d0d6c9\": persistentvolume pvc-33899592-ee63-48a3-817d-5a7a44d0d6c9 is still attached to node hp-69-tink-system" logger="UnhandledError"
2026-06-12T12:16:40.291611455Z I0612 12:16:40.291545       1 event.go:389] "Event occurred" object="pvc-33899592-ee63-48a3-817d-5a7a44d0d6c9" fieldPath="" kind="PersistentVolume" apiVersion="v1" type="Warning" reason="VolumeFailedDelete" message="persistentvolume pvc-33899592-ee63-48a3-817d-5a7a44d0d6c9 is still attached to node hp-69-tink-system"
2026-06-12T12:16:41.386428237Z I0612 12:16:41.386261       1 controller.go:959] successfully created PV pvc-9c9119d2-4edb-4c8f-85a9-8a6df53a8b45 for PVC stopped-0653200550-vm-12h06m47s328335-06-12-disk-0 and csi volume name pvc-9c9119d2-4edb-4c8f-85a9-8a6df53a8b45
2026-06-12T12:16:41.398205457Z I0612 12:16:41.398107       1 event.go:389] "Event occurred" object="default/stopped-0653200550-vm-12h06m47s328335-06-12-disk-0" fieldPath="" kind="PersistentVolumeClaim" apiVersion="v1" type="Normal" reason="ProvisioningSucceeded" message="Successfully provisioned volume pvc-9c9119d2-4edb-4c8f-85a9-8a6df53a8b45"
2026-06-12T12:16:42.291884913Z I0612 12:16:42.291675       1 controller.go:1317] volume pvc-33899592-ee63-48a3-817d-5a7a44d0d6c9 does not need any deletion secrets
2026-06-12T12:16:42.291910233Z E0612 12:16:42.291723       1 controller.go:1569] "Volume deletion failed" err="persistentvolume pvc-33899592-ee63-48a3-817d-5a7a44d0d6c9 is still attached to node hp-69-tink-system" PV="pvc-33899592-ee63-48a3-817d-5a7a44d0d6c9"
2026-06-12T12:16:42.291929305Z I0612 12:16:42.291858       1 controller.go:1021] "Retrying syncing volume" key="pvc-33899592-ee63-48a3-817d-5a7a44d0d6c9" failures=2
2026-06-12T12:16:42.291982210Z E0612 12:16:42.291931       1 controller.go:1039] "Unhandled Error" err="error syncing volume \"pvc-33899592-ee63-48a3-817d-5a7a44d0d6c9\": persistentvolume pvc-33899592-ee63-48a3-817d-5a7a44d0d6c9 is still attached to node hp-69-tink-system" logger="UnhandledError"
2026-06-12T12:16:42.291991169Z I0612 12:16:42.291958       1 event.go:389] "Event occurred" object="pvc-33899592-ee63-48a3-817d-5a7a44d0d6c9" fieldPath="" kind="PersistentVolume" apiVersion="v1" type="Warning" reason="VolumeFailedDelete" message="persistentvolume pvc-33899592-ee63-48a3-817d-5a7a44d0d6c9 is still attached to node hp-69-tink-system"
2026-06-12T12:16:46.292936324Z I0612 12:16:46.292797       1 controller.go:1317] volume pvc-33899592-ee63-48a3-817d-5a7a44d0d6c9 does not need any deletion secrets
2026-06-12T12:16:48.331308607Z I0612 12:16:48.331105       1 controller.go:1317] volume pvc-33899592-ee63-48a3-817d-5a7a44d0d6c9 does not need any deletion secrets
2026-06-12T12:16:48.334414668Z I0612 12:16:48.334324       1 controller.go:1580] "Failed to delete persistentvolume" PV="pvc-33899592-ee63-48a3-817d-5a7a44d0d6c9" err="persistentvolumes \"pvc-33899592-ee63-48a3-817d-5a7a44d0d6c9\" not found"
2026-06-12T12:16:48.334431912Z I0612 12:16:48.334353       1 controller.go:1021] "Retrying syncing volume" key="pvc-33899592-ee63-48a3-817d-5a7a44d0d6c9" failures=0
2026-06-12T12:16:48.334448071Z E0612 12:16:48.334389       1 controller.go:1039] "Unhandled Error" err="error syncing volume \"pvc-33899592-ee63-48a3-817d-5a7a44d0d6c9\": persistentvolumes \"pvc-33899592-ee63-48a3-817d-5a7a44d0d6c9\" not found" logger="UnhandledError"
2026-06-12T12:34:04.667329086Z I0612 12:34:04.667227       1 event.go:389] "Event occurred" object="default/vm-12h06m47s328335-06-12-disk-0" fieldPath="" kind="PersistentVolumeClaim" apiVersion="v1" type="Normal" reason="Provisioning" message="External provisioner is provisioning volume for claim \"default/vm-12h06m47s328335-06-12-disk-0\""
2026-06-12T12:34:06.795710321Z I0612 12:34:06.795553       1 controller.go:959] successfully created PV pvc-0c160a4e-1e66-40db-bd34-a90a3d640b46 for PVC vm-12h06m47s328335-06-12-disk-0 and csi volume name pvc-0c160a4e-1e66-40db-bd34-a90a3d640b46
2026-06-12T12:34:06.813626043Z I0612 12:34:06.813497       1 event.go:389] "Event occurred" object="default/vm-12h06m47s328335-06-12-disk-0" fieldPath="" kind="PersistentVolumeClaim" apiVersion="v1" type="Normal" reason="ProvisioningSucceeded" message="Successfully provisioned volume pvc-0c160a4e-1e66-40db-bd34-a90a3d640b46"
2026-06-12T12:34:06.813691018Z I0612 12:34:06.813556       1 event.go:389] "Event occurred" object="default/vm-12h06m47s328335-06-12-disk-0" fieldPath="" kind="PersistentVolumeClaim" apiVersion="v1" type="Normal" reason="Provisioning" message="External provisioner is provisioning volume for claim \"default/vm-12h06m47s328335-06-12-disk-0\""
2026-06-12T12:34:06.817265088Z I0612 12:34:06.817198       1 controller.go:959] successfully created PV pvc-0c160a4e-1e66-40db-bd34-a90a3d640b46 for PVC vm-12h06m47s328335-06-12-disk-0 and csi volume name pvc-0c160a4e-1e66-40db-bd34-a90a3d640b46
2026-06-12T12:34:06.832058712Z I0612 12:34:06.831977       1 event.go:389] "Event occurred" object="default/vm-12h06m47s328335-06-12-disk-0" fieldPath="" kind="PersistentVolumeClaim" apiVersion="v1" type="Normal" reason="ProvisioningSucceeded" message="Successfully provisioned volume pvc-0c160a4e-1e66-40db-bd34-a90a3d640b46"
2026-06-12T12:35:52.149825550Z I0612 12:35:52.149720       1 controller.go:1317] volume pvc-0c160a4e-1e66-40db-bd34-a90a3d640b46 does not need any deletion secrets
2026-06-12T12:35:52.149851651Z E0612 12:35:52.149773       1 controller.go:1569] "Volume deletion failed" err="persistentvolume pvc-0c160a4e-1e66-40db-bd34-a90a3d640b46 is still attached to node hp-69-tink-system" PV="pvc-0c160a4e-1e66-40db-bd34-a90a3d640b46"
2026-06-12T12:35:52.149914392Z I0612 12:35:52.149845       1 controller.go:1021] "Retrying syncing volume" key="pvc-0c160a4e-1e66-40db-bd34-a90a3d640b46" failures=0
2026-06-12T12:35:52.149936601Z E0612 12:35:52.149881       1 controller.go:1039] "Unhandled Error" err="error syncing volume \"pvc-0c160a4e-1e66-40db-bd34-a90a3d640b46\": persistentvolume pvc-0c160a4e-1e66-40db-bd34-a90a3d640b46 is still attached to node hp-69-tink-system" logger="UnhandledError"
2026-06-12T12:35:52.149989635Z I0612 12:35:52.149934       1 event.go:389] "Event occurred" object="pvc-0c160a4e-1e66-40db-bd34-a90a3d640b46" fieldPath="" kind="PersistentVolume" apiVersion="v1" type="Warning" reason="VolumeFailedDelete" message="persistentvolume pvc-0c160a4e-1e66-40db-bd34-a90a3d640b46 is still attached to node hp-69-tink-system"
2026-06-12T12:35:52.184601713Z I0612 12:35:52.184486       1 event.go:389] "Event occurred" object="default/vm-12h06m47s328335-06-12-disk-0" fieldPath="" kind="PersistentVolumeClaim" apiVersion="v1" type="Normal" reason="Provisioning" message="External provisioner is provisioning volume for claim \"default/vm-12h06m47s328335-06-12-disk-0\""
2026-06-12T12:35:53.150918745Z I0612 12:35:53.150777       1 controller.go:1317] volume pvc-0c160a4e-1e66-40db-bd34-a90a3d640b46 does not need any deletion secrets
2026-06-12T12:35:53.150940134Z E0612 12:35:53.150830       1 controller.go:1569] "Volume deletion failed" err="persistentvolume pvc-0c160a4e-1e66-40db-bd34-a90a3d640b46 is still attached to node hp-69-tink-system" PV="pvc-0c160a4e-1e66-40db-bd34-a90a3d640b46"
2026-06-12T12:35:53.150963921Z I0612 12:35:53.150919       1 controller.go:1021] "Retrying syncing volume" key="pvc-0c160a4e-1e66-40db-bd34-a90a3d640b46" failures=1
2026-06-12T12:35:53.150973116Z E0612 12:35:53.150951       1 controller.go:1039] "Unhandled Error" err="error syncing volume \"pvc-0c160a4e-1e66-40db-bd34-a90a3d640b46\": persistentvolume pvc-0c160a4e-1e66-40db-bd34-a90a3d640b46 is still attached to node hp-69-tink-system" logger="UnhandledError"
2026-06-12T12:35:53.151052923Z I0612 12:35:53.151006       1 event.go:389] "Event occurred" object="pvc-0c160a4e-1e66-40db-bd34-a90a3d640b46" fieldPath="" kind="PersistentVolume" apiVersion="v1" type="Warning" reason="VolumeFailedDelete" message="persistentvolume pvc-0c160a4e-1e66-40db-bd34-a90a3d640b46 is still attached to node hp-69-tink-system"
2026-06-12T12:35:54.324418683Z I0612 12:35:54.324243       1 controller.go:959] successfully created PV pvc-b9efd6c1-8cbc-45d9-9b75-0000664eaae9 for PVC vm-12h06m47s328335-06-12-disk-0 and csi volume name pvc-b9efd6c1-8cbc-45d9-9b75-0000664eaae9
2026-06-12T12:35:54.331145420Z I0612 12:35:54.331038       1 event.go:389] "Event occurred" object="default/vm-12h06m47s328335-06-12-disk-0" fieldPath="" kind="PersistentVolumeClaim" apiVersion="v1" type="Normal" reason="ProvisioningSucceeded" message="Successfully provisioned volume pvc-b9efd6c1-8cbc-45d9-9b75-0000664eaae9"
2026-06-12T12:35:55.151204877Z I0612 12:35:55.151049       1 controller.go:1317] volume pvc-0c160a4e-1e66-40db-bd34-a90a3d640b46 does not need any deletion secrets
2026-06-12T12:35:55.151229354Z E0612 12:35:55.151100       1 controller.go:1569] "Volume deletion failed" err="persistentvolume pvc-0c160a4e-1e66-40db-bd34-a90a3d640b46 is still attached to node hp-69-tink-system" PV="pvc-0c160a4e-1e66-40db-bd34-a90a3d640b46"
2026-06-12T12:35:55.151259055Z I0612 12:35:55.151180       1 controller.go:1021] "Retrying syncing volume" key="pvc-0c160a4e-1e66-40db-bd34-a90a3d640b46" failures=2
2026-06-12T12:35:55.151262910Z E0612 12:35:55.151212       1 controller.go:1039] "Unhandled Error" err="error syncing volume \"pvc-0c160a4e-1e66-40db-bd34-a90a3d640b46\": persistentvolume pvc-0c160a4e-1e66-40db-bd34-a90a3d640b46 is still attached to node hp-69-tink-system" logger="UnhandledError"
2026-06-12T12:35:55.151385038Z I0612 12:35:55.151237       1 event.go:389] "Event occurred" object="pvc-0c160a4e-1e66-40db-bd34-a90a3d640b46" fieldPath="" kind="PersistentVolume" apiVersion="v1" type="Warning" reason="VolumeFailedDelete" message="persistentvolume pvc-0c160a4e-1e66-40db-bd34-a90a3d640b46 is still attached to node hp-69-tink-system"
2026-06-12T12:35:59.151933317Z I0612 12:35:59.151828       1 controller.go:1317] volume pvc-0c160a4e-1e66-40db-bd34-a90a3d640b46 does not need any deletion secrets
2026-06-12T12:37:39.613111078Z I0612 12:37:39.613007       1 controller.go:1317] volume pvc-b9efd6c1-8cbc-45d9-9b75-0000664eaae9 does not need any deletion secrets
2026-06-12T12:37:39.613166054Z E0612 12:37:39.613049       1 controller.go:1569] "Volume deletion failed" err="persistentvolume pvc-b9efd6c1-8cbc-45d9-9b75-0000664eaae9 is still attached to node hp-69-tink-system" PV="pvc-b9efd6c1-8cbc-45d9-9b75-0000664eaae9"
2026-06-12T12:37:39.613181314Z I0612 12:37:39.613119       1 controller.go:1021] "Retrying syncing volume" key="pvc-b9efd6c1-8cbc-45d9-9b75-0000664eaae9" failures=0
2026-06-12T12:37:39.613370212Z I0612 12:37:39.613253       1 event.go:389] "Event occurred" object="pvc-b9efd6c1-8cbc-45d9-9b75-0000664eaae9" fieldPath="" kind="PersistentVolume" apiVersion="v1" type="Warning" reason="VolumeFailedDelete" message="persistentvolume pvc-b9efd6c1-8cbc-45d9-9b75-0000664eaae9 is still attached to node hp-69-tink-system"
2026-06-12T12:37:39.613393928Z E0612 12:37:39.613328       1 controller.go:1039] "Unhandled Error" err="error syncing volume \"pvc-b9efd6c1-8cbc-45d9-9b75-0000664eaae9\": persistentvolume pvc-b9efd6c1-8cbc-45d9-9b75-0000664eaae9 is still attached to node hp-69-tink-system" logger="UnhandledError"
2026-06-12T12:37:40.613868072Z I0612 12:37:40.613717       1 controller.go:1317] volume pvc-b9efd6c1-8cbc-45d9-9b75-0000664eaae9 does not need any deletion secrets
2026-06-12T12:37:40.613893844Z E0612 12:37:40.613757       1 controller.go:1569] "Volume deletion failed" err="persistentvolume pvc-b9efd6c1-8cbc-45d9-9b75-0000664eaae9 is still attached to node hp-69-tink-system" PV="pvc-b9efd6c1-8cbc-45d9-9b75-0000664eaae9"
2026-06-12T12:37:40.613930752Z I0612 12:37:40.613839       1 controller.go:1021] "Retrying syncing volume" key="pvc-b9efd6c1-8cbc-45d9-9b75-0000664eaae9" failures=1
2026-06-12T12:37:40.613957339Z E0612 12:37:40.613866       1 controller.go:1039] "Unhandled Error" err="error syncing volume \"pvc-b9efd6c1-8cbc-45d9-9b75-0000664eaae9\": persistentvolume pvc-b9efd6c1-8cbc-45d9-9b75-0000664eaae9 is still attached to node hp-69-tink-system" logger="UnhandledError"
2026-06-12T12:37:40.613979601Z I0612 12:37:40.613897       1 event.go:389] "Event occurred" object="pvc-b9efd6c1-8cbc-45d9-9b75-0000664eaae9" fieldPath="" kind="PersistentVolume" apiVersion="v1" type="Warning" reason="VolumeFailedDelete" message="persistentvolume pvc-b9efd6c1-8cbc-45d9-9b75-0000664eaae9 is still attached to node hp-69-tink-system"
2026-06-12T12:37:42.615045814Z I0612 12:37:42.614900       1 controller.go:1317] volume pvc-b9efd6c1-8cbc-45d9-9b75-0000664eaae9 does not need any deletion secrets
2026-06-12T12:37:42.615073955Z E0612 12:37:42.614952       1 controller.go:1569] "Volume deletion failed" err="persistentvolume pvc-b9efd6c1-8cbc-45d9-9b75-0000664eaae9 is still attached to node hp-69-tink-system" PV="pvc-b9efd6c1-8cbc-45d9-9b75-0000664eaae9"
2026-06-12T12:37:42.615100788Z I0612 12:37:42.615031       1 controller.go:1021] "Retrying syncing volume" key="pvc-b9efd6c1-8cbc-45d9-9b75-0000664eaae9" failures=2
2026-06-12T12:37:42.615109014Z E0612 12:37:42.615063       1 controller.go:1039] "Unhandled Error" err="error syncing volume \"pvc-b9efd6c1-8cbc-45d9-9b75-0000664eaae9\": persistentvolume pvc-b9efd6c1-8cbc-45d9-9b75-0000664eaae9 is still attached to node hp-69-tink-system" logger="UnhandledError"
2026-06-12T12:37:42.615165394Z I0612 12:37:42.615092       1 event.go:389] "Event occurred" object="pvc-b9efd6c1-8cbc-45d9-9b75-0000664eaae9" fieldPath="" kind="PersistentVolume" apiVersion="v1" type="Warning" reason="VolumeFailedDelete" message="persistentvolume pvc-b9efd6c1-8cbc-45d9-9b75-0000664eaae9 is still attached to node hp-69-tink-system"
2026-06-12T12:37:46.615854062Z I0612 12:37:46.615722       1 controller.go:1317] volume pvc-b9efd6c1-8cbc-45d9-9b75-0000664eaae9 does not need any deletion secrets
2026-06-12T12:37:46.615882496Z E0612 12:37:46.615777       1 controller.go:1569] "Volume deletion failed" err="persistentvolume pvc-b9efd6c1-8cbc-45d9-9b75-0000664eaae9 is still attached to node hp-69-tink-system" PV="pvc-b9efd6c1-8cbc-45d9-9b75-0000664eaae9"
2026-06-12T12:37:46.615921394Z I0612 12:37:46.615831       1 controller.go:1021] "Retrying syncing volume" key="pvc-b9efd6c1-8cbc-45d9-9b75-0000664eaae9" failures=3
2026-06-12T12:37:46.615939201Z E0612 12:37:46.615862       1 controller.go:1039] "Unhandled Error" err="error syncing volume \"pvc-b9efd6c1-8cbc-45d9-9b75-0000664eaae9\": persistentvolume pvc-b9efd6c1-8cbc-45d9-9b75-0000664eaae9 is still attached to node hp-69-tink-system" logger="UnhandledError"
2026-06-12T12:37:46.615967195Z I0612 12:37:46.615919       1 event.go:389] "Event occurred" object="pvc-b9efd6c1-8cbc-45d9-9b75-0000664eaae9" fieldPath="" kind="PersistentVolume" apiVersion="v1" type="Warning" reason="VolumeFailedDelete" message="persistentvolume pvc-b9efd6c1-8cbc-45d9-9b75-0000664eaae9 is still attached to node hp-69-tink-system"
2026-06-12T12:37:48.745892981Z I0612 12:37:48.745784       1 event.go:389] "Event occurred" object="default/stopped-0602701205-vm-12h06m47s328335-06-12-disk-0" fieldPath="" kind="PersistentVolumeClaim" apiVersion="v1" type="Normal" reason="Provisioning" message="External provisioner is provisioning volume for claim \"default/stopped-0602701205-vm-12h06m47s328335-06-12-disk-0\""
2026-06-12T12:37:48.789393832Z I0612 12:37:48.789302       1 controller.go:1317] volume pvc-9c9119d2-4edb-4c8f-85a9-8a6df53a8b45 does not need any deletion secrets
2026-06-12T12:37:48.789419045Z E0612 12:37:48.789341       1 controller.go:1569] "Volume deletion failed" err="persistentvolume pvc-9c9119d2-4edb-4c8f-85a9-8a6df53a8b45 is still attached to node hp-69-tink-system" PV="pvc-9c9119d2-4edb-4c8f-85a9-8a6df53a8b45"
2026-06-12T12:37:48.789441266Z I0612 12:37:48.789383       1 controller.go:1021] "Retrying syncing volume" key="pvc-9c9119d2-4edb-4c8f-85a9-8a6df53a8b45" failures=0
2026-06-12T12:37:48.789451949Z E0612 12:37:48.789408       1 controller.go:1039] "Unhandled Error" err="error syncing volume \"pvc-9c9119d2-4edb-4c8f-85a9-8a6df53a8b45\": persistentvolume pvc-9c9119d2-4edb-4c8f-85a9-8a6df53a8b45 is still attached to node hp-69-tink-system" logger="UnhandledError"
2026-06-12T12:37:48.789506405Z I0612 12:37:48.789463       1 event.go:389] "Event occurred" object="pvc-9c9119d2-4edb-4c8f-85a9-8a6df53a8b45" fieldPath="" kind="PersistentVolume" apiVersion="v1" type="Warning" reason="VolumeFailedDelete" message="persistentvolume pvc-9c9119d2-4edb-4c8f-85a9-8a6df53a8b45 is still attached to node hp-69-tink-system"
2026-06-12T12:37:49.790530860Z I0612 12:37:49.790340       1 controller.go:1317] volume pvc-9c9119d2-4edb-4c8f-85a9-8a6df53a8b45 does not need any deletion secrets
2026-06-12T12:37:49.790563294Z E0612 12:37:49.790391       1 controller.go:1569] "Volume deletion failed" err="persistentvolume pvc-9c9119d2-4edb-4c8f-85a9-8a6df53a8b45 is still attached to node hp-69-tink-system" PV="pvc-9c9119d2-4edb-4c8f-85a9-8a6df53a8b45"
2026-06-12T12:37:49.790587812Z I0612 12:37:49.790445       1 controller.go:1021] "Retrying syncing volume" key="pvc-9c9119d2-4edb-4c8f-85a9-8a6df53a8b45" failures=1
2026-06-12T12:37:49.790602377Z E0612 12:37:49.790477       1 controller.go:1039] "Unhandled Error" err="error syncing volume \"pvc-9c9119d2-4edb-4c8f-85a9-8a6df53a8b45\": persistentvolume pvc-9c9119d2-4edb-4c8f-85a9-8a6df53a8b45 is still attached to node hp-69-tink-system" logger="UnhandledError"
2026-06-12T12:37:49.790652290Z I0612 12:37:49.790536       1 event.go:389] "Event occurred" object="pvc-9c9119d2-4edb-4c8f-85a9-8a6df53a8b45" fieldPath="" kind="PersistentVolume" apiVersion="v1" type="Warning" reason="VolumeFailedDelete" message="persistentvolume pvc-9c9119d2-4edb-4c8f-85a9-8a6df53a8b45 is still attached to node hp-69-tink-system"
2026-06-12T12:37:50.870288793Z I0612 12:37:50.870200       1 controller.go:959] successfully created PV pvc-d0c08cff-fb63-4c79-bab4-c349187165c5 for PVC stopped-0602701205-vm-12h06m47s328335-06-12-disk-0 and csi volume name pvc-d0c08cff-fb63-4c79-bab4-c349187165c5
2026-06-12T12:37:50.876335103Z I0612 12:37:50.876161       1 event.go:389] "Event occurred" object="default/stopped-0602701205-vm-12h06m47s328335-06-12-disk-0" fieldPath="" kind="PersistentVolumeClaim" apiVersion="v1" type="Normal" reason="ProvisioningSucceeded" message="Successfully provisioned volume pvc-d0c08cff-fb63-4c79-bab4-c349187165c5"
2026-06-12T12:37:50.876355448Z I0612 12:37:50.876199       1 event.go:389] "Event occurred" object="default/stopped-0602701205-vm-12h06m47s328335-06-12-disk-0" fieldPath="" kind="PersistentVolumeClaim" apiVersion="v1" type="Normal" reason="Provisioning" message="External provisioner is provisioning volume for claim \"default/stopped-0602701205-vm-12h06m47s328335-06-12-disk-0\""
2026-06-12T12:37:50.878800771Z I0612 12:37:50.878731       1 controller.go:959] successfully created PV pvc-d0c08cff-fb63-4c79-bab4-c349187165c5 for PVC stopped-0602701205-vm-12h06m47s328335-06-12-disk-0 and csi volume name pvc-d0c08cff-fb63-4c79-bab4-c349187165c5
2026-06-12T12:37:50.910075107Z I0612 12:37:50.909855       1 event.go:389] "Event occurred" object="default/stopped-0602701205-vm-12h06m47s328335-06-12-disk-0" fieldPath="" kind="PersistentVolumeClaim" apiVersion="v1" type="Normal" reason="ProvisioningSucceeded" message="Successfully provisioned volume pvc-d0c08cff-fb63-4c79-bab4-c349187165c5"
2026-06-12T12:37:51.790913329Z I0612 12:37:51.790788       1 controller.go:1317] volume pvc-9c9119d2-4edb-4c8f-85a9-8a6df53a8b45 does not need any deletion secrets
2026-06-12T12:37:51.790934671Z E0612 12:37:51.790832       1 controller.go:1569] "Volume deletion failed" err="persistentvolume pvc-9c9119d2-4edb-4c8f-85a9-8a6df53a8b45 is still attached to node hp-69-tink-system" PV="pvc-9c9119d2-4edb-4c8f-85a9-8a6df53a8b45"
2026-06-12T12:37:51.790947363Z I0612 12:37:51.790887       1 controller.go:1021] "Retrying syncing volume" key="pvc-9c9119d2-4edb-4c8f-85a9-8a6df53a8b45" failures=2
2026-06-12T12:37:51.790954921Z E0612 12:37:51.790916       1 controller.go:1039] "Unhandled Error" err="error syncing volume \"pvc-9c9119d2-4edb-4c8f-85a9-8a6df53a8b45\": persistentvolume pvc-9c9119d2-4edb-4c8f-85a9-8a6df53a8b45 is still attached to node hp-69-tink-system" logger="UnhandledError"
2026-06-12T12:37:51.791046233Z I0612 12:37:51.790972       1 event.go:389] "Event occurred" object="pvc-9c9119d2-4edb-4c8f-85a9-8a6df53a8b45" fieldPath="" kind="PersistentVolume" apiVersion="v1" type="Warning" reason="VolumeFailedDelete" message="persistentvolume pvc-9c9119d2-4edb-4c8f-85a9-8a6df53a8b45 is still attached to node hp-69-tink-system"
2026-06-12T12:37:54.616352956Z I0612 12:37:54.616198       1 controller.go:1317] volume pvc-b9efd6c1-8cbc-45d9-9b75-0000664eaae9 does not need any deletion secrets
2026-06-12T12:37:55.791673462Z I0612 12:37:55.791474       1 controller.go:1317] volume pvc-9c9119d2-4edb-4c8f-85a9-8a6df53a8b45 does not need any deletion secrets
2026-06-12T12:37:55.791722747Z E0612 12:37:55.791540       1 controller.go:1569] "Volume deletion failed" err="persistentvolume pvc-9c9119d2-4edb-4c8f-85a9-8a6df53a8b45 is still attached to node hp-69-tink-system" PV="pvc-9c9119d2-4edb-4c8f-85a9-8a6df53a8b45"
2026-06-12T12:37:55.791727570Z I0612 12:37:55.791599       1 controller.go:1021] "Retrying syncing volume" key="pvc-9c9119d2-4edb-4c8f-85a9-8a6df53a8b45" failures=3
2026-06-12T12:37:55.791742815Z E0612 12:37:55.791631       1 controller.go:1039] "Unhandled Error" err="error syncing volume \"pvc-9c9119d2-4edb-4c8f-85a9-8a6df53a8b45\": persistentvolume pvc-9c9119d2-4edb-4c8f-85a9-8a6df53a8b45 is still attached to node hp-69-tink-system" logger="UnhandledError"
2026-06-12T12:37:55.791747822Z I0612 12:37:55.791688       1 event.go:389] "Event occurred" object="pvc-9c9119d2-4edb-4c8f-85a9-8a6df53a8b45" fieldPath="" kind="PersistentVolume" apiVersion="v1" type="Warning" reason="VolumeFailedDelete" message="persistentvolume pvc-9c9119d2-4edb-4c8f-85a9-8a6df53a8b45 is still attached to node hp-69-tink-system"
2026-06-12T12:38:03.792408342Z I0612 12:38:03.792216       1 controller.go:1317] volume pvc-9c9119d2-4edb-4c8f-85a9-8a6df53a8b45 does not need any deletion secrets
2026-06-12T12:41:59.043055916Z I0612 12:41:59.042952       1 event.go:389] "Event occurred" object="default/cloned-stopped-0602701205-vm-12h06m47s328335-06-12-disk-0-24q6b" fieldPath="" kind="PersistentVolumeClaim" apiVersion="v1" type="Normal" reason="Provisioning" message="External provisioner is provisioning volume for claim \"default/cloned-stopped-0602701205-vm-12h06m47s328335-06-12-disk-0-24q6b\""
2026-06-12T12:42:01.194416750Z I0612 12:42:01.194331       1 controller.go:959] successfully created PV pvc-bd88cec8-58e3-425b-8eaf-5ca0b2b6292b for PVC cloned-stopped-0602701205-vm-12h06m47s328335-06-12-disk-0-24q6b and csi volume name pvc-bd88cec8-58e3-425b-8eaf-5ca0b2b6292b
2026-06-12T12:42:01.203611778Z I0612 12:42:01.203522       1 event.go:389] "Event occurred" object="default/cloned-stopped-0602701205-vm-12h06m47s328335-06-12-disk-0-24q6b" fieldPath="" kind="PersistentVolumeClaim" apiVersion="v1" type="Normal" reason="ProvisioningSucceeded" message="Successfully provisioned volume pvc-bd88cec8-58e3-425b-8eaf-5ca0b2b6292b"
2026-06-12T12:43:54.549977214Z I0612 12:43:54.549874       1 controller.go:1317] volume pvc-bd88cec8-58e3-425b-8eaf-5ca0b2b6292b does not need any deletion secrets
2026-06-12T12:43:54.550004703Z E0612 12:43:54.549915       1 controller.go:1569] "Volume deletion failed" err="persistentvolume pvc-bd88cec8-58e3-425b-8eaf-5ca0b2b6292b is still attached to node hp-69-tink-system" PV="pvc-bd88cec8-58e3-425b-8eaf-5ca0b2b6292b"
2026-06-12T12:43:54.550020766Z I0612 12:43:54.549955       1 controller.go:1021] "Retrying syncing volume" key="pvc-bd88cec8-58e3-425b-8eaf-5ca0b2b6292b" failures=0
2026-06-12T12:43:54.550026232Z E0612 12:43:54.549988       1 controller.go:1039] "Unhandled Error" err="error syncing volume \"pvc-bd88cec8-58e3-425b-8eaf-5ca0b2b6292b\": persistentvolume pvc-bd88cec8-58e3-425b-8eaf-5ca0b2b6292b is still attached to node hp-69-tink-system" logger="UnhandledError"
2026-06-12T12:43:54.550114428Z I0612 12:43:54.550043       1 event.go:389] "Event occurred" object="pvc-bd88cec8-58e3-425b-8eaf-5ca0b2b6292b" fieldPath="" kind="PersistentVolume" apiVersion="v1" type="Warning" reason="VolumeFailedDelete" message="persistentvolume pvc-bd88cec8-58e3-425b-8eaf-5ca0b2b6292b is still attached to node hp-69-tink-system"
2026-06-12T12:43:55.550421674Z I0612 12:43:55.550208       1 controller.go:1317] volume pvc-bd88cec8-58e3-425b-8eaf-5ca0b2b6292b does not need any deletion secrets
2026-06-12T12:43:55.550460416Z E0612 12:43:55.550273       1 controller.go:1569] "Volume deletion failed" err="persistentvolume pvc-bd88cec8-58e3-425b-8eaf-5ca0b2b6292b is still attached to node hp-69-tink-system" PV="pvc-bd88cec8-58e3-425b-8eaf-5ca0b2b6292b"
2026-06-12T12:43:55.550484163Z I0612 12:43:55.550342       1 controller.go:1021] "Retrying syncing volume" key="pvc-bd88cec8-58e3-425b-8eaf-5ca0b2b6292b" failures=1
2026-06-12T12:43:55.550501801Z E0612 12:43:55.550390       1 controller.go:1039] "Unhandled Error" err="error syncing volume \"pvc-bd88cec8-58e3-425b-8eaf-5ca0b2b6292b\": persistentvolume pvc-bd88cec8-58e3-425b-8eaf-5ca0b2b6292b is still attached to node hp-69-tink-system" logger="UnhandledError"
2026-06-12T12:43:55.550507249Z I0612 12:43:55.550420       1 event.go:389] "Event occurred" object="pvc-bd88cec8-58e3-425b-8eaf-5ca0b2b6292b" fieldPath="" kind="PersistentVolume" apiVersion="v1" type="Warning" reason="VolumeFailedDelete" message="persistentvolume pvc-bd88cec8-58e3-425b-8eaf-5ca0b2b6292b is still attached to node hp-69-tink-system"
2026-06-12T12:43:57.551583130Z I0612 12:43:57.551407       1 controller.go:1317] volume pvc-bd88cec8-58e3-425b-8eaf-5ca0b2b6292b does not need any deletion secrets
2026-06-12T12:43:59.584605617Z I0612 12:43:59.584430       1 controller.go:1317] volume pvc-bd88cec8-58e3-425b-8eaf-5ca0b2b6292b does not need any deletion secrets
2026-06-12T12:43:59.587895511Z I0612 12:43:59.587792       1 controller.go:1580] "Failed to delete persistentvolume" PV="pvc-bd88cec8-58e3-425b-8eaf-5ca0b2b6292b" err="persistentvolumes \"pvc-bd88cec8-58e3-425b-8eaf-5ca0b2b6292b\" not found"
2026-06-12T12:43:59.587915243Z I0612 12:43:59.587824       1 controller.go:1021] "Retrying syncing volume" key="pvc-bd88cec8-58e3-425b-8eaf-5ca0b2b6292b" failures=0
2026-06-12T12:43:59.587930382Z E0612 12:43:59.587857       1 controller.go:1039] "Unhandled Error" err="error syncing volume \"pvc-bd88cec8-58e3-425b-8eaf-5ca0b2b6292b\": persistentvolumes \"pvc-bd88cec8-58e3-425b-8eaf-5ca0b2b6292b\" not found" logger="UnhandledError"
2026-06-12T12:44:12.435067688Z I0612 12:44:12.434903       1 event.go:389] "Event occurred" object="default/cloned-stopped-0602701205-vm-12h06m47s328335-06-12-disk-0-fx8w9" fieldPath="" kind="PersistentVolumeClaim" apiVersion="v1" type="Normal" reason="Provisioning" message="External provisioner is provisioning volume for claim \"default/cloned-stopped-0602701205-vm-12h06m47s328335-06-12-disk-0-fx8w9\""
2026-06-12T12:44:14.579856817Z I0612 12:44:14.579762       1 controller.go:959] successfully created PV pvc-0ce7c86a-e2cb-4fbe-8c04-5e8598f37e88 for PVC cloned-stopped-0602701205-vm-12h06m47s328335-06-12-disk-0-fx8w9 and csi volume name pvc-0ce7c86a-e2cb-4fbe-8c04-5e8598f37e88
2026-06-12T12:44:14.593466426Z I0612 12:44:14.593372       1 event.go:389] "Event occurred" object="default/cloned-stopped-0602701205-vm-12h06m47s328335-06-12-disk-0-fx8w9" fieldPath="" kind="PersistentVolumeClaim" apiVersion="v1" type="Normal" reason="ProvisioningSucceeded" message="Successfully provisioned volume pvc-0ce7c86a-e2cb-4fbe-8c04-5e8598f37e88"
2026-06-12T12:46:09.268135592Z I0612 12:46:09.268011       1 event.go:389] "Event occurred" object="default/configured-0623223509-vm-12h06m47s328335-06-12-disk-0" fieldPath="" kind="PersistentVolumeClaim" apiVersion="v1" type="Normal" reason="Provisioning" message="External provisioner is provisioning volume for claim \"default/configured-0623223509-vm-12h06m47s328335-06-12-disk-0\""
2026-06-12T12:46:09.364488190Z I0612 12:46:09.364399       1 controller.go:1317] volume pvc-0ce7c86a-e2cb-4fbe-8c04-5e8598f37e88 does not need any deletion secrets
2026-06-12T12:46:09.364504961Z E0612 12:46:09.364439       1 controller.go:1569] "Volume deletion failed" err="persistentvolume pvc-0ce7c86a-e2cb-4fbe-8c04-5e8598f37e88 is still attached to node hp-69-tink-system" PV="pvc-0ce7c86a-e2cb-4fbe-8c04-5e8598f37e88"
2026-06-12T12:46:09.365414358Z I0612 12:46:09.365295       1 controller.go:1021] "Retrying syncing volume" key="pvc-0ce7c86a-e2cb-4fbe-8c04-5e8598f37e88" failures=0
2026-06-12T12:46:09.365443732Z E0612 12:46:09.365344       1 controller.go:1039] "Unhandled Error" err="error syncing volume \"pvc-0ce7c86a-e2cb-4fbe-8c04-5e8598f37e88\": persistentvolume pvc-0ce7c86a-e2cb-4fbe-8c04-5e8598f37e88 is still attached to node hp-69-tink-system" logger="UnhandledError"
2026-06-12T12:46:09.365458968Z I0612 12:46:09.365382       1 event.go:389] "Event occurred" object="pvc-0ce7c86a-e2cb-4fbe-8c04-5e8598f37e88" fieldPath="" kind="PersistentVolume" apiVersion="v1" type="Warning" reason="VolumeFailedDelete" message="persistentvolume pvc-0ce7c86a-e2cb-4fbe-8c04-5e8598f37e88 is still attached to node hp-69-tink-system"
2026-06-12T12:46:10.365854564Z I0612 12:46:10.365719       1 controller.go:1317] volume pvc-0ce7c86a-e2cb-4fbe-8c04-5e8598f37e88 does not need any deletion secrets
2026-06-12T12:46:11.408262792Z I0612 12:46:11.408138       1 controller.go:959] successfully created PV pvc-609d4242-ae34-4c7a-bb9a-f35e64352f49 for PVC configured-0623223509-vm-12h06m47s328335-06-12-disk-0 and csi volume name pvc-609d4242-ae34-4c7a-bb9a-f35e64352f49
2026-06-12T12:46:11.418097061Z I0612 12:46:11.417957       1 event.go:389] "Event occurred" object="default/configured-0623223509-vm-12h06m47s328335-06-12-disk-0" fieldPath="" kind="PersistentVolumeClaim" apiVersion="v1" type="Normal" reason="ProvisioningSucceeded" message="Successfully provisioned volume pvc-609d4242-ae34-4c7a-bb9a-f35e64352f49"
2026-06-12T12:46:11.418116067Z I0612 12:46:11.417983       1 event.go:389] "Event occurred" object="default/configured-0623223509-vm-12h06m47s328335-06-12-disk-0" fieldPath="" kind="PersistentVolumeClaim" apiVersion="v1" type="Normal" reason="Provisioning" message="External provisioner is provisioning volume for claim \"default/configured-0623223509-vm-12h06m47s328335-06-12-disk-0\""
2026-06-12T12:46:11.421944768Z I0612 12:46:11.421815       1 controller.go:959] successfully created PV pvc-609d4242-ae34-4c7a-bb9a-f35e64352f49 for PVC configured-0623223509-vm-12h06m47s328335-06-12-disk-0 and csi volume name pvc-609d4242-ae34-4c7a-bb9a-f35e64352f49
2026-06-12T12:46:11.435208558Z I0612 12:46:11.435131       1 event.go:389] "Event occurred" object="default/configured-0623223509-vm-12h06m47s328335-06-12-disk-0" fieldPath="" kind="PersistentVolumeClaim" apiVersion="v1" type="Normal" reason="ProvisioningSucceeded" message="Successfully provisioned volume pvc-609d4242-ae34-4c7a-bb9a-f35e64352f49"
2026-06-12T12:46:33.590507104Z I0612 12:46:33.590399       1 event.go:389] "Event occurred" object="default/cloned-configured-0623223509-vm-12h06m47s328335-06-12-disk467ww" fieldPath="" kind="PersistentVolumeClaim" apiVersion="v1" type="Normal" reason="Provisioning" message="External provisioner is provisioning volume for claim \"default/cloned-configured-0623223509-vm-12h06m47s328335-06-12-disk467ww\""
2026-06-12T12:46:35.751854003Z I0612 12:46:35.751756       1 controller.go:959] successfully created PV pvc-ec63ea6e-08ca-4b52-8646-b05bcdf9834f for PVC cloned-configured-0623223509-vm-12h06m47s328335-06-12-disk467ww and csi volume name pvc-ec63ea6e-08ca-4b52-8646-b05bcdf9834f
2026-06-12T12:46:35.760904741Z I0612 12:46:35.760790       1 event.go:389] "Event occurred" object="default/cloned-configured-0623223509-vm-12h06m47s328335-06-12-disk467ww" fieldPath="" kind="PersistentVolumeClaim" apiVersion="v1" type="Normal" reason="ProvisioningSucceeded" message="Successfully provisioned volume pvc-ec63ea6e-08ca-4b52-8646-b05bcdf9834f"
2026-06-12T12:48:50.240349866Z I0612 12:48:50.240256       1 controller.go:1317] volume pvc-ec63ea6e-08ca-4b52-8646-b05bcdf9834f does not need any deletion secrets
2026-06-12T12:48:50.240377153Z E0612 12:48:50.240300       1 controller.go:1569] "Volume deletion failed" err="persistentvolume pvc-ec63ea6e-08ca-4b52-8646-b05bcdf9834f is still attached to node hp-69-tink-system" PV="pvc-ec63ea6e-08ca-4b52-8646-b05bcdf9834f"
2026-06-12T12:48:50.240410689Z I0612 12:48:50.240359       1 controller.go:1021] "Retrying syncing volume" key="pvc-ec63ea6e-08ca-4b52-8646-b05bcdf9834f" failures=0
2026-06-12T12:48:50.240450419Z E0612 12:48:50.240390       1 controller.go:1039] "Unhandled Error" err="error syncing volume \"pvc-ec63ea6e-08ca-4b52-8646-b05bcdf9834f\": persistentvolume pvc-ec63ea6e-08ca-4b52-8646-b05bcdf9834f is still attached to node hp-69-tink-system" logger="UnhandledError"
2026-06-12T12:48:50.240534768Z I0612 12:48:50.240452       1 event.go:389] "Event occurred" object="pvc-ec63ea6e-08ca-4b52-8646-b05bcdf9834f" fieldPath="" kind="PersistentVolume" apiVersion="v1" type="Warning" reason="VolumeFailedDelete" message="persistentvolume pvc-ec63ea6e-08ca-4b52-8646-b05bcdf9834f is still attached to node hp-69-tink-system"
2026-06-12T12:48:51.241226238Z I0612 12:48:51.241038       1 controller.go:1317] volume pvc-ec63ea6e-08ca-4b52-8646-b05bcdf9834f does not need any deletion secrets
2026-06-12T12:48:51.241252985Z E0612 12:48:51.241093       1 controller.go:1569] "Volume deletion failed" err="persistentvolume pvc-ec63ea6e-08ca-4b52-8646-b05bcdf9834f is still attached to node hp-69-tink-system" PV="pvc-ec63ea6e-08ca-4b52-8646-b05bcdf9834f"
2026-06-12T12:48:51.241258101Z I0612 12:48:51.241149       1 controller.go:1021] "Retrying syncing volume" key="pvc-ec63ea6e-08ca-4b52-8646-b05bcdf9834f" failures=1
2026-06-12T12:48:51.241275702Z E0612 12:48:51.241189       1 controller.go:1039] "Unhandled Error" err="error syncing volume \"pvc-ec63ea6e-08ca-4b52-8646-b05bcdf9834f\": persistentvolume pvc-ec63ea6e-08ca-4b52-8646-b05bcdf9834f is still attached to node hp-69-tink-system" logger="UnhandledError"
2026-06-12T12:48:51.241453184Z I0612 12:48:51.241260       1 event.go:389] "Event occurred" object="pvc-ec63ea6e-08ca-4b52-8646-b05bcdf9834f" fieldPath="" kind="PersistentVolume" apiVersion="v1" type="Warning" reason="VolumeFailedDelete" message="persistentvolume pvc-ec63ea6e-08ca-4b52-8646-b05bcdf9834f is still attached to node hp-69-tink-system"
2026-06-12T12:48:53.241827321Z I0612 12:48:53.241634       1 controller.go:1317] volume pvc-ec63ea6e-08ca-4b52-8646-b05bcdf9834f does not need any deletion secrets
2026-06-12T12:49:14.060662442Z I0612 12:49:14.060533       1 event.go:389] "Event occurred" object="default/cloned-configured-0623223509-vm-12h06m47s328335-06-12-diskrnwvq" fieldPath="" kind="PersistentVolumeClaim" apiVersion="v1" type="Normal" reason="Provisioning" message="External provisioner is provisioning volume for claim \"default/cloned-configured-0623223509-vm-12h06m47s328335-06-12-diskrnwvq\""
2026-06-12T12:49:16.190129366Z I0612 12:49:16.190040       1 controller.go:959] successfully created PV pvc-0d7f0832-1468-4b03-888e-b11dc2d83016 for PVC cloned-configured-0623223509-vm-12h06m47s328335-06-12-diskrnwvq and csi volume name pvc-0d7f0832-1468-4b03-888e-b11dc2d83016
2026-06-12T12:49:16.195592520Z I0612 12:49:16.195485       1 event.go:389] "Event occurred" object="default/cloned-configured-0623223509-vm-12h06m47s328335-06-12-diskrnwvq" fieldPath="" kind="PersistentVolumeClaim" apiVersion="v1" type="Normal" reason="ProvisioningSucceeded" message="Successfully provisioned volume pvc-0d7f0832-1468-4b03-888e-b11dc2d83016"
2026-06-12T12:49:28.800989603Z I0612 12:49:28.800887       1 controller.go:1317] volume pvc-0d7f0832-1468-4b03-888e-b11dc2d83016 does not need any deletion secrets
2026-06-12T12:49:30.852636944Z I0612 12:49:30.852467       1 controller.go:1317] volume pvc-0d7f0832-1468-4b03-888e-b11dc2d83016 does not need any deletion secrets
2026-06-12T12:49:30.855520097Z I0612 12:49:30.855382       1 controller.go:1580] "Failed to delete persistentvolume" PV="pvc-0d7f0832-1468-4b03-888e-b11dc2d83016" err="persistentvolumes \"pvc-0d7f0832-1468-4b03-888e-b11dc2d83016\" not found"
2026-06-12T12:49:30.855539610Z I0612 12:49:30.855415       1 controller.go:1021] "Retrying syncing volume" key="pvc-0d7f0832-1468-4b03-888e-b11dc2d83016" failures=0
2026-06-12T12:49:30.855544440Z E0612 12:49:30.855446       1 controller.go:1039] "Unhandled Error" err="error syncing volume \"pvc-0d7f0832-1468-4b03-888e-b11dc2d83016\": persistentvolumes \"pvc-0d7f0832-1468-4b03-888e-b11dc2d83016\" not found" logger="UnhandledError"
2026-06-12T12:49:31.949492361Z I0612 12:49:31.949382       1 controller.go:1317] volume pvc-609d4242-ae34-4c7a-bb9a-f35e64352f49 does not need any deletion secrets
2026-06-12T12:49:31.992901169Z I0612 12:49:31.992789       1 event.go:389] "Event occurred" object="default/stopped-0645945771-vm-12h06m47s328335-06-12-disk-0" fieldPath="" kind="PersistentVolumeClaim" apiVersion="v1" type="Normal" reason="Provisioning" message="External provisioner is provisioning volume for claim \"default/stopped-0645945771-vm-12h06m47s328335-06-12-disk-0\""
2026-06-12T12:49:32.128993197Z I0612 12:49:32.128865       1 controller.go:1317] volume pvc-d0c08cff-fb63-4c79-bab4-c349187165c5 does not need any deletion secrets
2026-06-12T12:49:33.997629627Z I0612 12:49:33.997433       1 controller.go:1317] volume pvc-609d4242-ae34-4c7a-bb9a-f35e64352f49 does not need any deletion secrets
2026-06-12T12:49:34.000610435Z I0612 12:49:34.000506       1 controller.go:1580] "Failed to delete persistentvolume" PV="pvc-609d4242-ae34-4c7a-bb9a-f35e64352f49" err="persistentvolumes \"pvc-609d4242-ae34-4c7a-bb9a-f35e64352f49\" not found"
2026-06-12T12:49:34.000628541Z I0612 12:49:34.000533       1 controller.go:1021] "Retrying syncing volume" key="pvc-609d4242-ae34-4c7a-bb9a-f35e64352f49" failures=0
2026-06-12T12:49:34.000633900Z E0612 12:49:34.000566       1 controller.go:1039] "Unhandled Error" err="error syncing volume \"pvc-609d4242-ae34-4c7a-bb9a-f35e64352f49\": persistentvolumes \"pvc-609d4242-ae34-4c7a-bb9a-f35e64352f49\" not found" logger="UnhandledError"
2026-06-12T12:49:34.120273935Z I0612 12:49:34.120158       1 controller.go:959] successfully created PV pvc-3957d638-2c62-46b4-9f49-3b2a099fdf47 for PVC stopped-0645945771-vm-12h06m47s328335-06-12-disk-0 and csi volume name pvc-3957d638-2c62-46b4-9f49-3b2a099fdf47
2026-06-12T12:49:34.133296410Z I0612 12:49:34.133156       1 event.go:389] "Event occurred" object="default/stopped-0645945771-vm-12h06m47s328335-06-12-disk-0" fieldPath="" kind="PersistentVolumeClaim" apiVersion="v1" type="Normal" reason="ProvisioningSucceeded" message="Successfully provisioned volume pvc-3957d638-2c62-46b4-9f49-3b2a099fdf47"
2026-06-12T12:49:44.054891762Z I0612 12:49:44.054793       1 event.go:389] "Event occurred" object="default/stopped-0645945771-vm-12h06m47s328335-06-12-disk-1" fieldPath="" kind="PersistentVolumeClaim" apiVersion="v1" type="Normal" reason="Provisioning" message="External provisioner is provisioning volume for claim \"default/stopped-0645945771-vm-12h06m47s328335-06-12-disk-1\""
2026-06-12T12:49:44.056733948Z I0612 12:49:44.056667       1 event.go:389] "Event occurred" object="default/stopped-0645945771-vm-12h06m47s328335-06-12-disk-2" fieldPath="" kind="PersistentVolumeClaim" apiVersion="v1" type="Normal" reason="Provisioning" message="External provisioner is provisioning volume for claim \"default/stopped-0645945771-vm-12h06m47s328335-06-12-disk-2\""
2026-06-12T12:49:46.179895808Z I0612 12:49:46.179799       1 controller.go:959] successfully created PV pvc-2a9b23e9-61e7-4dc7-890f-e09105e0e625 for PVC stopped-0645945771-vm-12h06m47s328335-06-12-disk-1 and csi volume name pvc-2a9b23e9-61e7-4dc7-890f-e09105e0e625
2026-06-12T12:49:46.185448572Z I0612 12:49:46.185371       1 controller.go:959] successfully created PV pvc-fc5fa203-4f62-4be3-b4ee-42c1c282d2b5 for PVC stopped-0645945771-vm-12h06m47s328335-06-12-disk-2 and csi volume name pvc-fc5fa203-4f62-4be3-b4ee-42c1c282d2b5
2026-06-12T12:49:46.193278742Z I0612 12:49:46.193163       1 event.go:389] "Event occurred" object="default/stopped-0645945771-vm-12h06m47s328335-06-12-disk-1" fieldPath="" kind="PersistentVolumeClaim" apiVersion="v1" type="Normal" reason="ProvisioningSucceeded" message="Successfully provisioned volume pvc-2a9b23e9-61e7-4dc7-890f-e09105e0e625"
2026-06-12T12:49:46.199398265Z I0612 12:49:46.199193       1 event.go:389] "Event occurred" object="default/stopped-0645945771-vm-12h06m47s328335-06-12-disk-2" fieldPath="" kind="PersistentVolumeClaim" apiVersion="v1" type="Normal" reason="ProvisioningSucceeded" message="Successfully provisioned volume pvc-fc5fa203-4f62-4be3-b4ee-42c1c282d2b5"
2026-06-12T12:54:02.453639213Z I0612 12:54:02.453456       1 controller.go:1317] volume pvc-2a9b23e9-61e7-4dc7-890f-e09105e0e625 does not need any deletion secrets
2026-06-12T12:54:02.453733793Z E0612 12:54:02.453500       1 controller.go:1569] "Volume deletion failed" err="persistentvolume pvc-2a9b23e9-61e7-4dc7-890f-e09105e0e625 is still attached to node hp-69-tink-system" PV="pvc-2a9b23e9-61e7-4dc7-890f-e09105e0e625"
2026-06-12T12:54:02.453739604Z I0612 12:54:02.453563       1 controller.go:1021] "Retrying syncing volume" key="pvc-2a9b23e9-61e7-4dc7-890f-e09105e0e625" failures=0
2026-06-12T12:54:02.453755793Z E0612 12:54:02.453596       1 controller.go:1039] "Unhandled Error" err="error syncing volume \"pvc-2a9b23e9-61e7-4dc7-890f-e09105e0e625\": persistentvolume pvc-2a9b23e9-61e7-4dc7-890f-e09105e0e625 is still attached to node hp-69-tink-system" logger="UnhandledError"
2026-06-12T12:54:02.453761480Z I0612 12:54:02.453635       1 event.go:389] "Event occurred" object="pvc-2a9b23e9-61e7-4dc7-890f-e09105e0e625" fieldPath="" kind="PersistentVolume" apiVersion="v1" type="Warning" reason="VolumeFailedDelete" message="persistentvolume pvc-2a9b23e9-61e7-4dc7-890f-e09105e0e625 is still attached to node hp-69-tink-system"
2026-06-12T12:54:02.473796927Z I0612 12:54:02.473692       1 controller.go:1317] volume pvc-fc5fa203-4f62-4be3-b4ee-42c1c282d2b5 does not need any deletion secrets
2026-06-12T12:54:02.473816827Z E0612 12:54:02.473728       1 controller.go:1569] "Volume deletion failed" err="persistentvolume pvc-fc5fa203-4f62-4be3-b4ee-42c1c282d2b5 is still attached to node hp-69-tink-system" PV="pvc-fc5fa203-4f62-4be3-b4ee-42c1c282d2b5"
2026-06-12T12:54:02.473866214Z I0612 12:54:02.473815       1 controller.go:1021] "Retrying syncing volume" key="pvc-fc5fa203-4f62-4be3-b4ee-42c1c282d2b5" failures=0
2026-06-12T12:54:02.473898884Z E0612 12:54:02.473842       1 controller.go:1039] "Unhandled Error" err="error syncing volume \"pvc-fc5fa203-4f62-4be3-b4ee-42c1c282d2b5\": persistentvolume pvc-fc5fa203-4f62-4be3-b4ee-42c1c282d2b5 is still attached to node hp-69-tink-system" logger="UnhandledError"
2026-06-12T12:54:02.473935139Z I0612 12:54:02.473879       1 event.go:389] "Event occurred" object="pvc-fc5fa203-4f62-4be3-b4ee-42c1c282d2b5" fieldPath="" kind="PersistentVolume" apiVersion="v1" type="Warning" reason="VolumeFailedDelete" message="persistentvolume pvc-fc5fa203-4f62-4be3-b4ee-42c1c282d2b5 is still attached to node hp-69-tink-system"
2026-06-12T12:54:03.453886430Z I0612 12:54:03.453734       1 controller.go:1317] volume pvc-2a9b23e9-61e7-4dc7-890f-e09105e0e625 does not need any deletion secrets
2026-06-12T12:54:03.453914466Z E0612 12:54:03.453780       1 controller.go:1569] "Volume deletion failed" err="persistentvolume pvc-2a9b23e9-61e7-4dc7-890f-e09105e0e625 is still attached to node hp-69-tink-system" PV="pvc-2a9b23e9-61e7-4dc7-890f-e09105e0e625"
2026-06-12T12:54:03.453927192Z I0612 12:54:03.453845       1 controller.go:1021] "Retrying syncing volume" key="pvc-2a9b23e9-61e7-4dc7-890f-e09105e0e625" failures=1
2026-06-12T12:54:03.453937408Z E0612 12:54:03.453874       1 controller.go:1039] "Unhandled Error" err="error syncing volume \"pvc-2a9b23e9-61e7-4dc7-890f-e09105e0e625\": persistentvolume pvc-2a9b23e9-61e7-4dc7-890f-e09105e0e625 is still attached to node hp-69-tink-system" logger="UnhandledError"
2026-06-12T12:54:03.453986367Z I0612 12:54:03.453931       1 event.go:389] "Event occurred" object="pvc-2a9b23e9-61e7-4dc7-890f-e09105e0e625" fieldPath="" kind="PersistentVolume" apiVersion="v1" type="Warning" reason="VolumeFailedDelete" message="persistentvolume pvc-2a9b23e9-61e7-4dc7-890f-e09105e0e625 is still attached to node hp-69-tink-system"
2026-06-12T12:54:03.474405433Z I0612 12:54:03.474248       1 controller.go:1317] volume pvc-fc5fa203-4f62-4be3-b4ee-42c1c282d2b5 does not need any deletion secrets
2026-06-12T12:54:03.474427405Z E0612 12:54:03.474287       1 controller.go:1569] "Volume deletion failed" err="persistentvolume pvc-fc5fa203-4f62-4be3-b4ee-42c1c282d2b5 is still attached to node hp-69-tink-system" PV="pvc-fc5fa203-4f62-4be3-b4ee-42c1c282d2b5"
2026-06-12T12:54:03.474432130Z I0612 12:54:03.474331       1 controller.go:1021] "Retrying syncing volume" key="pvc-fc5fa203-4f62-4be3-b4ee-42c1c282d2b5" failures=1
2026-06-12T12:54:03.474451700Z E0612 12:54:03.474365       1 controller.go:1039] "Unhandled Error" err="error syncing volume \"pvc-fc5fa203-4f62-4be3-b4ee-42c1c282d2b5\": persistentvolume pvc-fc5fa203-4f62-4be3-b4ee-42c1c282d2b5 is still attached to node hp-69-tink-system" logger="UnhandledError"
2026-06-12T12:54:03.474465472Z I0612 12:54:03.474406       1 event.go:389] "Event occurred" object="pvc-fc5fa203-4f62-4be3-b4ee-42c1c282d2b5" fieldPath="" kind="PersistentVolume" apiVersion="v1" type="Warning" reason="VolumeFailedDelete" message="persistentvolume pvc-fc5fa203-4f62-4be3-b4ee-42c1c282d2b5 is still attached to node hp-69-tink-system"
2026-06-12T12:54:05.454998520Z I0612 12:54:05.454807       1 controller.go:1317] volume pvc-2a9b23e9-61e7-4dc7-890f-e09105e0e625 does not need any deletion secrets
2026-06-12T12:54:05.455025427Z E0612 12:54:05.454868       1 controller.go:1569] "Volume deletion failed" err="persistentvolume pvc-2a9b23e9-61e7-4dc7-890f-e09105e0e625 is still attached to node hp-69-tink-system" PV="pvc-2a9b23e9-61e7-4dc7-890f-e09105e0e625"
2026-06-12T12:54:05.455029427Z I0612 12:54:05.454921       1 controller.go:1021] "Retrying syncing volume" key="pvc-2a9b23e9-61e7-4dc7-890f-e09105e0e625" failures=2
2026-06-12T12:54:05.455033983Z E0612 12:54:05.454953       1 controller.go:1039] "Unhandled Error" err="error syncing volume \"pvc-2a9b23e9-61e7-4dc7-890f-e09105e0e625\": persistentvolume pvc-2a9b23e9-61e7-4dc7-890f-e09105e0e625 is still attached to node hp-69-tink-system" logger="UnhandledError"
2026-06-12T12:54:05.455048460Z I0612 12:54:05.454988       1 event.go:389] "Event occurred" object="pvc-2a9b23e9-61e7-4dc7-890f-e09105e0e625" fieldPath="" kind="PersistentVolume" apiVersion="v1" type="Warning" reason="VolumeFailedDelete" message="persistentvolume pvc-2a9b23e9-61e7-4dc7-890f-e09105e0e625 is still attached to node hp-69-tink-system"
2026-06-12T12:54:05.474751003Z I0612 12:54:05.474629       1 controller.go:1317] volume pvc-fc5fa203-4f62-4be3-b4ee-42c1c282d2b5 does not need any deletion secrets
2026-06-12T12:54:05.474770803Z E0612 12:54:05.474679       1 controller.go:1569] "Volume deletion failed" err="persistentvolume pvc-fc5fa203-4f62-4be3-b4ee-42c1c282d2b5 is still attached to node hp-69-tink-system" PV="pvc-fc5fa203-4f62-4be3-b4ee-42c1c282d2b5"
2026-06-12T12:54:05.474782559Z I0612 12:54:05.474718       1 controller.go:1021] "Retrying syncing volume" key="pvc-fc5fa203-4f62-4be3-b4ee-42c1c282d2b5" failures=2
2026-06-12T12:54:05.474786964Z E0612 12:54:05.474745       1 controller.go:1039] "Unhandled Error" err="error syncing volume \"pvc-fc5fa203-4f62-4be3-b4ee-42c1c282d2b5\": persistentvolume pvc-fc5fa203-4f62-4be3-b4ee-42c1c282d2b5 is still attached to node hp-69-tink-system" logger="UnhandledError"
2026-06-12T12:54:05.474867512Z I0612 12:54:05.474810       1 event.go:389] "Event occurred" object="pvc-fc5fa203-4f62-4be3-b4ee-42c1c282d2b5" fieldPath="" kind="PersistentVolume" apiVersion="v1" type="Warning" reason="VolumeFailedDelete" message="persistentvolume pvc-fc5fa203-4f62-4be3-b4ee-42c1c282d2b5 is still attached to node hp-69-tink-system"
2026-06-12T12:54:09.456065680Z I0612 12:54:09.455923       1 controller.go:1317] volume pvc-2a9b23e9-61e7-4dc7-890f-e09105e0e625 does not need any deletion secrets
2026-06-12T12:54:09.475637296Z I0612 12:54:09.475536       1 controller.go:1317] volume pvc-fc5fa203-4f62-4be3-b4ee-42c1c282d2b5 does not need any deletion secrets
2026-06-12T12:54:11.506350346Z I0612 12:54:11.506240       1 controller.go:1317] volume pvc-fc5fa203-4f62-4be3-b4ee-42c1c282d2b5 does not need any deletion secrets
2026-06-12T12:54:11.509509501Z I0612 12:54:11.509408       1 controller.go:1580] "Failed to delete persistentvolume" PV="pvc-fc5fa203-4f62-4be3-b4ee-42c1c282d2b5" err="persistentvolumes \"pvc-fc5fa203-4f62-4be3-b4ee-42c1c282d2b5\" not found"
2026-06-12T12:54:11.509524067Z I0612 12:54:11.509433       1 controller.go:1021] "Retrying syncing volume" key="pvc-fc5fa203-4f62-4be3-b4ee-42c1c282d2b5" failures=0
2026-06-12T12:54:11.509529582Z E0612 12:54:11.509460       1 controller.go:1039] "Unhandled Error" err="error syncing volume \"pvc-fc5fa203-4f62-4be3-b4ee-42c1c282d2b5\": persistentvolumes \"pvc-fc5fa203-4f62-4be3-b4ee-42c1c282d2b5\" not found" logger="UnhandledError"
2026-06-12T12:54:14.062617628Z I0612 12:54:14.062465       1 event.go:389] "Event occurred" object="default/stopped-0645945771-vm-12h06m47s328335-06-12-disk-existing" fieldPath="" kind="PersistentVolumeClaim" apiVersion="v1" type="Normal" reason="Provisioning" message="External provisioner is provisioning volume for claim \"default/stopped-0645945771-vm-12h06m47s328335-06-12-disk-existing\""
2026-06-12T12:54:16.190810631Z I0612 12:54:16.190727       1 controller.go:959] successfully created PV pvc-096801b6-8c5a-4de6-a29e-063b555ac169 for PVC stopped-0645945771-vm-12h06m47s328335-06-12-disk-existing and csi volume name pvc-096801b6-8c5a-4de6-a29e-063b555ac169
2026-06-12T12:54:16.208612196Z I0612 12:54:16.208474       1 event.go:389] "Event occurred" object="default/stopped-0645945771-vm-12h06m47s328335-06-12-disk-existing" fieldPath="" kind="PersistentVolumeClaim" apiVersion="v1" type="Normal" reason="ProvisioningSucceeded" message="Successfully provisioned volume pvc-096801b6-8c5a-4de6-a29e-063b555ac169"
2026-06-12T12:55:43.287675851Z I0612 12:55:43.287558       1 event.go:389] "Event occurred" object="default/vm-image-vol-12h06m47s328335-06-12" fieldPath="" kind="PersistentVolumeClaim" apiVersion="v1" type="Normal" reason="Provisioning" message="External provisioner is provisioning volume for claim \"default/vm-image-vol-12h06m47s328335-06-12\""
2026-06-12T12:55:43.816620811Z I0612 12:55:43.816395       1 controller.go:1317] volume pvc-096801b6-8c5a-4de6-a29e-063b555ac169 does not need any deletion secrets
2026-06-12T12:55:43.816655466Z E0612 12:55:43.816449       1 controller.go:1569] "Volume deletion failed" err="persistentvolume pvc-096801b6-8c5a-4de6-a29e-063b555ac169 is still attached to node hp-69-tink-system" PV="pvc-096801b6-8c5a-4de6-a29e-063b555ac169"
2026-06-12T12:55:43.816758100Z I0612 12:55:43.816624       1 controller.go:1021] "Retrying syncing volume" key="pvc-096801b6-8c5a-4de6-a29e-063b555ac169" failures=0
2026-06-12T12:55:43.816782723Z E0612 12:55:43.816699       1 controller.go:1039] "Unhandled Error" err="error syncing volume \"pvc-096801b6-8c5a-4de6-a29e-063b555ac169\": persistentvolume pvc-096801b6-8c5a-4de6-a29e-063b555ac169 is still attached to node hp-69-tink-system" logger="UnhandledError"
2026-06-12T12:55:43.816796989Z I0612 12:55:43.816702       1 event.go:389] "Event occurred" object="pvc-096801b6-8c5a-4de6-a29e-063b555ac169" fieldPath="" kind="PersistentVolume" apiVersion="v1" type="Warning" reason="VolumeFailedDelete" message="persistentvolume pvc-096801b6-8c5a-4de6-a29e-063b555ac169 is still attached to node hp-69-tink-system"
2026-06-12T12:55:44.817058395Z I0612 12:55:44.816870       1 controller.go:1317] volume pvc-096801b6-8c5a-4de6-a29e-063b555ac169 does not need any deletion secrets
2026-06-12T12:55:44.817090750Z E0612 12:55:44.816918       1 controller.go:1569] "Volume deletion failed" err="persistentvolume pvc-096801b6-8c5a-4de6-a29e-063b555ac169 is still attached to node hp-69-tink-system" PV="pvc-096801b6-8c5a-4de6-a29e-063b555ac169"
2026-06-12T12:55:44.817128279Z I0612 12:55:44.817030       1 controller.go:1021] "Retrying syncing volume" key="pvc-096801b6-8c5a-4de6-a29e-063b555ac169" failures=1
2026-06-12T12:55:44.817141552Z E0612 12:55:44.817060       1 controller.go:1039] "Unhandled Error" err="error syncing volume \"pvc-096801b6-8c5a-4de6-a29e-063b555ac169\": persistentvolume pvc-096801b6-8c5a-4de6-a29e-063b555ac169 is still attached to node hp-69-tink-system" logger="UnhandledError"
2026-06-12T12:55:44.817156538Z I0612 12:55:44.817093       1 event.go:389] "Event occurred" object="pvc-096801b6-8c5a-4de6-a29e-063b555ac169" fieldPath="" kind="PersistentVolume" apiVersion="v1" type="Warning" reason="VolumeFailedDelete" message="persistentvolume pvc-096801b6-8c5a-4de6-a29e-063b555ac169 is still attached to node hp-69-tink-system"
2026-06-12T12:55:45.411843646Z I0612 12:55:45.411689       1 controller.go:959] successfully created PV pvc-22cfc87b-3659-44e7-86d6-fa5ed1127298 for PVC vm-image-vol-12h06m47s328335-06-12 and csi volume name pvc-22cfc87b-3659-44e7-86d6-fa5ed1127298
2026-06-12T12:55:45.421521234Z I0612 12:55:45.421393       1 event.go:389] "Event occurred" object="default/vm-image-vol-12h06m47s328335-06-12" fieldPath="" kind="PersistentVolumeClaim" apiVersion="v1" type="Normal" reason="ProvisioningSucceeded" message="Successfully provisioned volume pvc-22cfc87b-3659-44e7-86d6-fa5ed1127298"
2026-06-12T12:55:45.421576907Z I0612 12:55:45.421422       1 event.go:389] "Event occurred" object="default/vm-image-vol-12h06m47s328335-06-12" fieldPath="" kind="PersistentVolumeClaim" apiVersion="v1" type="Normal" reason="Provisioning" message="External provisioner is provisioning volume for claim \"default/vm-image-vol-12h06m47s328335-06-12\""
2026-06-12T12:55:45.424813138Z I0612 12:55:45.424704       1 controller.go:959] successfully created PV pvc-22cfc87b-3659-44e7-86d6-fa5ed1127298 for PVC vm-image-vol-12h06m47s328335-06-12 and csi volume name pvc-22cfc87b-3659-44e7-86d6-fa5ed1127298
2026-06-12T12:55:45.440735932Z I0612 12:55:45.440598       1 event.go:389] "Event occurred" object="default/vm-image-vol-12h06m47s328335-06-12" fieldPath="" kind="PersistentVolumeClaim" apiVersion="v1" type="Normal" reason="ProvisioningSucceeded" message="Successfully provisioned volume pvc-22cfc87b-3659-44e7-86d6-fa5ed1127298"
2026-06-12T12:55:46.818094304Z I0612 12:55:46.817913       1 controller.go:1317] volume pvc-096801b6-8c5a-4de6-a29e-063b555ac169 does not need any deletion secrets
2026-06-12T12:55:46.818129464Z E0612 12:55:46.817976       1 controller.go:1569] "Volume deletion failed" err="persistentvolume pvc-096801b6-8c5a-4de6-a29e-063b555ac169 is still attached to node hp-69-tink-system" PV="pvc-096801b6-8c5a-4de6-a29e-063b555ac169"
2026-06-12T12:55:46.818136095Z I0612 12:55:46.818035       1 controller.go:1021] "Retrying syncing volume" key="pvc-096801b6-8c5a-4de6-a29e-063b555ac169" failures=2
2026-06-12T12:55:46.818167781Z E0612 12:55:46.818073       1 controller.go:1039] "Unhandled Error" err="error syncing volume \"pvc-096801b6-8c5a-4de6-a29e-063b555ac169\": persistentvolume pvc-096801b6-8c5a-4de6-a29e-063b555ac169 is still attached to node hp-69-tink-system" logger="UnhandledError"
2026-06-12T12:55:46.818310819Z I0612 12:55:46.818135       1 event.go:389] "Event occurred" object="pvc-096801b6-8c5a-4de6-a29e-063b555ac169" fieldPath="" kind="PersistentVolume" apiVersion="v1" type="Warning" reason="VolumeFailedDelete" message="persistentvolume pvc-096801b6-8c5a-4de6-a29e-063b555ac169 is still attached to node hp-69-tink-system"
2026-06-12T12:55:50.819008059Z I0612 12:55:50.818662       1 controller.go:1317] volume pvc-096801b6-8c5a-4de6-a29e-063b555ac169 does not need any deletion secrets
2026-06-12T12:55:52.860746662Z I0612 12:55:52.860400       1 controller.go:1317] volume pvc-096801b6-8c5a-4de6-a29e-063b555ac169 does not need any deletion secrets
2026-06-12T12:55:52.865012754Z I0612 12:55:52.864870       1 controller.go:1580] "Failed to delete persistentvolume" PV="pvc-096801b6-8c5a-4de6-a29e-063b555ac169" err="persistentvolumes \"pvc-096801b6-8c5a-4de6-a29e-063b555ac169\" not found"
2026-06-12T12:55:52.865031031Z I0612 12:55:52.864911       1 controller.go:1021] "Retrying syncing volume" key="pvc-096801b6-8c5a-4de6-a29e-063b555ac169" failures=0
2026-06-12T12:55:52.865035358Z E0612 12:55:52.864946       1 controller.go:1039] "Unhandled Error" err="error syncing volume \"pvc-096801b6-8c5a-4de6-a29e-063b555ac169\": persistentvolumes \"pvc-096801b6-8c5a-4de6-a29e-063b555ac169\" not found" logger="UnhandledError"
2026-06-12T12:57:08.349218522Z I0612 12:57:08.349069       1 controller.go:1317] volume pvc-22cfc87b-3659-44e7-86d6-fa5ed1127298 does not need any deletion secrets
2026-06-12T12:57:08.349243902Z E0612 12:57:08.349110       1 controller.go:1569] "Volume deletion failed" err="persistentvolume pvc-22cfc87b-3659-44e7-86d6-fa5ed1127298 is still attached to node hp-69-tink-system" PV="pvc-22cfc87b-3659-44e7-86d6-fa5ed1127298"
2026-06-12T12:57:08.349394305Z I0612 12:57:08.349327       1 controller.go:1021] "Retrying syncing volume" key="pvc-22cfc87b-3659-44e7-86d6-fa5ed1127298" failures=0
2026-06-12T12:57:08.349402713Z E0612 12:57:08.349359       1 controller.go:1039] "Unhandled Error" err="error syncing volume \"pvc-22cfc87b-3659-44e7-86d6-fa5ed1127298\": persistentvolume pvc-22cfc87b-3659-44e7-86d6-fa5ed1127298 is still attached to node hp-69-tink-system" logger="UnhandledError"
2026-06-12T12:57:08.349481615Z I0612 12:57:08.349413       1 event.go:389] "Event occurred" object="pvc-22cfc87b-3659-44e7-86d6-fa5ed1127298" fieldPath="" kind="PersistentVolume" apiVersion="v1" type="Warning" reason="VolumeFailedDelete" message="persistentvolume pvc-22cfc87b-3659-44e7-86d6-fa5ed1127298 is still attached to node hp-69-tink-system"
2026-06-12T12:57:08.404650111Z I0612 12:57:08.404472       1 event.go:389] "Event occurred" object="default/cpu-vm-12h06m47s328335-06-12-disk-0" fieldPath="" kind="PersistentVolumeClaim" apiVersion="v1" type="Normal" reason="Provisioning" message="External provisioner is provisioning volume for claim \"default/cpu-vm-12h06m47s328335-06-12-disk-0\""
2026-06-12T12:57:08.543999231Z I0612 12:57:08.543871       1 controller.go:1317] volume pvc-3957d638-2c62-46b4-9f49-3b2a099fdf47 does not need any deletion secrets
2026-06-12T12:57:09.350625016Z I0612 12:57:09.350510       1 controller.go:1317] volume pvc-22cfc87b-3659-44e7-86d6-fa5ed1127298 does not need any deletion secrets
2026-06-12T12:57:09.350654080Z E0612 12:57:09.350552       1 controller.go:1569] "Volume deletion failed" err="persistentvolume pvc-22cfc87b-3659-44e7-86d6-fa5ed1127298 is still attached to node hp-69-tink-system" PV="pvc-22cfc87b-3659-44e7-86d6-fa5ed1127298"
2026-06-12T12:57:09.350670501Z I0612 12:57:09.350598       1 controller.go:1021] "Retrying syncing volume" key="pvc-22cfc87b-3659-44e7-86d6-fa5ed1127298" failures=1
2026-06-12T12:57:09.350679681Z E0612 12:57:09.350626       1 controller.go:1039] "Unhandled Error" err="error syncing volume \"pvc-22cfc87b-3659-44e7-86d6-fa5ed1127298\": persistentvolume pvc-22cfc87b-3659-44e7-86d6-fa5ed1127298 is still attached to node hp-69-tink-system" logger="UnhandledError"
2026-06-12T12:57:09.350761029Z I0612 12:57:09.350691       1 event.go:389] "Event occurred" object="pvc-22cfc87b-3659-44e7-86d6-fa5ed1127298" fieldPath="" kind="PersistentVolume" apiVersion="v1" type="Warning" reason="VolumeFailedDelete" message="persistentvolume pvc-22cfc87b-3659-44e7-86d6-fa5ed1127298 is still attached to node hp-69-tink-system"
2026-06-12T12:57:10.533830110Z I0612 12:57:10.533724       1 controller.go:959] successfully created PV pvc-a413739a-ae36-4117-a97c-84b0bba40dfb for PVC cpu-vm-12h06m47s328335-06-12-disk-0 and csi volume name pvc-a413739a-ae36-4117-a97c-84b0bba40dfb
2026-06-12T12:57:10.543057644Z I0612 12:57:10.542924       1 event.go:389] "Event occurred" object="default/cpu-vm-12h06m47s328335-06-12-disk-0" fieldPath="" kind="PersistentVolumeClaim" apiVersion="v1" type="Normal" reason="ProvisioningSucceeded" message="Successfully provisioned volume pvc-a413739a-ae36-4117-a97c-84b0bba40dfb"
2026-06-12T12:57:11.351027291Z I0612 12:57:11.350862       1 controller.go:1317] volume pvc-22cfc87b-3659-44e7-86d6-fa5ed1127298 does not need any deletion secrets
2026-06-12T12:57:11.351052777Z E0612 12:57:11.350919       1 controller.go:1569] "Volume deletion failed" err="persistentvolume pvc-22cfc87b-3659-44e7-86d6-fa5ed1127298 is still attached to node hp-69-tink-system" PV="pvc-22cfc87b-3659-44e7-86d6-fa5ed1127298"
2026-06-12T12:57:11.351274599Z I0612 12:57:11.351148       1 controller.go:1021] "Retrying syncing volume" key="pvc-22cfc87b-3659-44e7-86d6-fa5ed1127298" failures=2
2026-06-12T12:57:11.351285814Z E0612 12:57:11.351202       1 controller.go:1039] "Unhandled Error" err="error syncing volume \"pvc-22cfc87b-3659-44e7-86d6-fa5ed1127298\": persistentvolume pvc-22cfc87b-3659-44e7-86d6-fa5ed1127298 is still attached to node hp-69-tink-system" logger="UnhandledError"
2026-06-12T12:57:11.351295689Z I0612 12:57:11.351248       1 event.go:389] "Event occurred" object="pvc-22cfc87b-3659-44e7-86d6-fa5ed1127298" fieldPath="" kind="PersistentVolume" apiVersion="v1" type="Warning" reason="VolumeFailedDelete" message="persistentvolume pvc-22cfc87b-3659-44e7-86d6-fa5ed1127298 is still attached to node hp-69-tink-system"
2026-06-12T12:57:14.678204614Z I0612 12:57:14.678072       1 controller.go:1317] volume pvc-a413739a-ae36-4117-a97c-84b0bba40dfb does not need any deletion secrets
2026-06-12T12:57:15.351936000Z I0612 12:57:15.351774       1 controller.go:1317] volume pvc-22cfc87b-3659-44e7-86d6-fa5ed1127298 does not need any deletion secrets
2026-06-12T12:57:26.961028987Z I0612 12:57:26.960801       1 event.go:389] "Event occurred" object="default/memcpu-vm-12h06m47s328335-06-12-disk-0" fieldPath="" kind="PersistentVolumeClaim" apiVersion="v1" type="Normal" reason="Provisioning" message="External provisioner is provisioning volume for claim \"default/memcpu-vm-12h06m47s328335-06-12-disk-0\""
2026-06-12T12:57:28.992569551Z I0612 12:57:28.992467       1 controller.go:959] successfully created PV pvc-75d2d6c6-021a-41f4-93db-4d8d3c32a243 for PVC memcpu-vm-12h06m47s328335-06-12-disk-0 and csi volume name pvc-75d2d6c6-021a-41f4-93db-4d8d3c32a243
2026-06-12T12:57:28.997784483Z I0612 12:57:28.997682       1 event.go:389] "Event occurred" object="default/memcpu-vm-12h06m47s328335-06-12-disk-0" fieldPath="" kind="PersistentVolumeClaim" apiVersion="v1" type="Normal" reason="ProvisioningSucceeded" message="Successfully provisioned volume pvc-75d2d6c6-021a-41f4-93db-4d8d3c32a243"
2026-06-12T12:57:33.294119812Z I0612 12:57:33.293964       1 controller.go:1317] volume pvc-75d2d6c6-021a-41f4-93db-4d8d3c32a243 does not need any deletion secrets
2026-06-12T12:57:59.081302581Z I0612 12:57:59.081125       1 event.go:389] "Event occurred" object="default/vm-12h06m47s328335-06-12-disk-0" fieldPath="" kind="PersistentVolumeClaim" apiVersion="v1" type="Normal" reason="Provisioning" message="External provisioner is provisioning volume for claim \"default/vm-12h06m47s328335-06-12-disk-0\""
2026-06-12T12:58:01.113392200Z I0612 12:58:01.113297       1 controller.go:959] successfully created PV pvc-78c53e47-a62a-461c-b759-0d0c36686fe8 for PVC vm-12h06m47s328335-06-12-disk-0 and csi volume name pvc-78c53e47-a62a-461c-b759-0d0c36686fe8
2026-06-12T12:58:01.127722797Z I0612 12:58:01.127630       1 event.go:389] "Event occurred" object="default/vm-12h06m47s328335-06-12-disk-0" fieldPath="" kind="PersistentVolumeClaim" apiVersion="v1" type="Normal" reason="ProvisioningSucceeded" message="Successfully provisioned volume pvc-78c53e47-a62a-461c-b759-0d0c36686fe8"
2026-06-12T12:59:46.951987447Z I0612 12:59:46.951884       1 controller.go:1317] volume pvc-78c53e47-a62a-461c-b759-0d0c36686fe8 does not need any deletion secrets
2026-06-12T12:59:46.952014084Z E0612 12:59:46.951931       1 controller.go:1569] "Volume deletion failed" err="persistentvolume pvc-78c53e47-a62a-461c-b759-0d0c36686fe8 is still attached to node hp-69-tink-system" PV="pvc-78c53e47-a62a-461c-b759-0d0c36686fe8"
2026-06-12T12:59:46.952051814Z I0612 12:59:46.952001       1 controller.go:1021] "Retrying syncing volume" key="pvc-78c53e47-a62a-461c-b759-0d0c36686fe8" failures=0
2026-06-12T12:59:46.952063414Z E0612 12:59:46.952035       1 controller.go:1039] "Unhandled Error" err="error syncing volume \"pvc-78c53e47-a62a-461c-b759-0d0c36686fe8\": persistentvolume pvc-78c53e47-a62a-461c-b759-0d0c36686fe8 is still attached to node hp-69-tink-system" logger="UnhandledError"
2026-06-12T12:59:46.952099938Z I0612 12:59:46.952064       1 event.go:389] "Event occurred" object="pvc-78c53e47-a62a-461c-b759-0d0c36686fe8" fieldPath="" kind="PersistentVolume" apiVersion="v1" type="Warning" reason="VolumeFailedDelete" message="persistentvolume pvc-78c53e47-a62a-461c-b759-0d0c36686fe8 is still attached to node hp-69-tink-system"
2026-06-12T12:59:47.952966852Z I0612 12:59:47.952870       1 controller.go:1317] volume pvc-78c53e47-a62a-461c-b759-0d0c36686fe8 does not need any deletion secrets
2026-06-12T12:59:47.952998862Z E0612 12:59:47.952919       1 controller.go:1569] "Volume deletion failed" err="persistentvolume pvc-78c53e47-a62a-461c-b759-0d0c36686fe8 is still attached to node hp-69-tink-system" PV="pvc-78c53e47-a62a-461c-b759-0d0c36686fe8"
2026-06-12T12:59:47.953076719Z I0612 12:59:47.952991       1 controller.go:1021] "Retrying syncing volume" key="pvc-78c53e47-a62a-461c-b759-0d0c36686fe8" failures=1
2026-06-12T12:59:47.953097887Z E0612 12:59:47.953023       1 controller.go:1039] "Unhandled Error" err="error syncing volume \"pvc-78c53e47-a62a-461c-b759-0d0c36686fe8\": persistentvolume pvc-78c53e47-a62a-461c-b759-0d0c36686fe8 is still attached to node hp-69-tink-system" logger="UnhandledError"
2026-06-12T12:59:47.953116268Z I0612 12:59:47.953049       1 event.go:389] "Event occurred" object="pvc-78c53e47-a62a-461c-b759-0d0c36686fe8" fieldPath="" kind="PersistentVolume" apiVersion="v1" type="Warning" reason="VolumeFailedDelete" message="persistentvolume pvc-78c53e47-a62a-461c-b759-0d0c36686fe8 is still attached to node hp-69-tink-system"
2026-06-12T12:59:49.954351600Z I0612 12:59:49.954204       1 controller.go:1317] volume pvc-78c53e47-a62a-461c-b759-0d0c36686fe8 does not need any deletion secrets
2026-06-12T12:59:49.954372250Z E0612 12:59:49.954248       1 controller.go:1569] "Volume deletion failed" err="persistentvolume pvc-78c53e47-a62a-461c-b759-0d0c36686fe8 is still attached to node hp-69-tink-system" PV="pvc-78c53e47-a62a-461c-b759-0d0c36686fe8"
2026-06-12T12:59:49.954392042Z I0612 12:59:49.954316       1 controller.go:1021] "Retrying syncing volume" key="pvc-78c53e47-a62a-461c-b759-0d0c36686fe8" failures=2
2026-06-12T12:59:49.954397354Z E0612 12:59:49.954343       1 controller.go:1039] "Unhandled Error" err="error syncing volume \"pvc-78c53e47-a62a-461c-b759-0d0c36686fe8\": persistentvolume pvc-78c53e47-a62a-461c-b759-0d0c36686fe8 is still attached to node hp-69-tink-system" logger="UnhandledError"
2026-06-12T12:59:49.954465956Z I0612 12:59:49.954392       1 event.go:389] "Event occurred" object="pvc-78c53e47-a62a-461c-b759-0d0c36686fe8" fieldPath="" kind="PersistentVolume" apiVersion="v1" type="Warning" reason="VolumeFailedDelete" message="persistentvolume pvc-78c53e47-a62a-461c-b759-0d0c36686fe8 is still attached to node hp-69-tink-system"
2026-06-12T12:59:50.172743058Z I0612 12:59:50.172632       1 event.go:389] "Event occurred" object="default/persistent-state-for-vm-12h06m47s328335-06-12-rnbx9" fieldPath="" kind="PersistentVolumeClaim" apiVersion="v1" type="Normal" reason="Provisioning" message="External provisioner is provisioning volume for claim \"default/persistent-state-for-vm-12h06m47s328335-06-12-rnbx9\""
2026-06-12T12:59:52.313248761Z I0612 12:59:52.313111       1 controller.go:959] successfully created PV pvc-d1565a37-10bc-4375-bfce-0978b8200338 for PVC persistent-state-for-vm-12h06m47s328335-06-12-rnbx9 and csi volume name pvc-d1565a37-10bc-4375-bfce-0978b8200338
2026-06-12T12:59:52.318927529Z I0612 12:59:52.318817       1 event.go:389] "Event occurred" object="default/persistent-state-for-vm-12h06m47s328335-06-12-rnbx9" fieldPath="" kind="PersistentVolumeClaim" apiVersion="v1" type="Normal" reason="ProvisioningSucceeded" message="Successfully provisioned volume pvc-d1565a37-10bc-4375-bfce-0978b8200338"
2026-06-12T12:59:53.954925235Z I0612 12:59:53.954739       1 controller.go:1317] volume pvc-78c53e47-a62a-461c-b759-0d0c36686fe8 does not need any deletion secrets
2026-06-12T12:59:53.954954826Z E0612 12:59:53.954802       1 controller.go:1569] "Volume deletion failed" err="persistentvolume pvc-78c53e47-a62a-461c-b759-0d0c36686fe8 is still attached to node hp-69-tink-system" PV="pvc-78c53e47-a62a-461c-b759-0d0c36686fe8"
2026-06-12T12:59:53.954960159Z I0612 12:59:53.954857       1 controller.go:1021] "Retrying syncing volume" key="pvc-78c53e47-a62a-461c-b759-0d0c36686fe8" failures=3
2026-06-12T12:59:53.954985279Z E0612 12:59:53.954890       1 controller.go:1039] "Unhandled Error" err="error syncing volume \"pvc-78c53e47-a62a-461c-b759-0d0c36686fe8\": persistentvolume pvc-78c53e47-a62a-461c-b759-0d0c36686fe8 is still attached to node hp-69-tink-system" logger="UnhandledError"
2026-06-12T12:59:53.955122494Z I0612 12:59:53.954944       1 event.go:389] "Event occurred" object="pvc-78c53e47-a62a-461c-b759-0d0c36686fe8" fieldPath="" kind="PersistentVolume" apiVersion="v1" type="Warning" reason="VolumeFailedDelete" message="persistentvolume pvc-78c53e47-a62a-461c-b759-0d0c36686fe8 is still attached to node hp-69-tink-system"
2026-06-12T12:59:59.077523273Z I0612 12:59:59.077361       1 event.go:389] "Event occurred" object="default/vm-12h06m47s328335-06-12-disk-0" fieldPath="" kind="PersistentVolumeClaim" apiVersion="v1" type="Normal" reason="Provisioning" message="External provisioner is provisioning volume for claim \"default/vm-12h06m47s328335-06-12-disk-0\""
2026-06-12T13:00:01.203908787Z I0612 13:00:01.203820       1 controller.go:959] successfully created PV pvc-c1ab1afd-2f6a-458b-a6e3-2ae15572817e for PVC vm-12h06m47s328335-06-12-disk-0 and csi volume name pvc-c1ab1afd-2f6a-458b-a6e3-2ae15572817e
2026-06-12T13:00:01.214736015Z I0612 13:00:01.214557       1 event.go:389] "Event occurred" object="default/vm-12h06m47s328335-06-12-disk-0" fieldPath="" kind="PersistentVolumeClaim" apiVersion="v1" type="Normal" reason="ProvisioningSucceeded" message="Successfully provisioned volume pvc-c1ab1afd-2f6a-458b-a6e3-2ae15572817e"
2026-06-12T13:00:01.955562659Z I0612 13:00:01.955389       1 controller.go:1317] volume pvc-78c53e47-a62a-461c-b759-0d0c36686fe8 does not need any deletion secrets
2026-06-12T13:00:03.983929366Z I0612 13:00:03.983830       1 controller.go:1317] volume pvc-78c53e47-a62a-461c-b759-0d0c36686fe8 does not need any deletion secrets
2026-06-12T13:00:03.986694659Z I0612 13:00:03.986554       1 controller.go:1580] "Failed to delete persistentvolume" PV="pvc-78c53e47-a62a-461c-b759-0d0c36686fe8" err="persistentvolumes \"pvc-78c53e47-a62a-461c-b759-0d0c36686fe8\" not found"
2026-06-12T13:00:03.986714653Z I0612 13:00:03.986583       1 controller.go:1021] "Retrying syncing volume" key="pvc-78c53e47-a62a-461c-b759-0d0c36686fe8" failures=0
2026-06-12T13:00:03.986722618Z E0612 13:00:03.986613       1 controller.go:1039] "Unhandled Error" err="error syncing volume \"pvc-78c53e47-a62a-461c-b759-0d0c36686fe8\": persistentvolumes \"pvc-78c53e47-a62a-461c-b759-0d0c36686fe8\" not found" logger="UnhandledError"
2026-06-12T13:01:59.553793223Z I0612 13:01:59.553681       1 controller.go:1317] volume pvc-d1565a37-10bc-4375-bfce-0978b8200338 does not need any deletion secrets
2026-06-12T13:01:59.553830430Z E0612 13:01:59.553720       1 controller.go:1569] "Volume deletion failed" err="persistentvolume pvc-d1565a37-10bc-4375-bfce-0978b8200338 is still attached to node hp-69-tink-system" PV="pvc-d1565a37-10bc-4375-bfce-0978b8200338"
2026-06-12T13:01:59.553908421Z I0612 13:01:59.553792       1 controller.go:1021] "Retrying syncing volume" key="pvc-d1565a37-10bc-4375-bfce-0978b8200338" failures=0
2026-06-12T13:01:59.553918850Z E0612 13:01:59.553827       1 controller.go:1039] "Unhandled Error" err="error syncing volume \"pvc-d1565a37-10bc-4375-bfce-0978b8200338\": persistentvolume pvc-d1565a37-10bc-4375-bfce-0978b8200338 is still attached to node hp-69-tink-system" logger="UnhandledError"
2026-06-12T13:01:59.553922443Z I0612 13:01:59.553847       1 event.go:389] "Event occurred" object="pvc-d1565a37-10bc-4375-bfce-0978b8200338" fieldPath="" kind="PersistentVolume" apiVersion="v1" type="Warning" reason="VolumeFailedDelete" message="persistentvolume pvc-d1565a37-10bc-4375-bfce-0978b8200338 is still attached to node hp-69-tink-system"
2026-06-12T13:02:00.472740863Z I0612 13:02:00.472365       1 event.go:389] "Event occurred" object="default/sv-12h06m47s328335-06-12" fieldPath="" kind="PersistentVolumeClaim" apiVersion="v1" type="Normal" reason="Provisioning" message="External provisioner is provisioning volume for claim \"default/sv-12h06m47s328335-06-12\""
2026-06-12T13:02:00.526811195Z I0612 13:02:00.526705       1 event.go:389] "Event occurred" object="default/stopped-0614463046-vm-12h06m47s328335-06-12-disk-0" fieldPath="" kind="PersistentVolumeClaim" apiVersion="v1" type="Normal" reason="Provisioning" message="External provisioner is provisioning volume for claim \"default/stopped-0614463046-vm-12h06m47s328335-06-12-disk-0\""
2026-06-12T13:02:00.555315435Z I0612 13:02:00.554983       1 controller.go:1317] volume pvc-d1565a37-10bc-4375-bfce-0978b8200338 does not need any deletion secrets
2026-06-12T13:02:00.555337449Z E0612 13:02:00.555038       1 controller.go:1569] "Volume deletion failed" err="persistentvolume pvc-d1565a37-10bc-4375-bfce-0978b8200338 is still attached to node hp-69-tink-system" PV="pvc-d1565a37-10bc-4375-bfce-0978b8200338"
2026-06-12T13:02:00.555351094Z I0612 13:02:00.555109       1 controller.go:1021] "Retrying syncing volume" key="pvc-d1565a37-10bc-4375-bfce-0978b8200338" failures=1
2026-06-12T13:02:00.555354991Z E0612 13:02:00.555144       1 controller.go:1039] "Unhandled Error" err="error syncing volume \"pvc-d1565a37-10bc-4375-bfce-0978b8200338\": persistentvolume pvc-d1565a37-10bc-4375-bfce-0978b8200338 is still attached to node hp-69-tink-system" logger="UnhandledError"
2026-06-12T13:02:00.555358266Z I0612 13:02:00.555239       1 event.go:389] "Event occurred" object="pvc-d1565a37-10bc-4375-bfce-0978b8200338" fieldPath="" kind="PersistentVolume" apiVersion="v1" type="Warning" reason="VolumeFailedDelete" message="persistentvolume pvc-d1565a37-10bc-4375-bfce-0978b8200338 is still attached to node hp-69-tink-system"
2026-06-12T13:02:00.592530862Z I0612 13:02:00.592300       1 controller.go:1317] volume pvc-c1ab1afd-2f6a-458b-a6e3-2ae15572817e does not need any deletion secrets
2026-06-12T13:02:00.592552090Z E0612 13:02:00.592348       1 controller.go:1569] "Volume deletion failed" err="persistentvolume pvc-c1ab1afd-2f6a-458b-a6e3-2ae15572817e is still attached to node hp-69-tink-system" PV="pvc-c1ab1afd-2f6a-458b-a6e3-2ae15572817e"
2026-06-12T13:02:00.592564438Z I0612 13:02:00.592422       1 controller.go:1021] "Retrying syncing volume" key="pvc-c1ab1afd-2f6a-458b-a6e3-2ae15572817e" failures=0
2026-06-12T13:02:00.593190919Z E0612 13:02:00.593119       1 controller.go:1039] "Unhandled Error" err="error syncing volume \"pvc-c1ab1afd-2f6a-458b-a6e3-2ae15572817e\": persistentvolume pvc-c1ab1afd-2f6a-458b-a6e3-2ae15572817e is still attached to node hp-69-tink-system" logger="UnhandledError"
2026-06-12T13:02:00.593221859Z I0612 13:02:00.592692       1 event.go:389] "Event occurred" object="pvc-c1ab1afd-2f6a-458b-a6e3-2ae15572817e" fieldPath="" kind="PersistentVolume" apiVersion="v1" type="Warning" reason="VolumeFailedDelete" message="persistentvolume pvc-c1ab1afd-2f6a-458b-a6e3-2ae15572817e is still attached to node hp-69-tink-system"
2026-06-12T13:02:01.593958385Z I0612 13:02:01.593840       1 controller.go:1317] volume pvc-c1ab1afd-2f6a-458b-a6e3-2ae15572817e does not need any deletion secrets
2026-06-12T13:02:01.593977892Z E0612 13:02:01.593884       1 controller.go:1569] "Volume deletion failed" err="persistentvolume pvc-c1ab1afd-2f6a-458b-a6e3-2ae15572817e is still attached to node hp-69-tink-system" PV="pvc-c1ab1afd-2f6a-458b-a6e3-2ae15572817e"
2026-06-12T13:02:01.594030939Z I0612 13:02:01.593935       1 controller.go:1021] "Retrying syncing volume" key="pvc-c1ab1afd-2f6a-458b-a6e3-2ae15572817e" failures=1
2026-06-12T13:02:01.594035914Z E0612 13:02:01.593963       1 controller.go:1039] "Unhandled Error" err="error syncing volume \"pvc-c1ab1afd-2f6a-458b-a6e3-2ae15572817e\": persistentvolume pvc-c1ab1afd-2f6a-458b-a6e3-2ae15572817e is still attached to node hp-69-tink-system" logger="UnhandledError"
2026-06-12T13:02:01.594039157Z I0612 13:02:01.593993       1 event.go:389] "Event occurred" object="pvc-c1ab1afd-2f6a-458b-a6e3-2ae15572817e" fieldPath="" kind="PersistentVolume" apiVersion="v1" type="Warning" reason="VolumeFailedDelete" message="persistentvolume pvc-c1ab1afd-2f6a-458b-a6e3-2ae15572817e is still attached to node hp-69-tink-system"
2026-06-12T13:02:02.506448097Z I0612 13:02:02.506360       1 controller.go:959] successfully created PV pvc-58e62466-2525-4dc6-92d3-0be13e49e157 for PVC sv-12h06m47s328335-06-12 and csi volume name pvc-58e62466-2525-4dc6-92d3-0be13e49e157
2026-06-12T13:02:02.515807408Z I0612 13:02:02.515700       1 event.go:389] "Event occurred" object="default/sv-12h06m47s328335-06-12" fieldPath="" kind="PersistentVolumeClaim" apiVersion="v1" type="Normal" reason="ProvisioningSucceeded" message="Successfully provisioned volume pvc-58e62466-2525-4dc6-92d3-0be13e49e157"
2026-06-12T13:02:02.555783860Z I0612 13:02:02.555670       1 controller.go:1317] volume pvc-d1565a37-10bc-4375-bfce-0978b8200338 does not need any deletion secrets
2026-06-12T13:02:02.555810562Z E0612 13:02:02.555717       1 controller.go:1569] "Volume deletion failed" err="persistentvolume pvc-d1565a37-10bc-4375-bfce-0978b8200338 is still attached to node hp-69-tink-system" PV="pvc-d1565a37-10bc-4375-bfce-0978b8200338"
2026-06-12T13:02:02.555822587Z I0612 13:02:02.555776       1 controller.go:1021] "Retrying syncing volume" key="pvc-d1565a37-10bc-4375-bfce-0978b8200338" failures=2
2026-06-12T13:02:02.555831237Z E0612 13:02:02.555808       1 controller.go:1039] "Unhandled Error" err="error syncing volume \"pvc-d1565a37-10bc-4375-bfce-0978b8200338\": persistentvolume pvc-d1565a37-10bc-4375-bfce-0978b8200338 is still attached to node hp-69-tink-system" logger="UnhandledError"
2026-06-12T13:02:02.555900999Z I0612 13:02:02.555861       1 event.go:389] "Event occurred" object="pvc-d1565a37-10bc-4375-bfce-0978b8200338" fieldPath="" kind="PersistentVolume" apiVersion="v1" type="Warning" reason="VolumeFailedDelete" message="persistentvolume pvc-d1565a37-10bc-4375-bfce-0978b8200338 is still attached to node hp-69-tink-system"
2026-06-12T13:02:02.655492600Z I0612 13:02:02.655352       1 controller.go:959] successfully created PV pvc-f7a8f579-032b-4337-8cec-49520fe4efe6 for PVC stopped-0614463046-vm-12h06m47s328335-06-12-disk-0 and csi volume name pvc-f7a8f579-032b-4337-8cec-49520fe4efe6
2026-06-12T13:02:02.660904440Z I0612 13:02:02.660749       1 event.go:389] "Event occurred" object="default/stopped-0614463046-vm-12h06m47s328335-06-12-disk-0" fieldPath="" kind="PersistentVolumeClaim" apiVersion="v1" type="Normal" reason="ProvisioningSucceeded" message="Successfully provisioned volume pvc-f7a8f579-032b-4337-8cec-49520fe4efe6"
2026-06-12T13:02:03.594622366Z I0612 13:02:03.594470       1 controller.go:1317] volume pvc-c1ab1afd-2f6a-458b-a6e3-2ae15572817e does not need any deletion secrets
2026-06-12T13:02:03.594664203Z E0612 13:02:03.594520       1 controller.go:1569] "Volume deletion failed" err="persistentvolume pvc-c1ab1afd-2f6a-458b-a6e3-2ae15572817e is still attached to node hp-69-tink-system" PV="pvc-c1ab1afd-2f6a-458b-a6e3-2ae15572817e"
2026-06-12T13:02:03.594670501Z I0612 13:02:03.594568       1 controller.go:1021] "Retrying syncing volume" key="pvc-c1ab1afd-2f6a-458b-a6e3-2ae15572817e" failures=2
2026-06-12T13:02:03.594684829Z E0612 13:02:03.594598       1 controller.go:1039] "Unhandled Error" err="error syncing volume \"pvc-c1ab1afd-2f6a-458b-a6e3-2ae15572817e\": persistentvolume pvc-c1ab1afd-2f6a-458b-a6e3-2ae15572817e is still attached to node hp-69-tink-system" logger="UnhandledError"
2026-06-12T13:02:03.594692473Z I0612 13:02:03.594630       1 event.go:389] "Event occurred" object="pvc-c1ab1afd-2f6a-458b-a6e3-2ae15572817e" fieldPath="" kind="PersistentVolume" apiVersion="v1" type="Warning" reason="VolumeFailedDelete" message="persistentvolume pvc-c1ab1afd-2f6a-458b-a6e3-2ae15572817e is still attached to node hp-69-tink-system"
2026-06-12T13:02:06.556544354Z I0612 13:02:06.556425       1 controller.go:1317] volume pvc-d1565a37-10bc-4375-bfce-0978b8200338 does not need any deletion secrets
2026-06-12T13:02:06.556575309Z E0612 13:02:06.556477       1 controller.go:1569] "Volume deletion failed" err="persistentvolume pvc-d1565a37-10bc-4375-bfce-0978b8200338 is still attached to node hp-69-tink-system" PV="pvc-d1565a37-10bc-4375-bfce-0978b8200338"
2026-06-12T13:02:06.556590271Z I0612 13:02:06.556528       1 controller.go:1021] "Retrying syncing volume" key="pvc-d1565a37-10bc-4375-bfce-0978b8200338" failures=3
2026-06-12T13:02:06.556595704Z E0612 13:02:06.556560       1 controller.go:1039] "Unhandled Error" err="error syncing volume \"pvc-d1565a37-10bc-4375-bfce-0978b8200338\": persistentvolume pvc-d1565a37-10bc-4375-bfce-0978b8200338 is still attached to node hp-69-tink-system" logger="UnhandledError"
2026-06-12T13:02:06.556687387Z I0612 13:02:06.556614       1 event.go:389] "Event occurred" object="pvc-d1565a37-10bc-4375-bfce-0978b8200338" fieldPath="" kind="PersistentVolume" apiVersion="v1" type="Warning" reason="VolumeFailedDelete" message="persistentvolume pvc-d1565a37-10bc-4375-bfce-0978b8200338 is still attached to node hp-69-tink-system"
2026-06-12T13:02:07.595164395Z I0612 13:02:07.595037       1 controller.go:1317] volume pvc-c1ab1afd-2f6a-458b-a6e3-2ae15572817e does not need any deletion secrets
2026-06-12T13:02:07.595196577Z E0612 13:02:07.595088       1 controller.go:1569] "Volume deletion failed" err="persistentvolume pvc-c1ab1afd-2f6a-458b-a6e3-2ae15572817e is still attached to node hp-69-tink-system" PV="pvc-c1ab1afd-2f6a-458b-a6e3-2ae15572817e"
2026-06-12T13:02:07.595210328Z I0612 13:02:07.595139       1 controller.go:1021] "Retrying syncing volume" key="pvc-c1ab1afd-2f6a-458b-a6e3-2ae15572817e" failures=3
2026-06-12T13:02:07.595215667Z E0612 13:02:07.595168       1 controller.go:1039] "Unhandled Error" err="error syncing volume \"pvc-c1ab1afd-2f6a-458b-a6e3-2ae15572817e\": persistentvolume pvc-c1ab1afd-2f6a-458b-a6e3-2ae15572817e is still attached to node hp-69-tink-system" logger="UnhandledError"
2026-06-12T13:02:07.595272032Z I0612 13:02:07.595220       1 event.go:389] "Event occurred" object="pvc-c1ab1afd-2f6a-458b-a6e3-2ae15572817e" fieldPath="" kind="PersistentVolume" apiVersion="v1" type="Warning" reason="VolumeFailedDelete" message="persistentvolume pvc-c1ab1afd-2f6a-458b-a6e3-2ae15572817e is still attached to node hp-69-tink-system"
2026-06-12T13:02:14.557228940Z I0612 13:02:14.557097       1 controller.go:1317] volume pvc-d1565a37-10bc-4375-bfce-0978b8200338 does not need any deletion secrets
2026-06-12T13:02:15.595942317Z I0612 13:02:15.595748       1 controller.go:1317] volume pvc-c1ab1afd-2f6a-458b-a6e3-2ae15572817e does not need any deletion secrets
2026-06-12T13:06:16.916265801Z I0612 13:06:16.916173       1 event.go:389] "Event occurred" object="default/vm-12h06m47s328335-06-12-disk-0" fieldPath="" kind="PersistentVolumeClaim" apiVersion="v1" type="Normal" reason="Provisioning" message="External provisioner is provisioning volume for claim \"default/vm-12h06m47s328335-06-12-disk-0\""
2026-06-12T13:06:16.955019130Z I0612 13:06:16.954907       1 controller.go:1317] volume pvc-f7a8f579-032b-4337-8cec-49520fe4efe6 does not need any deletion secrets
2026-06-12T13:06:16.956594022Z E0612 13:06:16.954953       1 controller.go:1569] "Volume deletion failed" err="persistentvolume pvc-f7a8f579-032b-4337-8cec-49520fe4efe6 is still attached to node hp-69-tink-system" PV="pvc-f7a8f579-032b-4337-8cec-49520fe4efe6"
2026-06-12T13:06:16.956842951Z I0612 13:06:16.956767       1 controller.go:1021] "Retrying syncing volume" key="pvc-f7a8f579-032b-4337-8cec-49520fe4efe6" failures=0
2026-06-12T13:06:16.956873159Z E0612 13:06:16.956810       1 controller.go:1039] "Unhandled Error" err="error syncing volume \"pvc-f7a8f579-032b-4337-8cec-49520fe4efe6\": persistentvolume pvc-f7a8f579-032b-4337-8cec-49520fe4efe6 is still attached to node hp-69-tink-system" logger="UnhandledError"
2026-06-12T13:06:16.956943448Z I0612 13:06:16.956874       1 event.go:389] "Event occurred" object="pvc-f7a8f579-032b-4337-8cec-49520fe4efe6" fieldPath="" kind="PersistentVolume" apiVersion="v1" type="Warning" reason="VolumeFailedDelete" message="persistentvolume pvc-f7a8f579-032b-4337-8cec-49520fe4efe6 is still attached to node hp-69-tink-system"
2026-06-12T13:06:17.048161450Z I0612 13:06:17.048048       1 controller.go:1317] volume pvc-58e62466-2525-4dc6-92d3-0be13e49e157 does not need any deletion secrets
2026-06-12T13:06:17.957782812Z I0612 13:06:17.957668       1 controller.go:1317] volume pvc-f7a8f579-032b-4337-8cec-49520fe4efe6 does not need any deletion secrets
2026-06-12T13:06:17.957807327Z E0612 13:06:17.957717       1 controller.go:1569] "Volume deletion failed" err="persistentvolume pvc-f7a8f579-032b-4337-8cec-49520fe4efe6 is still attached to node hp-69-tink-system" PV="pvc-f7a8f579-032b-4337-8cec-49520fe4efe6"
2026-06-12T13:06:17.957820962Z I0612 13:06:17.957786       1 controller.go:1021] "Retrying syncing volume" key="pvc-f7a8f579-032b-4337-8cec-49520fe4efe6" failures=1
2026-06-12T13:06:17.957851152Z E0612 13:06:17.957816       1 controller.go:1039] "Unhandled Error" err="error syncing volume \"pvc-f7a8f579-032b-4337-8cec-49520fe4efe6\": persistentvolume pvc-f7a8f579-032b-4337-8cec-49520fe4efe6 is still attached to node hp-69-tink-system" logger="UnhandledError"
2026-06-12T13:06:17.957897877Z I0612 13:06:17.957851       1 event.go:389] "Event occurred" object="pvc-f7a8f579-032b-4337-8cec-49520fe4efe6" fieldPath="" kind="PersistentVolume" apiVersion="v1" type="Warning" reason="VolumeFailedDelete" message="persistentvolume pvc-f7a8f579-032b-4337-8cec-49520fe4efe6 is still attached to node hp-69-tink-system"
2026-06-12T13:06:19.045842189Z I0612 13:06:19.045772       1 controller.go:959] successfully created PV pvc-e8b87240-6e7a-4e42-95fd-e824e3ef4d88 for PVC vm-12h06m47s328335-06-12-disk-0 and csi volume name pvc-e8b87240-6e7a-4e42-95fd-e824e3ef4d88
2026-06-12T13:06:19.057873545Z I0612 13:06:19.057710       1 event.go:389] "Event occurred" object="default/vm-12h06m47s328335-06-12-disk-0" fieldPath="" kind="PersistentVolumeClaim" apiVersion="v1" type="Normal" reason="ProvisioningSucceeded" message="Successfully provisioned volume pvc-e8b87240-6e7a-4e42-95fd-e824e3ef4d88"
2026-06-12T13:06:19.057898658Z I0612 13:06:19.057746       1 event.go:389] "Event occurred" object="default/vm-12h06m47s328335-06-12-disk-0" fieldPath="" kind="PersistentVolumeClaim" apiVersion="v1" type="Normal" reason="Provisioning" message="External provisioner is provisioning volume for claim \"default/vm-12h06m47s328335-06-12-disk-0\""
2026-06-12T13:06:19.062716526Z I0612 13:06:19.061563       1 controller.go:959] successfully created PV pvc-e8b87240-6e7a-4e42-95fd-e824e3ef4d88 for PVC vm-12h06m47s328335-06-12-disk-0 and csi volume name pvc-e8b87240-6e7a-4e42-95fd-e824e3ef4d88
2026-06-12T13:06:19.075857459Z I0612 13:06:19.075756       1 event.go:389] "Event occurred" object="default/vm-12h06m47s328335-06-12-disk-0" fieldPath="" kind="PersistentVolumeClaim" apiVersion="v1" type="Normal" reason="ProvisioningSucceeded" message="Successfully provisioned volume pvc-e8b87240-6e7a-4e42-95fd-e824e3ef4d88"
2026-06-12T13:06:19.108623264Z I0612 13:06:19.108512       1 controller.go:1317] volume pvc-58e62466-2525-4dc6-92d3-0be13e49e157 does not need any deletion secrets
2026-06-12T13:06:19.112153347Z I0612 13:06:19.112086       1 controller.go:1580] "Failed to delete persistentvolume" PV="pvc-58e62466-2525-4dc6-92d3-0be13e49e157" err="persistentvolumes \"pvc-58e62466-2525-4dc6-92d3-0be13e49e157\" not found"
2026-06-12T13:06:19.112170800Z I0612 13:06:19.112112       1 controller.go:1021] "Retrying syncing volume" key="pvc-58e62466-2525-4dc6-92d3-0be13e49e157" failures=0
2026-06-12T13:06:19.112183114Z E0612 13:06:19.112144       1 controller.go:1039] "Unhandled Error" err="error syncing volume \"pvc-58e62466-2525-4dc6-92d3-0be13e49e157\": persistentvolumes \"pvc-58e62466-2525-4dc6-92d3-0be13e49e157\" not found" logger="UnhandledError"
2026-06-12T13:06:19.959068385Z I0612 13:06:19.958914       1 controller.go:1317] volume pvc-f7a8f579-032b-4337-8cec-49520fe4efe6 does not need any deletion secrets
2026-06-12T13:06:19.959090881Z E0612 13:06:19.958958       1 controller.go:1569] "Volume deletion failed" err="persistentvolume pvc-f7a8f579-032b-4337-8cec-49520fe4efe6 is still attached to node hp-69-tink-system" PV="pvc-f7a8f579-032b-4337-8cec-49520fe4efe6"
2026-06-12T13:06:19.959094628Z I0612 13:06:19.959004       1 controller.go:1021] "Retrying syncing volume" key="pvc-f7a8f579-032b-4337-8cec-49520fe4efe6" failures=2
2026-06-12T13:06:19.959097990Z E0612 13:06:19.959031       1 controller.go:1039] "Unhandled Error" err="error syncing volume \"pvc-f7a8f579-032b-4337-8cec-49520fe4efe6\": persistentvolume pvc-f7a8f579-032b-4337-8cec-49520fe4efe6 is still attached to node hp-69-tink-system" logger="UnhandledError"
2026-06-12T13:06:19.959108622Z I0612 13:06:19.959071       1 event.go:389] "Event occurred" object="pvc-f7a8f579-032b-4337-8cec-49520fe4efe6" fieldPath="" kind="PersistentVolume" apiVersion="v1" type="Warning" reason="VolumeFailedDelete" message="persistentvolume pvc-f7a8f579-032b-4337-8cec-49520fe4efe6 is still attached to node hp-69-tink-system"
2026-06-12T13:06:23.960117960Z I0612 13:06:23.959955       1 controller.go:1317] volume pvc-f7a8f579-032b-4337-8cec-49520fe4efe6 does not need any deletion secrets
2026-06-12T13:06:25.999511637Z I0612 13:06:25.999259       1 controller.go:1317] volume pvc-f7a8f579-032b-4337-8cec-49520fe4efe6 does not need any deletion secrets
2026-06-12T13:06:26.008784138Z I0612 13:06:26.008656       1 controller.go:1580] "Failed to delete persistentvolume" PV="pvc-f7a8f579-032b-4337-8cec-49520fe4efe6" err="persistentvolumes \"pvc-f7a8f579-032b-4337-8cec-49520fe4efe6\" not found"
2026-06-12T13:06:26.008827343Z I0612 13:06:26.008685       1 controller.go:1021] "Retrying syncing volume" key="pvc-f7a8f579-032b-4337-8cec-49520fe4efe6" failures=0
2026-06-12T13:06:26.008885153Z E0612 13:06:26.008715       1 controller.go:1039] "Unhandled Error" err="error syncing volume \"pvc-f7a8f579-032b-4337-8cec-49520fe4efe6\": persistentvolumes \"pvc-f7a8f579-032b-4337-8cec-49520fe4efe6\" not found" logger="UnhandledError"
2026-06-12T13:08:09.577936590Z I0612 13:08:09.577816       1 event.go:389] "Event occurred" object="default/vm-12h06m47s328335-06-12-disabled-disk-0" fieldPath="" kind="PersistentVolumeClaim" apiVersion="v1" type="Normal" reason="Provisioning" message="External provisioner is provisioning volume for claim \"default/vm-12h06m47s328335-06-12-disabled-disk-0\""
2026-06-12T13:08:09.594591741Z I0612 13:08:09.594494       1 controller.go:1317] volume pvc-e8b87240-6e7a-4e42-95fd-e824e3ef4d88 does not need any deletion secrets
2026-06-12T13:08:09.594614774Z E0612 13:08:09.594536       1 controller.go:1569] "Volume deletion failed" err="persistentvolume pvc-e8b87240-6e7a-4e42-95fd-e824e3ef4d88 is still attached to node hp-69-tink-system" PV="pvc-e8b87240-6e7a-4e42-95fd-e824e3ef4d88"
2026-06-12T13:08:09.594627355Z I0612 13:08:09.594581       1 controller.go:1021] "Retrying syncing volume" key="pvc-e8b87240-6e7a-4e42-95fd-e824e3ef4d88" failures=0
2026-06-12T13:08:09.594634734Z E0612 13:08:09.594614       1 controller.go:1039] "Unhandled Error" err="error syncing volume \"pvc-e8b87240-6e7a-4e42-95fd-e824e3ef4d88\": persistentvolume pvc-e8b87240-6e7a-4e42-95fd-e824e3ef4d88 is still attached to node hp-69-tink-system" logger="UnhandledError"
2026-06-12T13:08:09.594707419Z I0612 13:08:09.594655       1 event.go:389] "Event occurred" object="pvc-e8b87240-6e7a-4e42-95fd-e824e3ef4d88" fieldPath="" kind="PersistentVolume" apiVersion="v1" type="Warning" reason="VolumeFailedDelete" message="persistentvolume pvc-e8b87240-6e7a-4e42-95fd-e824e3ef4d88 is still attached to node hp-69-tink-system"
2026-06-12T13:08:10.595864959Z I0612 13:08:10.595718       1 controller.go:1317] volume pvc-e8b87240-6e7a-4e42-95fd-e824e3ef4d88 does not need any deletion secrets
2026-06-12T13:08:10.595892037Z E0612 13:08:10.595765       1 controller.go:1569] "Volume deletion failed" err="persistentvolume pvc-e8b87240-6e7a-4e42-95fd-e824e3ef4d88 is still attached to node hp-69-tink-system" PV="pvc-e8b87240-6e7a-4e42-95fd-e824e3ef4d88"
2026-06-12T13:08:10.595905730Z I0612 13:08:10.595834       1 controller.go:1021] "Retrying syncing volume" key="pvc-e8b87240-6e7a-4e42-95fd-e824e3ef4d88" failures=1
2026-06-12T13:08:10.595910024Z E0612 13:08:10.595862       1 controller.go:1039] "Unhandled Error" err="error syncing volume \"pvc-e8b87240-6e7a-4e42-95fd-e824e3ef4d88\": persistentvolume pvc-e8b87240-6e7a-4e42-95fd-e824e3ef4d88 is still attached to node hp-69-tink-system" logger="UnhandledError"
2026-06-12T13:08:10.595959796Z I0612 13:08:10.595907       1 event.go:389] "Event occurred" object="pvc-e8b87240-6e7a-4e42-95fd-e824e3ef4d88" fieldPath="" kind="PersistentVolume" apiVersion="v1" type="Warning" reason="VolumeFailedDelete" message="persistentvolume pvc-e8b87240-6e7a-4e42-95fd-e824e3ef4d88 is still attached to node hp-69-tink-system"
2026-06-12T13:08:11.711775103Z I0612 13:08:11.711692       1 controller.go:959] successfully created PV pvc-8427466d-3277-4d00-8015-83b2d5288ebc for PVC vm-12h06m47s328335-06-12-disabled-disk-0 and csi volume name pvc-8427466d-3277-4d00-8015-83b2d5288ebc
2026-06-12T13:08:11.720962402Z I0612 13:08:11.720804       1 event.go:389] "Event occurred" object="default/vm-12h06m47s328335-06-12-disabled-disk-0" fieldPath="" kind="PersistentVolumeClaim" apiVersion="v1" type="Normal" reason="ProvisioningSucceeded" message="Successfully provisioned volume pvc-8427466d-3277-4d00-8015-83b2d5288ebc"
2026-06-12T13:08:11.720995120Z I0612 13:08:11.720860       1 event.go:389] "Event occurred" object="default/vm-12h06m47s328335-06-12-disabled-disk-0" fieldPath="" kind="PersistentVolumeClaim" apiVersion="v1" type="Normal" reason="Provisioning" message="External provisioner is provisioning volume for claim \"default/vm-12h06m47s328335-06-12-disabled-disk-0\""
2026-06-12T13:08:11.723970540Z I0612 13:08:11.723889       1 controller.go:959] successfully created PV pvc-8427466d-3277-4d00-8015-83b2d5288ebc for PVC vm-12h06m47s328335-06-12-disabled-disk-0 and csi volume name pvc-8427466d-3277-4d00-8015-83b2d5288ebc
2026-06-12T13:08:11.751969049Z I0612 13:08:11.751681       1 event.go:389] "Event occurred" object="default/vm-12h06m47s328335-06-12-disabled-disk-0" fieldPath="" kind="PersistentVolumeClaim" apiVersion="v1" type="Normal" reason="ProvisioningSucceeded" message="Successfully provisioned volume pvc-8427466d-3277-4d00-8015-83b2d5288ebc"
2026-06-12T13:08:12.596880667Z I0612 13:08:12.596768       1 controller.go:1317] volume pvc-e8b87240-6e7a-4e42-95fd-e824e3ef4d88 does not need any deletion secrets
2026-06-12T13:08:12.596905689Z E0612 13:08:12.596817       1 controller.go:1569] "Volume deletion failed" err="persistentvolume pvc-e8b87240-6e7a-4e42-95fd-e824e3ef4d88 is still attached to node hp-69-tink-system" PV="pvc-e8b87240-6e7a-4e42-95fd-e824e3ef4d88"
2026-06-12T13:08:12.596917013Z I0612 13:08:12.596863       1 controller.go:1021] "Retrying syncing volume" key="pvc-e8b87240-6e7a-4e42-95fd-e824e3ef4d88" failures=2
2026-06-12T13:08:12.596924838Z E0612 13:08:12.596893       1 controller.go:1039] "Unhandled Error" err="error syncing volume \"pvc-e8b87240-6e7a-4e42-95fd-e824e3ef4d88\": persistentvolume pvc-e8b87240-6e7a-4e42-95fd-e824e3ef4d88 is still attached to node hp-69-tink-system" logger="UnhandledError"
2026-06-12T13:08:12.596961133Z I0612 13:08:12.596917       1 event.go:389] "Event occurred" object="pvc-e8b87240-6e7a-4e42-95fd-e824e3ef4d88" fieldPath="" kind="PersistentVolume" apiVersion="v1" type="Warning" reason="VolumeFailedDelete" message="persistentvolume pvc-e8b87240-6e7a-4e42-95fd-e824e3ef4d88 is still attached to node hp-69-tink-system"
2026-06-12T13:08:16.597821979Z I0612 13:08:16.597615       1 controller.go:1317] volume pvc-e8b87240-6e7a-4e42-95fd-e824e3ef4d88 does not need any deletion secrets
2026-06-12T13:09:16.435672882Z I0612 13:09:16.435563       1 event.go:389] "Event occurred" object="default/vm-12h06m47s328335-06-12-modified-disk-0" fieldPath="" kind="PersistentVolumeClaim" apiVersion="v1" type="Normal" reason="Provisioning" message="External provisioner is provisioning volume for claim \"default/vm-12h06m47s328335-06-12-modified-disk-0\""
2026-06-12T13:09:16.505592818Z I0612 13:09:16.505079       1 controller.go:1317] volume pvc-8427466d-3277-4d00-8015-83b2d5288ebc does not need any deletion secrets
2026-06-12T13:09:16.505617820Z E0612 13:09:16.505123       1 controller.go:1569] "Volume deletion failed" err="persistentvolume pvc-8427466d-3277-4d00-8015-83b2d5288ebc is still attached to node hp-69-tink-system" PV="pvc-8427466d-3277-4d00-8015-83b2d5288ebc"
2026-06-12T13:09:16.505633071Z I0612 13:09:16.505182       1 controller.go:1021] "Retrying syncing volume" key="pvc-8427466d-3277-4d00-8015-83b2d5288ebc" failures=0
2026-06-12T13:09:16.505638571Z E0612 13:09:16.505218       1 controller.go:1039] "Unhandled Error" err="error syncing volume \"pvc-8427466d-3277-4d00-8015-83b2d5288ebc\": persistentvolume pvc-8427466d-3277-4d00-8015-83b2d5288ebc is still attached to node hp-69-tink-system" logger="UnhandledError"
2026-06-12T13:09:16.505696085Z I0612 13:09:16.505547       1 event.go:389] "Event occurred" object="pvc-8427466d-3277-4d00-8015-83b2d5288ebc" fieldPath="" kind="PersistentVolume" apiVersion="v1" type="Warning" reason="VolumeFailedDelete" message="persistentvolume pvc-8427466d-3277-4d00-8015-83b2d5288ebc is still attached to node hp-69-tink-system"
2026-06-12T13:09:17.505948626Z I0612 13:09:17.505818       1 controller.go:1317] volume pvc-8427466d-3277-4d00-8015-83b2d5288ebc does not need any deletion secrets
2026-06-12T13:09:18.555242680Z I0612 13:09:18.555138       1 controller.go:959] successfully created PV pvc-9ea7df94-0de0-4ba5-9b20-00ca8d5c1514 for PVC vm-12h06m47s328335-06-12-modified-disk-0 and csi volume name pvc-9ea7df94-0de0-4ba5-9b20-00ca8d5c1514
2026-06-12T13:09:18.560076769Z I0612 13:09:18.559981       1 event.go:389] "Event occurred" object="default/vm-12h06m47s328335-06-12-modified-disk-0" fieldPath="" kind="PersistentVolumeClaim" apiVersion="v1" type="Normal" reason="ProvisioningSucceeded" message="Successfully provisioned volume pvc-9ea7df94-0de0-4ba5-9b20-00ca8d5c1514"
2026-06-12T13:09:19.533105768Z I0612 13:09:19.532974       1 controller.go:1317] volume pvc-8427466d-3277-4d00-8015-83b2d5288ebc does not need any deletion secrets
2026-06-12T13:09:19.536129787Z I0612 13:09:19.535993       1 controller.go:1580] "Failed to delete persistentvolume" PV="pvc-8427466d-3277-4d00-8015-83b2d5288ebc" err="persistentvolumes \"pvc-8427466d-3277-4d00-8015-83b2d5288ebc\" not found"
2026-06-12T13:09:19.536146366Z I0612 13:09:19.536022       1 controller.go:1021] "Retrying syncing volume" key="pvc-8427466d-3277-4d00-8015-83b2d5288ebc" failures=0
2026-06-12T13:09:19.536152478Z E0612 13:09:19.536052       1 controller.go:1039] "Unhandled Error" err="error syncing volume \"pvc-8427466d-3277-4d00-8015-83b2d5288ebc\": persistentvolumes \"pvc-8427466d-3277-4d00-8015-83b2d5288ebc\" not found" logger="UnhandledError"
2026-06-12T13:10:14.223430116Z I0612 13:10:14.223180       1 controller.go:1317] volume pvc-9ea7df94-0de0-4ba5-9b20-00ca8d5c1514 does not need any deletion secrets
2026-06-12T13:10:14.223458609Z E0612 13:10:14.223228       1 controller.go:1569] "Volume deletion failed" err="persistentvolume pvc-9ea7df94-0de0-4ba5-9b20-00ca8d5c1514 is still attached to node hp-69-tink-system" PV="pvc-9ea7df94-0de0-4ba5-9b20-00ca8d5c1514"
2026-06-12T13:10:14.223463592Z I0612 13:10:14.223268       1 controller.go:1021] "Retrying syncing volume" key="pvc-9ea7df94-0de0-4ba5-9b20-00ca8d5c1514" failures=0
2026-06-12T13:10:14.223468553Z E0612 13:10:14.223294       1 controller.go:1039] "Unhandled Error" err="error syncing volume \"pvc-9ea7df94-0de0-4ba5-9b20-00ca8d5c1514\": persistentvolume pvc-9ea7df94-0de0-4ba5-9b20-00ca8d5c1514 is still attached to node hp-69-tink-system" logger="UnhandledError"
2026-06-12T13:10:14.223626374Z I0612 13:10:14.223539       1 event.go:389] "Event occurred" object="pvc-9ea7df94-0de0-4ba5-9b20-00ca8d5c1514" fieldPath="" kind="PersistentVolume" apiVersion="v1" type="Warning" reason="VolumeFailedDelete" message="persistentvolume pvc-9ea7df94-0de0-4ba5-9b20-00ca8d5c1514 is still attached to node hp-69-tink-system"
2026-06-12T13:10:14.269898073Z I0612 13:10:14.269801       1 event.go:389] "Event occurred" object="default/vm-12h06m47s328335-06-12-modi-ratio-disk-0" fieldPath="" kind="PersistentVolumeClaim" apiVersion="v1" type="Normal" reason="Provisioning" message="External provisioner is provisioning volume for claim \"default/vm-12h06m47s328335-06-12-modi-ratio-disk-0\""
2026-06-12T13:10:15.223915152Z I0612 13:10:15.223777       1 controller.go:1317] volume pvc-9ea7df94-0de0-4ba5-9b20-00ca8d5c1514 does not need any deletion secrets
2026-06-12T13:10:15.223939304Z E0612 13:10:15.223822       1 controller.go:1569] "Volume deletion failed" err="persistentvolume pvc-9ea7df94-0de0-4ba5-9b20-00ca8d5c1514 is still attached to node hp-69-tink-system" PV="pvc-9ea7df94-0de0-4ba5-9b20-00ca8d5c1514"
2026-06-12T13:10:15.223944404Z I0612 13:10:15.223869       1 controller.go:1021] "Retrying syncing volume" key="pvc-9ea7df94-0de0-4ba5-9b20-00ca8d5c1514" failures=1
2026-06-12T13:10:15.223968265Z E0612 13:10:15.223899       1 controller.go:1039] "Unhandled Error" err="error syncing volume \"pvc-9ea7df94-0de0-4ba5-9b20-00ca8d5c1514\": persistentvolume pvc-9ea7df94-0de0-4ba5-9b20-00ca8d5c1514 is still attached to node hp-69-tink-system" logger="UnhandledError"
2026-06-12T13:10:15.223985403Z I0612 13:10:15.223926       1 event.go:389] "Event occurred" object="pvc-9ea7df94-0de0-4ba5-9b20-00ca8d5c1514" fieldPath="" kind="PersistentVolume" apiVersion="v1" type="Warning" reason="VolumeFailedDelete" message="persistentvolume pvc-9ea7df94-0de0-4ba5-9b20-00ca8d5c1514 is still attached to node hp-69-tink-system"
2026-06-12T13:10:16.399243114Z I0612 13:10:16.399153       1 controller.go:959] successfully created PV pvc-6ee0ef28-0042-4a35-9d18-16b236a64de0 for PVC vm-12h06m47s328335-06-12-modi-ratio-disk-0 and csi volume name pvc-6ee0ef28-0042-4a35-9d18-16b236a64de0
2026-06-12T13:10:16.416852128Z I0612 13:10:16.416717       1 event.go:389] "Event occurred" object="default/vm-12h06m47s328335-06-12-modi-ratio-disk-0" fieldPath="" kind="PersistentVolumeClaim" apiVersion="v1" type="Normal" reason="ProvisioningSucceeded" message="Successfully provisioned volume pvc-6ee0ef28-0042-4a35-9d18-16b236a64de0"
2026-06-12T13:10:16.416884915Z I0612 13:10:16.416756       1 event.go:389] "Event occurred" object="default/vm-12h06m47s328335-06-12-modi-ratio-disk-0" fieldPath="" kind="PersistentVolumeClaim" apiVersion="v1" type="Normal" reason="Provisioning" message="External provisioner is provisioning volume for claim \"default/vm-12h06m47s328335-06-12-modi-ratio-disk-0\""
2026-06-12T13:10:16.420020378Z I0612 13:10:16.419941       1 controller.go:959] successfully created PV pvc-6ee0ef28-0042-4a35-9d18-16b236a64de0 for PVC vm-12h06m47s328335-06-12-modi-ratio-disk-0 and csi volume name pvc-6ee0ef28-0042-4a35-9d18-16b236a64de0
2026-06-12T13:10:16.444719940Z I0612 13:10:16.444612       1 event.go:389] "Event occurred" object="default/vm-12h06m47s328335-06-12-modi-ratio-disk-0" fieldPath="" kind="PersistentVolumeClaim" apiVersion="v1" type="Normal" reason="ProvisioningSucceeded" message="Successfully provisioned volume pvc-6ee0ef28-0042-4a35-9d18-16b236a64de0"
2026-06-12T13:10:17.224639335Z I0612 13:10:17.224523       1 controller.go:1317] volume pvc-9ea7df94-0de0-4ba5-9b20-00ca8d5c1514 does not need any deletion secrets
2026-06-12T13:10:17.224669394Z E0612 13:10:17.224575       1 controller.go:1569] "Volume deletion failed" err="persistentvolume pvc-9ea7df94-0de0-4ba5-9b20-00ca8d5c1514 is still attached to node hp-69-tink-system" PV="pvc-9ea7df94-0de0-4ba5-9b20-00ca8d5c1514"
2026-06-12T13:10:17.224742442Z I0612 13:10:17.224631       1 controller.go:1021] "Retrying syncing volume" key="pvc-9ea7df94-0de0-4ba5-9b20-00ca8d5c1514" failures=2
2026-06-12T13:10:17.224749118Z E0612 13:10:17.224695       1 controller.go:1039] "Unhandled Error" err="error syncing volume \"pvc-9ea7df94-0de0-4ba5-9b20-00ca8d5c1514\": persistentvolume pvc-9ea7df94-0de0-4ba5-9b20-00ca8d5c1514 is still attached to node hp-69-tink-system" logger="UnhandledError"
2026-06-12T13:10:17.224753350Z I0612 13:10:17.224703       1 event.go:389] "Event occurred" object="pvc-9ea7df94-0de0-4ba5-9b20-00ca8d5c1514" fieldPath="" kind="PersistentVolume" apiVersion="v1" type="Warning" reason="VolumeFailedDelete" message="persistentvolume pvc-9ea7df94-0de0-4ba5-9b20-00ca8d5c1514 is still attached to node hp-69-tink-system"
2026-06-12T13:10:21.225806073Z I0612 13:10:21.225660       1 controller.go:1317] volume pvc-9ea7df94-0de0-4ba5-9b20-00ca8d5c1514 does not need any deletion secrets
2026-06-12T13:10:23.257164359Z I0612 13:10:23.257064       1 controller.go:1317] volume pvc-9ea7df94-0de0-4ba5-9b20-00ca8d5c1514 does not need any deletion secrets
2026-06-12T13:10:23.260190125Z I0612 13:10:23.260067       1 controller.go:1580] "Failed to delete persistentvolume" PV="pvc-9ea7df94-0de0-4ba5-9b20-00ca8d5c1514" err="persistentvolumes \"pvc-9ea7df94-0de0-4ba5-9b20-00ca8d5c1514\" not found"
2026-06-12T13:10:23.260208337Z I0612 13:10:23.260097       1 controller.go:1021] "Retrying syncing volume" key="pvc-9ea7df94-0de0-4ba5-9b20-00ca8d5c1514" failures=0
2026-06-12T13:10:23.260213411Z E0612 13:10:23.260128       1 controller.go:1039] "Unhandled Error" err="error syncing volume \"pvc-9ea7df94-0de0-4ba5-9b20-00ca8d5c1514\": persistentvolumes \"pvc-9ea7df94-0de0-4ba5-9b20-00ca8d5c1514\" not found" logger="UnhandledError"
2026-06-12T13:11:15.206202838Z I0612 13:11:15.206037       1 controller.go:1317] volume pvc-6ee0ef28-0042-4a35-9d18-16b236a64de0 does not need any deletion secrets
2026-06-12T13:11:15.206228049Z E0612 13:11:15.206079       1 controller.go:1569] "Volume deletion failed" err="persistentvolume pvc-6ee0ef28-0042-4a35-9d18-16b236a64de0 is still attached to node hp-69-tink-system" PV="pvc-6ee0ef28-0042-4a35-9d18-16b236a64de0"
2026-06-12T13:11:15.206302280Z I0612 13:11:15.206124       1 controller.go:1021] "Retrying syncing volume" key="pvc-6ee0ef28-0042-4a35-9d18-16b236a64de0" failures=0
2026-06-12T13:11:15.206308247Z E0612 13:11:15.206154       1 controller.go:1039] "Unhandled Error" err="error syncing volume \"pvc-6ee0ef28-0042-4a35-9d18-16b236a64de0\": persistentvolume pvc-6ee0ef28-0042-4a35-9d18-16b236a64de0 is still attached to node hp-69-tink-system" logger="UnhandledError"
2026-06-12T13:11:15.206955034Z I0612 13:11:15.206882       1 event.go:389] "Event occurred" object="pvc-6ee0ef28-0042-4a35-9d18-16b236a64de0" fieldPath="" kind="PersistentVolume" apiVersion="v1" type="Warning" reason="VolumeFailedDelete" message="persistentvolume pvc-6ee0ef28-0042-4a35-9d18-16b236a64de0 is still attached to node hp-69-tink-system"
2026-06-12T13:11:16.207187612Z I0612 13:11:16.207044       1 controller.go:1317] volume pvc-6ee0ef28-0042-4a35-9d18-16b236a64de0 does not need any deletion secrets
2026-06-12T13:11:16.207209789Z E0612 13:11:16.207089       1 controller.go:1569] "Volume deletion failed" err="persistentvolume pvc-6ee0ef28-0042-4a35-9d18-16b236a64de0 is still attached to node hp-69-tink-system" PV="pvc-6ee0ef28-0042-4a35-9d18-16b236a64de0"
2026-06-12T13:11:16.207213713Z I0612 13:11:16.207134       1 controller.go:1021] "Retrying syncing volume" key="pvc-6ee0ef28-0042-4a35-9d18-16b236a64de0" failures=1
2026-06-12T13:11:16.207224270Z E0612 13:11:16.207159       1 controller.go:1039] "Unhandled Error" err="error syncing volume \"pvc-6ee0ef28-0042-4a35-9d18-16b236a64de0\": persistentvolume pvc-6ee0ef28-0042-4a35-9d18-16b236a64de0 is still attached to node hp-69-tink-system" logger="UnhandledError"
2026-06-12T13:11:16.207236268Z I0612 13:11:16.207198       1 event.go:389] "Event occurred" object="pvc-6ee0ef28-0042-4a35-9d18-16b236a64de0" fieldPath="" kind="PersistentVolume" apiVersion="v1" type="Warning" reason="VolumeFailedDelete" message="persistentvolume pvc-6ee0ef28-0042-4a35-9d18-16b236a64de0 is still attached to node hp-69-tink-system"
2026-06-12T13:11:18.207873685Z I0612 13:11:18.207765       1 controller.go:1317] volume pvc-6ee0ef28-0042-4a35-9d18-16b236a64de0 does not need any deletion secrets
2026-06-12T13:11:18.207904585Z E0612 13:11:18.207822       1 controller.go:1569] "Volume deletion failed" err="persistentvolume pvc-6ee0ef28-0042-4a35-9d18-16b236a64de0 is still attached to node hp-69-tink-system" PV="pvc-6ee0ef28-0042-4a35-9d18-16b236a64de0"
2026-06-12T13:11:18.207950329Z I0612 13:11:18.207897       1 controller.go:1021] "Retrying syncing volume" key="pvc-6ee0ef28-0042-4a35-9d18-16b236a64de0" failures=2
2026-06-12T13:11:18.207980789Z E0612 13:11:18.207929       1 controller.go:1039] "Unhandled Error" err="error syncing volume \"pvc-6ee0ef28-0042-4a35-9d18-16b236a64de0\": persistentvolume pvc-6ee0ef28-0042-4a35-9d18-16b236a64de0 is still attached to node hp-69-tink-system" logger="UnhandledError"
2026-06-12T13:11:18.208097095Z I0612 13:11:18.208002       1 event.go:389] "Event occurred" object="pvc-6ee0ef28-0042-4a35-9d18-16b236a64de0" fieldPath="" kind="PersistentVolume" apiVersion="v1" type="Warning" reason="VolumeFailedDelete" message="persistentvolume pvc-6ee0ef28-0042-4a35-9d18-16b236a64de0 is still attached to node hp-69-tink-system"
2026-06-12T13:11:22.209215125Z I0612 13:11:22.209032       1 controller.go:1317] volume pvc-6ee0ef28-0042-4a35-9d18-16b236a64de0 does not need any deletion secrets
2026-06-12T13:11:24.242691117Z I0612 13:11:24.242557       1 controller.go:1317] volume pvc-6ee0ef28-0042-4a35-9d18-16b236a64de0 does not need any deletion secrets
2026-06-12T13:11:24.246256155Z I0612 13:11:24.246145       1 controller.go:1580] "Failed to delete persistentvolume" PV="pvc-6ee0ef28-0042-4a35-9d18-16b236a64de0" err="persistentvolumes \"pvc-6ee0ef28-0042-4a35-9d18-16b236a64de0\" not found"
2026-06-12T13:11:24.246300786Z I0612 13:11:24.246178       1 controller.go:1021] "Retrying syncing volume" key="pvc-6ee0ef28-0042-4a35-9d18-16b236a64de0" failures=0
2026-06-12T13:11:24.246391447Z E0612 13:11:24.246216       1 controller.go:1039] "Unhandled Error" err="error syncing volume \"pvc-6ee0ef28-0042-4a35-9d18-16b236a64de0\": persistentvolumes \"pvc-6ee0ef28-0042-4a35-9d18-16b236a64de0\" not found" logger="UnhandledError"
2026-06-12T13:11:29.115411686Z I0612 13:11:29.115270       1 event.go:389] "Event occurred" object="default/vm-12h06m47s328335-06-12-disabled-disk-0" fieldPath="" kind="PersistentVolumeClaim" apiVersion="v1" type="Normal" reason="Provisioning" message="External provisioner is provisioning volume for claim \"default/vm-12h06m47s328335-06-12-disabled-disk-0\""
2026-06-12T13:11:31.238307095Z I0612 13:11:31.238177       1 controller.go:959] successfully created PV pvc-a4ae6a99-8e27-4c13-bb5e-f95904a6e5fc for PVC vm-12h06m47s328335-06-12-disabled-disk-0 and csi volume name pvc-a4ae6a99-8e27-4c13-bb5e-f95904a6e5fc
2026-06-12T13:11:31.256201725Z I0612 13:11:31.256113       1 event.go:389] "Event occurred" object="default/vm-12h06m47s328335-06-12-disabled-disk-0" fieldPath="" kind="PersistentVolumeClaim" apiVersion="v1" type="Normal" reason="ProvisioningSucceeded" message="Successfully provisioned volume pvc-a4ae6a99-8e27-4c13-bb5e-f95904a6e5fc"
2026-06-12T13:12:37.430004115Z I0612 13:12:37.429901       1 controller.go:1317] volume pvc-a4ae6a99-8e27-4c13-bb5e-f95904a6e5fc does not need any deletion secrets
2026-06-12T13:12:37.430027708Z E0612 13:12:37.429937       1 controller.go:1569] "Volume deletion failed" err="persistentvolume pvc-a4ae6a99-8e27-4c13-bb5e-f95904a6e5fc is still attached to node hp-69-tink-system" PV="pvc-a4ae6a99-8e27-4c13-bb5e-f95904a6e5fc"
2026-06-12T13:12:37.430040661Z I0612 13:12:37.430003       1 controller.go:1021] "Retrying syncing volume" key="pvc-a4ae6a99-8e27-4c13-bb5e-f95904a6e5fc" failures=0
2026-06-12T13:12:37.430050543Z E0612 13:12:37.430032       1 controller.go:1039] "Unhandled Error" err="error syncing volume \"pvc-a4ae6a99-8e27-4c13-bb5e-f95904a6e5fc\": persistentvolume pvc-a4ae6a99-8e27-4c13-bb5e-f95904a6e5fc is still attached to node hp-69-tink-system" logger="UnhandledError"
2026-06-12T13:12:37.430126624Z I0612 13:12:37.430063       1 event.go:389] "Event occurred" object="pvc-a4ae6a99-8e27-4c13-bb5e-f95904a6e5fc" fieldPath="" kind="PersistentVolume" apiVersion="v1" type="Warning" reason="VolumeFailedDelete" message="persistentvolume pvc-a4ae6a99-8e27-4c13-bb5e-f95904a6e5fc is still attached to node hp-69-tink-system"
2026-06-12T13:12:38.433661344Z I0612 13:12:38.433523       1 controller.go:1317] volume pvc-a4ae6a99-8e27-4c13-bb5e-f95904a6e5fc does not need any deletion secrets
2026-06-12T13:12:38.433835343Z E0612 13:12:38.433750       1 controller.go:1569] "Volume deletion failed" err="persistentvolume pvc-a4ae6a99-8e27-4c13-bb5e-f95904a6e5fc is still attached to node hp-69-tink-system" PV="pvc-a4ae6a99-8e27-4c13-bb5e-f95904a6e5fc"
2026-06-12T13:12:38.434013182Z I0612 13:12:38.433934       1 controller.go:1021] "Retrying syncing volume" key="pvc-a4ae6a99-8e27-4c13-bb5e-f95904a6e5fc" failures=1
2026-06-12T13:12:38.434334816Z E0612 13:12:38.434247       1 controller.go:1039] "Unhandled Error" err="error syncing volume \"pvc-a4ae6a99-8e27-4c13-bb5e-f95904a6e5fc\": persistentvolume pvc-a4ae6a99-8e27-4c13-bb5e-f95904a6e5fc is still attached to node hp-69-tink-system" logger="UnhandledError"
2026-06-12T13:12:38.434755757Z I0612 13:12:38.434179       1 event.go:389] "Event occurred" object="pvc-a4ae6a99-8e27-4c13-bb5e-f95904a6e5fc" fieldPath="" kind="PersistentVolume" apiVersion="v1" type="Warning" reason="VolumeFailedDelete" message="persistentvolume pvc-a4ae6a99-8e27-4c13-bb5e-f95904a6e5fc is still attached to node hp-69-tink-system"
2026-06-12T13:12:40.435108208Z I0612 13:12:40.435019       1 controller.go:1317] volume pvc-a4ae6a99-8e27-4c13-bb5e-f95904a6e5fc does not need any deletion secrets
2026-06-12T13:12:40.435139826Z E0612 13:12:40.435060       1 controller.go:1569] "Volume deletion failed" err="persistentvolume pvc-a4ae6a99-8e27-4c13-bb5e-f95904a6e5fc is still attached to node hp-69-tink-system" PV="pvc-a4ae6a99-8e27-4c13-bb5e-f95904a6e5fc"
2026-06-12T13:12:40.435183589Z I0612 13:12:40.435129       1 controller.go:1021] "Retrying syncing volume" key="pvc-a4ae6a99-8e27-4c13-bb5e-f95904a6e5fc" failures=2
2026-06-12T13:12:40.435201348Z E0612 13:12:40.435158       1 controller.go:1039] "Unhandled Error" err="error syncing volume \"pvc-a4ae6a99-8e27-4c13-bb5e-f95904a6e5fc\": persistentvolume pvc-a4ae6a99-8e27-4c13-bb5e-f95904a6e5fc is still attached to node hp-69-tink-system" logger="UnhandledError"
2026-06-12T13:12:40.435244569Z I0612 13:12:40.435206       1 event.go:389] "Event occurred" object="pvc-a4ae6a99-8e27-4c13-bb5e-f95904a6e5fc" fieldPath="" kind="PersistentVolume" apiVersion="v1" type="Warning" reason="VolumeFailedDelete" message="persistentvolume pvc-a4ae6a99-8e27-4c13-bb5e-f95904a6e5fc is still attached to node hp-69-tink-system"
2026-06-12T13:12:44.435740241Z I0612 13:12:44.435574       1 controller.go:1317] volume pvc-a4ae6a99-8e27-4c13-bb5e-f95904a6e5fc does not need any deletion secrets
2026-06-12T13:12:54.210979078Z I0612 13:12:54.210854       1 event.go:389] "Event occurred" object="default/0608130475-13h10m52s913092-06-12-disk-0" fieldPath="" kind="PersistentVolumeClaim" apiVersion="v1" type="Normal" reason="Provisioning" message="External provisioner is provisioning volume for claim \"default/0608130475-13h10m52s913092-06-12-disk-0\""
2026-06-12T13:12:56.434525174Z I0612 13:12:56.434404       1 controller.go:959] successfully created PV pvc-e2aae7de-747e-4376-b316-d1f49a05a2e4 for PVC 0608130475-13h10m52s913092-06-12-disk-0 and csi volume name pvc-e2aae7de-747e-4376-b316-d1f49a05a2e4
2026-06-12T13:12:56.447058711Z I0612 13:12:56.446854       1 event.go:389] "Event occurred" object="default/0608130475-13h10m52s913092-06-12-disk-0" fieldPath="" kind="PersistentVolumeClaim" apiVersion="v1" type="Normal" reason="ProvisioningSucceeded" message="Successfully provisioned volume pvc-e2aae7de-747e-4376-b316-d1f49a05a2e4"
2026-06-12T13:15:16.623059727Z I0612 13:15:16.622964       1 controller.go:1317] volume pvc-e2aae7de-747e-4376-b316-d1f49a05a2e4 does not need any deletion secrets
2026-06-12T13:15:16.623085939Z E0612 13:15:16.623010       1 controller.go:1569] "Volume deletion failed" err="persistentvolume pvc-e2aae7de-747e-4376-b316-d1f49a05a2e4 is still attached to node hp-69-tink-system" PV="pvc-e2aae7de-747e-4376-b316-d1f49a05a2e4"
2026-06-12T13:15:16.623145038Z I0612 13:15:16.623093       1 controller.go:1021] "Retrying syncing volume" key="pvc-e2aae7de-747e-4376-b316-d1f49a05a2e4" failures=0
2026-06-12T13:15:16.623170837Z E0612 13:15:16.623125       1 controller.go:1039] "Unhandled Error" err="error syncing volume \"pvc-e2aae7de-747e-4376-b316-d1f49a05a2e4\": persistentvolume pvc-e2aae7de-747e-4376-b316-d1f49a05a2e4 is still attached to node hp-69-tink-system" logger="UnhandledError"
2026-06-12T13:15:16.623241083Z I0612 13:15:16.623181       1 event.go:389] "Event occurred" object="pvc-e2aae7de-747e-4376-b316-d1f49a05a2e4" fieldPath="" kind="PersistentVolume" apiVersion="v1" type="Warning" reason="VolumeFailedDelete" message="persistentvolume pvc-e2aae7de-747e-4376-b316-d1f49a05a2e4 is still attached to node hp-69-tink-system"
2026-06-12T13:15:17.624183042Z I0612 13:15:17.624078       1 controller.go:1317] volume pvc-e2aae7de-747e-4376-b316-d1f49a05a2e4 does not need any deletion secrets
2026-06-12T13:15:17.624210088Z E0612 13:15:17.624135       1 controller.go:1569] "Volume deletion failed" err="persistentvolume pvc-e2aae7de-747e-4376-b316-d1f49a05a2e4 is still attached to node hp-69-tink-system" PV="pvc-e2aae7de-747e-4376-b316-d1f49a05a2e4"
2026-06-12T13:15:17.624241677Z I0612 13:15:17.624207       1 controller.go:1021] "Retrying syncing volume" key="pvc-e2aae7de-747e-4376-b316-d1f49a05a2e4" failures=1
2026-06-12T13:15:17.624265896Z E0612 13:15:17.624240       1 controller.go:1039] "Unhandled Error" err="error syncing volume \"pvc-e2aae7de-747e-4376-b316-d1f49a05a2e4\": persistentvolume pvc-e2aae7de-747e-4376-b316-d1f49a05a2e4 is still attached to node hp-69-tink-system" logger="UnhandledError"
2026-06-12T13:15:17.624374884Z I0612 13:15:17.624263       1 event.go:389] "Event occurred" object="pvc-e2aae7de-747e-4376-b316-d1f49a05a2e4" fieldPath="" kind="PersistentVolume" apiVersion="v1" type="Warning" reason="VolumeFailedDelete" message="persistentvolume pvc-e2aae7de-747e-4376-b316-d1f49a05a2e4 is still attached to node hp-69-tink-system"
2026-06-12T13:15:19.624738864Z I0612 13:15:19.624619       1 controller.go:1317] volume pvc-e2aae7de-747e-4376-b316-d1f49a05a2e4 does not need any deletion secrets
2026-06-12T13:15:19.624762104Z E0612 13:15:19.624689       1 controller.go:1569] "Volume deletion failed" err="persistentvolume pvc-e2aae7de-747e-4376-b316-d1f49a05a2e4 is still attached to node hp-69-tink-system" PV="pvc-e2aae7de-747e-4376-b316-d1f49a05a2e4"
2026-06-12T13:15:19.624821540Z I0612 13:15:19.624764       1 controller.go:1021] "Retrying syncing volume" key="pvc-e2aae7de-747e-4376-b316-d1f49a05a2e4" failures=2
2026-06-12T13:15:19.624850487Z E0612 13:15:19.624795       1 controller.go:1039] "Unhandled Error" err="error syncing volume \"pvc-e2aae7de-747e-4376-b316-d1f49a05a2e4\": persistentvolume pvc-e2aae7de-747e-4376-b316-d1f49a05a2e4 is still attached to node hp-69-tink-system" logger="UnhandledError"
2026-06-12T13:15:19.624893835Z I0612 13:15:19.624850       1 event.go:389] "Event occurred" object="pvc-e2aae7de-747e-4376-b316-d1f49a05a2e4" fieldPath="" kind="PersistentVolume" apiVersion="v1" type="Warning" reason="VolumeFailedDelete" message="persistentvolume pvc-e2aae7de-747e-4376-b316-d1f49a05a2e4 is still attached to node hp-69-tink-system"
2026-06-12T13:15:23.625963966Z I0612 13:15:23.625855       1 controller.go:1317] volume pvc-e2aae7de-747e-4376-b316-d1f49a05a2e4 does not need any deletion secrets
2026-06-12T13:15:23.625988267Z E0612 13:15:23.625912       1 controller.go:1569] "Volume deletion failed" err="persistentvolume pvc-e2aae7de-747e-4376-b316-d1f49a05a2e4 is still attached to node hp-69-tink-system" PV="pvc-e2aae7de-747e-4376-b316-d1f49a05a2e4"
2026-06-12T13:15:23.626007208Z I0612 13:15:23.625980       1 controller.go:1021] "Retrying syncing volume" key="pvc-e2aae7de-747e-4376-b316-d1f49a05a2e4" failures=3
2026-06-12T13:15:23.626081604Z E0612 13:15:23.626012       1 controller.go:1039] "Unhandled Error" err="error syncing volume \"pvc-e2aae7de-747e-4376-b316-d1f49a05a2e4\": persistentvolume pvc-e2aae7de-747e-4376-b316-d1f49a05a2e4 is still attached to node hp-69-tink-system" logger="UnhandledError"
2026-06-12T13:15:23.626105495Z I0612 13:15:23.626053       1 event.go:389] "Event occurred" object="pvc-e2aae7de-747e-4376-b316-d1f49a05a2e4" fieldPath="" kind="PersistentVolume" apiVersion="v1" type="Warning" reason="VolumeFailedDelete" message="persistentvolume pvc-e2aae7de-747e-4376-b316-d1f49a05a2e4 is still attached to node hp-69-tink-system"
2026-06-12T13:15:29.125783845Z I0612 13:15:29.125669       1 event.go:389] "Event occurred" object="default/0638448075-13h10m52s913092-06-12-disk-0" fieldPath="" kind="PersistentVolumeClaim" apiVersion="v1" type="Normal" reason="Provisioning" message="External provisioner is provisioning volume for claim \"default/0638448075-13h10m52s913092-06-12-disk-0\""
2026-06-12T13:15:31.258453572Z I0612 13:15:31.258364       1 controller.go:959] successfully created PV pvc-bd17b15e-9f8f-4e20-bd08-492849c890a0 for PVC 0638448075-13h10m52s913092-06-12-disk-0 and csi volume name pvc-bd17b15e-9f8f-4e20-bd08-492849c890a0
2026-06-12T13:15:31.267513515Z I0612 13:15:31.267365       1 event.go:389] "Event occurred" object="default/0638448075-13h10m52s913092-06-12-disk-0" fieldPath="" kind="PersistentVolumeClaim" apiVersion="v1" type="Normal" reason="ProvisioningSucceeded" message="Successfully provisioned volume pvc-bd17b15e-9f8f-4e20-bd08-492849c890a0"
2026-06-12T13:15:31.626707119Z I0612 13:15:31.626524       1 controller.go:1317] volume pvc-e2aae7de-747e-4376-b316-d1f49a05a2e4 does not need any deletion secrets
2026-06-12T13:15:33.656506106Z I0612 13:15:33.656340       1 controller.go:1317] volume pvc-e2aae7de-747e-4376-b316-d1f49a05a2e4 does not need any deletion secrets
2026-06-12T13:15:33.665431978Z I0612 13:15:33.665320       1 controller.go:1580] "Failed to delete persistentvolume" PV="pvc-e2aae7de-747e-4376-b316-d1f49a05a2e4" err="persistentvolumes \"pvc-e2aae7de-747e-4376-b316-d1f49a05a2e4\" not found"
2026-06-12T13:15:33.665448603Z I0612 13:15:33.665354       1 controller.go:1021] "Retrying syncing volume" key="pvc-e2aae7de-747e-4376-b316-d1f49a05a2e4" failures=0
2026-06-12T13:15:33.665454750Z E0612 13:15:33.665386       1 controller.go:1039] "Unhandled Error" err="error syncing volume \"pvc-e2aae7de-747e-4376-b316-d1f49a05a2e4\": persistentvolumes \"pvc-e2aae7de-747e-4376-b316-d1f49a05a2e4\" not found" logger="UnhandledError"
2026-06-12T13:19:49.083614350Z I0612 13:19:49.083511       1 event.go:389] "Event occurred" object="default/restore-0638448075-13h10m52s913092-06-12-7680dec3-0d5e-4065-a4a7-ce6df1a5c908-disk-0" fieldPath="" kind="PersistentVolumeClaim" apiVersion="v1" type="Normal" reason="Provisioning" message="External provisioner is provisioning volume for claim \"default/restore-0638448075-13h10m52s913092-06-12-7680dec3-0d5e-4065-a4a7-ce6df1a5c908-disk-0\""
2026-06-12T13:19:51.305931332Z I0612 13:19:51.305838       1 controller.go:959] successfully created PV pvc-13620ef9-8818-4c28-bc9c-9c7baa124c99 for PVC restore-0638448075-13h10m52s913092-06-12-7680dec3-0d5e-4065-a4a7-ce6df1a5c908-disk-0 and csi volume name pvc-13620ef9-8818-4c28-bc9c-9c7baa124c99
2026-06-12T13:19:51.321386024Z I0612 13:19:51.321287       1 event.go:389] "Event occurred" object="default/restore-0638448075-13h10m52s913092-06-12-7680dec3-0d5e-4065-a4a7-ce6df1a5c908-disk-0" fieldPath="" kind="PersistentVolumeClaim" apiVersion="v1" type="Normal" reason="ProvisioningSucceeded" message="Successfully provisioned volume pvc-13620ef9-8818-4c28-bc9c-9c7baa124c99"
2026-06-12T13:19:51.321406997Z I0612 13:19:51.321315       1 event.go:389] "Event occurred" object="default/restore-0638448075-13h10m52s913092-06-12-7680dec3-0d5e-4065-a4a7-ce6df1a5c908-disk-0" fieldPath="" kind="PersistentVolumeClaim" apiVersion="v1" type="Normal" reason="Provisioning" message="External provisioner is provisioning volume for claim \"default/restore-0638448075-13h10m52s913092-06-12-7680dec3-0d5e-4065-a4a7-ce6df1a5c908-disk-0\""
2026-06-12T13:19:51.412570215Z I0612 13:19:51.412420       1 controller.go:959] successfully created PV pvc-13620ef9-8818-4c28-bc9c-9c7baa124c99 for PVC restore-0638448075-13h10m52s913092-06-12-7680dec3-0d5e-4065-a4a7-ce6df1a5c908-disk-0 and csi volume name pvc-13620ef9-8818-4c28-bc9c-9c7baa124c99
2026-06-12T13:19:51.423765242Z I0612 13:19:51.423670       1 event.go:389] "Event occurred" object="default/restore-0638448075-13h10m52s913092-06-12-7680dec3-0d5e-4065-a4a7-ce6df1a5c908-disk-0" fieldPath="" kind="PersistentVolumeClaim" apiVersion="v1" type="Normal" reason="ProvisioningSucceeded" message="Successfully provisioned volume pvc-13620ef9-8818-4c28-bc9c-9c7baa124c99"
2026-06-12T13:22:13.677570231Z I0612 13:22:13.677482       1 controller.go:1317] volume pvc-13620ef9-8818-4c28-bc9c-9c7baa124c99 does not need any deletion secrets
2026-06-12T13:22:13.677722141Z E0612 13:22:13.677629       1 controller.go:1569] "Volume deletion failed" err="persistentvolume pvc-13620ef9-8818-4c28-bc9c-9c7baa124c99 is still attached to node hp-69-tink-system" PV="pvc-13620ef9-8818-4c28-bc9c-9c7baa124c99"
2026-06-12T13:22:13.677766670Z I0612 13:22:13.677705       1 controller.go:1021] "Retrying syncing volume" key="pvc-13620ef9-8818-4c28-bc9c-9c7baa124c99" failures=0
2026-06-12T13:22:13.677790635Z E0612 13:22:13.677743       1 controller.go:1039] "Unhandled Error" err="error syncing volume \"pvc-13620ef9-8818-4c28-bc9c-9c7baa124c99\": persistentvolume pvc-13620ef9-8818-4c28-bc9c-9c7baa124c99 is still attached to node hp-69-tink-system" logger="UnhandledError"
2026-06-12T13:22:13.677897879Z I0612 13:22:13.677802       1 event.go:389] "Event occurred" object="pvc-13620ef9-8818-4c28-bc9c-9c7baa124c99" fieldPath="" kind="PersistentVolume" apiVersion="v1" type="Warning" reason="VolumeFailedDelete" message="persistentvolume pvc-13620ef9-8818-4c28-bc9c-9c7baa124c99 is still attached to node hp-69-tink-system"
2026-06-12T13:22:14.679011898Z I0612 13:22:14.678824       1 controller.go:1317] volume pvc-13620ef9-8818-4c28-bc9c-9c7baa124c99 does not need any deletion secrets
2026-06-12T13:22:14.679031153Z E0612 13:22:14.678886       1 controller.go:1569] "Volume deletion failed" err="persistentvolume pvc-13620ef9-8818-4c28-bc9c-9c7baa124c99 is still attached to node hp-69-tink-system" PV="pvc-13620ef9-8818-4c28-bc9c-9c7baa124c99"
2026-06-12T13:22:14.679035107Z I0612 13:22:14.678965       1 controller.go:1021] "Retrying syncing volume" key="pvc-13620ef9-8818-4c28-bc9c-9c7baa124c99" failures=1
2026-06-12T13:22:14.679048286Z E0612 13:22:14.678994       1 controller.go:1039] "Unhandled Error" err="error syncing volume \"pvc-13620ef9-8818-4c28-bc9c-9c7baa124c99\": persistentvolume pvc-13620ef9-8818-4c28-bc9c-9c7baa124c99 is still attached to node hp-69-tink-system" logger="UnhandledError"
2026-06-12T13:22:14.679124236Z I0612 13:22:14.679049       1 event.go:389] "Event occurred" object="pvc-13620ef9-8818-4c28-bc9c-9c7baa124c99" fieldPath="" kind="PersistentVolume" apiVersion="v1" type="Warning" reason="VolumeFailedDelete" message="persistentvolume pvc-13620ef9-8818-4c28-bc9c-9c7baa124c99 is still attached to node hp-69-tink-system"
2026-06-12T13:22:16.680213722Z I0612 13:22:16.680063       1 controller.go:1317] volume pvc-13620ef9-8818-4c28-bc9c-9c7baa124c99 does not need any deletion secrets
2026-06-12T13:22:16.680244835Z E0612 13:22:16.680130       1 controller.go:1569] "Volume deletion failed" err="persistentvolume pvc-13620ef9-8818-4c28-bc9c-9c7baa124c99 is still attached to node hp-69-tink-system" PV="pvc-13620ef9-8818-4c28-bc9c-9c7baa124c99"
2026-06-12T13:22:16.680279344Z I0612 13:22:16.680190       1 controller.go:1021] "Retrying syncing volume" key="pvc-13620ef9-8818-4c28-bc9c-9c7baa124c99" failures=2
2026-06-12T13:22:16.680298651Z E0612 13:22:16.680230       1 controller.go:1039] "Unhandled Error" err="error syncing volume \"pvc-13620ef9-8818-4c28-bc9c-9c7baa124c99\": persistentvolume pvc-13620ef9-8818-4c28-bc9c-9c7baa124c99 is still attached to node hp-69-tink-system" logger="UnhandledError"
2026-06-12T13:22:16.680310518Z I0612 13:22:16.680272       1 event.go:389] "Event occurred" object="pvc-13620ef9-8818-4c28-bc9c-9c7baa124c99" fieldPath="" kind="PersistentVolume" apiVersion="v1" type="Warning" reason="VolumeFailedDelete" message="persistentvolume pvc-13620ef9-8818-4c28-bc9c-9c7baa124c99 is still attached to node hp-69-tink-system"
2026-06-12T13:22:20.680519109Z I0612 13:22:20.680384       1 controller.go:1317] volume pvc-13620ef9-8818-4c28-bc9c-9c7baa124c99 does not need any deletion secrets
2026-06-12T13:22:20.680545722Z E0612 13:22:20.680435       1 controller.go:1569] "Volume deletion failed" err="persistentvolume pvc-13620ef9-8818-4c28-bc9c-9c7baa124c99 is still attached to node hp-69-tink-system" PV="pvc-13620ef9-8818-4c28-bc9c-9c7baa124c99"
2026-06-12T13:22:20.680560098Z I0612 13:22:20.680509       1 controller.go:1021] "Retrying syncing volume" key="pvc-13620ef9-8818-4c28-bc9c-9c7baa124c99" failures=3
2026-06-12T13:22:20.680574588Z E0612 13:22:20.680541       1 controller.go:1039] "Unhandled Error" err="error syncing volume \"pvc-13620ef9-8818-4c28-bc9c-9c7baa124c99\": persistentvolume pvc-13620ef9-8818-4c28-bc9c-9c7baa124c99 is still attached to node hp-69-tink-system" logger="UnhandledError"
2026-06-12T13:22:20.680604591Z I0612 13:22:20.680575       1 event.go:389] "Event occurred" object="pvc-13620ef9-8818-4c28-bc9c-9c7baa124c99" fieldPath="" kind="PersistentVolume" apiVersion="v1" type="Warning" reason="VolumeFailedDelete" message="persistentvolume pvc-13620ef9-8818-4c28-bc9c-9c7baa124c99 is still attached to node hp-69-tink-system"
2026-06-12T13:22:27.786605168Z I0612 13:22:27.786496       1 event.go:389] "Event occurred" object="default/restore-0638448075-13h10m52s913092-06-12-3280149d-c401-4f86-b693-ec5433fb0d6d-disk-0" fieldPath="" kind="PersistentVolumeClaim" apiVersion="v1" type="Normal" reason="Provisioning" message="External provisioner is provisioning volume for claim \"default/restore-0638448075-13h10m52s913092-06-12-3280149d-c401-4f86-b693-ec5433fb0d6d-disk-0\""
2026-06-12T13:22:28.681230085Z I0612 13:22:28.681084       1 controller.go:1317] volume pvc-13620ef9-8818-4c28-bc9c-9c7baa124c99 does not need any deletion secrets
2026-06-12T13:22:29.999064531Z I0612 13:22:29.999000       1 controller.go:959] successfully created PV pvc-b65fd2e5-9cc8-468c-8530-0ddb94b526f1 for PVC restore-0638448075-13h10m52s913092-06-12-3280149d-c401-4f86-b693-ec5433fb0d6d-disk-0 and csi volume name pvc-b65fd2e5-9cc8-468c-8530-0ddb94b526f1
2026-06-12T13:22:30.004377597Z I0612 13:22:30.004257       1 event.go:389] "Event occurred" object="default/restore-0638448075-13h10m52s913092-06-12-3280149d-c401-4f86-b693-ec5433fb0d6d-disk-0" fieldPath="" kind="PersistentVolumeClaim" apiVersion="v1" type="Normal" reason="ProvisioningSucceeded" message="Successfully provisioned volume pvc-b65fd2e5-9cc8-468c-8530-0ddb94b526f1"
2026-06-12T13:22:30.711588542Z I0612 13:22:30.711477       1 controller.go:1317] volume pvc-13620ef9-8818-4c28-bc9c-9c7baa124c99 does not need any deletion secrets
2026-06-12T13:22:30.714396020Z I0612 13:22:30.714318       1 controller.go:1580] "Failed to delete persistentvolume" PV="pvc-13620ef9-8818-4c28-bc9c-9c7baa124c99" err="persistentvolumes \"pvc-13620ef9-8818-4c28-bc9c-9c7baa124c99\" not found"
2026-06-12T13:22:30.714412588Z I0612 13:22:30.714346       1 controller.go:1021] "Retrying syncing volume" key="pvc-13620ef9-8818-4c28-bc9c-9c7baa124c99" failures=0
2026-06-12T13:22:30.714460001Z E0612 13:22:30.714375       1 controller.go:1039] "Unhandled Error" err="error syncing volume \"pvc-13620ef9-8818-4c28-bc9c-9c7baa124c99\": persistentvolumes \"pvc-13620ef9-8818-4c28-bc9c-9c7baa124c99\" not found" logger="UnhandledError"
2026-06-12T13:23:53.247633801Z I0612 13:23:53.247460       1 controller.go:1317] volume pvc-bd17b15e-9f8f-4e20-bd08-492849c890a0 does not need any deletion secrets
2026-06-12T13:23:55.291195823Z I0612 13:23:55.290975       1 controller.go:1317] volume pvc-bd17b15e-9f8f-4e20-bd08-492849c890a0 does not need any deletion secrets
2026-06-12T13:23:55.294476123Z I0612 13:23:55.294343       1 controller.go:1580] "Failed to delete persistentvolume" PV="pvc-bd17b15e-9f8f-4e20-bd08-492849c890a0" err="persistentvolumes \"pvc-bd17b15e-9f8f-4e20-bd08-492849c890a0\" not found"
2026-06-12T13:23:55.294494482Z I0612 13:23:55.294373       1 controller.go:1021] "Retrying syncing volume" key="pvc-bd17b15e-9f8f-4e20-bd08-492849c890a0" failures=0
2026-06-12T13:23:55.294499857Z E0612 13:23:55.294408       1 controller.go:1039] "Unhandled Error" err="error syncing volume \"pvc-bd17b15e-9f8f-4e20-bd08-492849c890a0\": persistentvolumes \"pvc-bd17b15e-9f8f-4e20-bd08-492849c890a0\" not found" logger="UnhandledError"
2026-06-12T13:24:56.472668007Z I0612 13:24:56.472567       1 event.go:389] "Event occurred" object="default/restore-0638448075-13h10m52s913092-06-12-d101f8a2-7675-484f-8700-29980c6f9bff-disk-0" fieldPath="" kind="PersistentVolumeClaim" apiVersion="v1" type="Normal" reason="Provisioning" message="External provisioner is provisioning volume for claim \"default/restore-0638448075-13h10m52s913092-06-12-d101f8a2-7675-484f-8700-29980c6f9bff-disk-0\""
2026-06-12T13:24:58.671908741Z I0612 13:24:58.671763       1 controller.go:959] successfully created PV pvc-e72a08e1-a66d-43d5-a625-f45d058046b9 for PVC restore-0638448075-13h10m52s913092-06-12-d101f8a2-7675-484f-8700-29980c6f9bff-disk-0 and csi volume name pvc-e72a08e1-a66d-43d5-a625-f45d058046b9
2026-06-12T13:24:58.680280395Z I0612 13:24:58.680173       1 event.go:389] "Event occurred" object="default/restore-0638448075-13h10m52s913092-06-12-d101f8a2-7675-484f-8700-29980c6f9bff-disk-0" fieldPath="" kind="PersistentVolumeClaim" apiVersion="v1" type="Normal" reason="ProvisioningSucceeded" message="Successfully provisioned volume pvc-e72a08e1-a66d-43d5-a625-f45d058046b9"
2026-06-12T13:26:13.918507967Z I0612 13:26:13.918267       1 controller.go:1317] volume pvc-b65fd2e5-9cc8-468c-8530-0ddb94b526f1 does not need any deletion secrets
2026-06-12T13:27:25.437715918Z I0612 13:27:25.437616       1 controller.go:1317] volume pvc-e72a08e1-a66d-43d5-a625-f45d058046b9 does not need any deletion secrets
2026-06-12T13:27:25.437741772Z E0612 13:27:25.437678       1 controller.go:1569] "Volume deletion failed" err="persistentvolume pvc-e72a08e1-a66d-43d5-a625-f45d058046b9 is still attached to node hp-69-tink-system" PV="pvc-e72a08e1-a66d-43d5-a625-f45d058046b9"
2026-06-12T13:27:25.437790894Z I0612 13:27:25.437744       1 controller.go:1021] "Retrying syncing volume" key="pvc-e72a08e1-a66d-43d5-a625-f45d058046b9" failures=0
2026-06-12T13:27:25.437813333Z E0612 13:27:25.437776       1 controller.go:1039] "Unhandled Error" err="error syncing volume \"pvc-e72a08e1-a66d-43d5-a625-f45d058046b9\": persistentvolume pvc-e72a08e1-a66d-43d5-a625-f45d058046b9 is still attached to node hp-69-tink-system" logger="UnhandledError"
2026-06-12T13:27:25.437872042Z I0612 13:27:25.437824       1 event.go:389] "Event occurred" object="pvc-e72a08e1-a66d-43d5-a625-f45d058046b9" fieldPath="" kind="PersistentVolume" apiVersion="v1" type="Warning" reason="VolumeFailedDelete" message="persistentvolume pvc-e72a08e1-a66d-43d5-a625-f45d058046b9 is still attached to node hp-69-tink-system"
2026-06-12T13:27:26.438229591Z I0612 13:27:26.438096       1 controller.go:1317] volume pvc-e72a08e1-a66d-43d5-a625-f45d058046b9 does not need any deletion secrets
2026-06-12T13:27:26.438253791Z E0612 13:27:26.438150       1 controller.go:1569] "Volume deletion failed" err="persistentvolume pvc-e72a08e1-a66d-43d5-a625-f45d058046b9 is still attached to node hp-69-tink-system" PV="pvc-e72a08e1-a66d-43d5-a625-f45d058046b9"
2026-06-12T13:27:26.438267840Z I0612 13:27:26.438206       1 controller.go:1021] "Retrying syncing volume" key="pvc-e72a08e1-a66d-43d5-a625-f45d058046b9" failures=1
2026-06-12T13:27:26.438299605Z E0612 13:27:26.438237       1 controller.go:1039] "Unhandled Error" err="error syncing volume \"pvc-e72a08e1-a66d-43d5-a625-f45d058046b9\": persistentvolume pvc-e72a08e1-a66d-43d5-a625-f45d058046b9 is still attached to node hp-69-tink-system" logger="UnhandledError"
2026-06-12T13:27:26.438318580Z I0612 13:27:26.438273       1 event.go:389] "Event occurred" object="pvc-e72a08e1-a66d-43d5-a625-f45d058046b9" fieldPath="" kind="PersistentVolume" apiVersion="v1" type="Warning" reason="VolumeFailedDelete" message="persistentvolume pvc-e72a08e1-a66d-43d5-a625-f45d058046b9 is still attached to node hp-69-tink-system"
2026-06-12T13:27:28.438968503Z I0612 13:27:28.438863       1 controller.go:1317] volume pvc-e72a08e1-a66d-43d5-a625-f45d058046b9 does not need any deletion secrets
2026-06-12T13:27:28.439000430Z E0612 13:27:28.438915       1 controller.go:1569] "Volume deletion failed" err="persistentvolume pvc-e72a08e1-a66d-43d5-a625-f45d058046b9 is still attached to node hp-69-tink-system" PV="pvc-e72a08e1-a66d-43d5-a625-f45d058046b9"
2026-06-12T13:27:28.439024245Z I0612 13:27:28.438987       1 controller.go:1021] "Retrying syncing volume" key="pvc-e72a08e1-a66d-43d5-a625-f45d058046b9" failures=2
2026-06-12T13:27:28.439074913Z E0612 13:27:28.439019       1 controller.go:1039] "Unhandled Error" err="error syncing volume \"pvc-e72a08e1-a66d-43d5-a625-f45d058046b9\": persistentvolume pvc-e72a08e1-a66d-43d5-a625-f45d058046b9 is still attached to node hp-69-tink-system" logger="UnhandledError"
2026-06-12T13:27:28.439136818Z I0612 13:27:28.439075       1 event.go:389] "Event occurred" object="pvc-e72a08e1-a66d-43d5-a625-f45d058046b9" fieldPath="" kind="PersistentVolume" apiVersion="v1" type="Warning" reason="VolumeFailedDelete" message="persistentvolume pvc-e72a08e1-a66d-43d5-a625-f45d058046b9 is still attached to node hp-69-tink-system"
2026-06-12T13:27:30.877718366Z I0612 13:27:30.877260       1 event.go:389] "Event occurred" object="default/0644797003-13h10m52s913092-06-12-disk-0" fieldPath="" kind="PersistentVolumeClaim" apiVersion="v1" type="Normal" reason="Provisioning" message="External provisioner is provisioning volume for claim \"default/0644797003-13h10m52s913092-06-12-disk-0\""
2026-06-12T13:27:32.439612901Z I0612 13:27:32.439459       1 controller.go:1317] volume pvc-e72a08e1-a66d-43d5-a625-f45d058046b9 does not need any deletion secrets
2026-06-12T13:27:32.900912579Z I0612 13:27:32.900836       1 controller.go:959] successfully created PV pvc-fc99736c-7bbb-4889-bd57-5284379e01d7 for PVC 0644797003-13h10m52s913092-06-12-disk-0 and csi volume name pvc-fc99736c-7bbb-4889-bd57-5284379e01d7
2026-06-12T13:27:32.905425819Z I0612 13:27:32.905308       1 event.go:389] "Event occurred" object="default/0644797003-13h10m52s913092-06-12-disk-0" fieldPath="" kind="PersistentVolumeClaim" apiVersion="v1" type="Normal" reason="ProvisioningSucceeded" message="Successfully provisioned volume pvc-fc99736c-7bbb-4889-bd57-5284379e01d7"
2026-06-12T13:44:32.032940849Z I0612 13:44:32.032827       1 controller.go:1317] volume pvc-fc99736c-7bbb-4889-bd57-5284379e01d7 does not need any deletion secrets
2026-06-12T13:44:32.033174376Z E0612 13:44:32.032949       1 controller.go:1569] "Volume deletion failed" err="persistentvolume pvc-fc99736c-7bbb-4889-bd57-5284379e01d7 is still attached to node hp-117-tink-system" PV="pvc-fc99736c-7bbb-4889-bd57-5284379e01d7"
2026-06-12T13:44:32.033197647Z I0612 13:44:32.033014       1 controller.go:1021] "Retrying syncing volume" key="pvc-fc99736c-7bbb-4889-bd57-5284379e01d7" failures=0
2026-06-12T13:44:32.033203120Z E0612 13:44:32.033046       1 controller.go:1039] "Unhandled Error" err="error syncing volume \"pvc-fc99736c-7bbb-4889-bd57-5284379e01d7\": persistentvolume pvc-fc99736c-7bbb-4889-bd57-5284379e01d7 is still attached to node hp-117-tink-system" logger="UnhandledError"
2026-06-12T13:44:32.033217506Z I0612 13:44:32.033133       1 event.go:389] "Event occurred" object="pvc-fc99736c-7bbb-4889-bd57-5284379e01d7" fieldPath="" kind="PersistentVolume" apiVersion="v1" type="Warning" reason="VolumeFailedDelete" message="persistentvolume pvc-fc99736c-7bbb-4889-bd57-5284379e01d7 is still attached to node hp-117-tink-system"
2026-06-12T13:44:32.171946140Z I0612 13:44:32.171753       1 event.go:389] "Event occurred" object="default/0646051609-13h10m52s913092-06-12-disk-0" fieldPath="" kind="PersistentVolumeClaim" apiVersion="v1" type="Normal" reason="Provisioning" message="External provisioner is provisioning volume for claim \"default/0646051609-13h10m52s913092-06-12-disk-0\""
2026-06-12T13:44:33.033953314Z I0612 13:44:33.033793       1 controller.go:1317] volume pvc-fc99736c-7bbb-4889-bd57-5284379e01d7 does not need any deletion secrets
2026-06-12T13:44:33.033974761Z E0612 13:44:33.033839       1 controller.go:1569] "Volume deletion failed" err="persistentvolume pvc-fc99736c-7bbb-4889-bd57-5284379e01d7 is still attached to node hp-117-tink-system" PV="pvc-fc99736c-7bbb-4889-bd57-5284379e01d7"
2026-06-12T13:44:33.033979898Z I0612 13:44:33.033886       1 controller.go:1021] "Retrying syncing volume" key="pvc-fc99736c-7bbb-4889-bd57-5284379e01d7" failures=1
2026-06-12T13:44:33.034000603Z E0612 13:44:33.033914       1 controller.go:1039] "Unhandled Error" err="error syncing volume \"pvc-fc99736c-7bbb-4889-bd57-5284379e01d7\": persistentvolume pvc-fc99736c-7bbb-4889-bd57-5284379e01d7 is still attached to node hp-117-tink-system" logger="UnhandledError"
2026-06-12T13:44:33.034016419Z I0612 13:44:33.033948       1 event.go:389] "Event occurred" object="pvc-fc99736c-7bbb-4889-bd57-5284379e01d7" fieldPath="" kind="PersistentVolume" apiVersion="v1" type="Warning" reason="VolumeFailedDelete" message="persistentvolume pvc-fc99736c-7bbb-4889-bd57-5284379e01d7 is still attached to node hp-117-tink-system"
2026-06-12T13:44:34.315299548Z I0612 13:44:34.315221       1 controller.go:959] successfully created PV pvc-381c3168-a998-4900-b894-56292706c57a for PVC 0646051609-13h10m52s913092-06-12-disk-0 and csi volume name pvc-381c3168-a998-4900-b894-56292706c57a
2026-06-12T13:44:34.324210529Z I0612 13:44:34.324080       1 event.go:389] "Event occurred" object="default/0646051609-13h10m52s913092-06-12-disk-0" fieldPath="" kind="PersistentVolumeClaim" apiVersion="v1" type="Normal" reason="ProvisioningSucceeded" message="Successfully provisioned volume pvc-381c3168-a998-4900-b894-56292706c57a"
2026-06-12T13:44:35.034425364Z I0612 13:44:35.034273       1 controller.go:1317] volume pvc-fc99736c-7bbb-4889-bd57-5284379e01d7 does not need any deletion secrets
2026-06-12T14:01:28.213223200Z I0612 14:01:28.213098       1 controller.go:1317] volume pvc-381c3168-a998-4900-b894-56292706c57a does not need any deletion secrets
2026-06-12T14:01:28.213392085Z E0612 14:01:28.213251       1 controller.go:1569] "Volume deletion failed" err="persistentvolume pvc-381c3168-a998-4900-b894-56292706c57a is still attached to node hp-117-tink-system" PV="pvc-381c3168-a998-4900-b894-56292706c57a"
2026-06-12T14:01:28.213426536Z I0612 14:01:28.213326       1 controller.go:1021] "Retrying syncing volume" key="pvc-381c3168-a998-4900-b894-56292706c57a" failures=0
2026-06-12T14:01:28.213435682Z E0612 14:01:28.213361       1 controller.go:1039] "Unhandled Error" err="error syncing volume \"pvc-381c3168-a998-4900-b894-56292706c57a\": persistentvolume pvc-381c3168-a998-4900-b894-56292706c57a is still attached to node hp-117-tink-system" logger="UnhandledError"
2026-06-12T14:01:28.213526474Z I0612 14:01:28.213438       1 event.go:389] "Event occurred" object="pvc-381c3168-a998-4900-b894-56292706c57a" fieldPath="" kind="PersistentVolume" apiVersion="v1" type="Warning" reason="VolumeFailedDelete" message="persistentvolume pvc-381c3168-a998-4900-b894-56292706c57a is still attached to node hp-117-tink-system"
2026-06-12T14:01:29.213784643Z I0612 14:01:29.213671       1 controller.go:1317] volume pvc-381c3168-a998-4900-b894-56292706c57a does not need any deletion secrets
2026-06-12T14:01:29.213808468Z E0612 14:01:29.213721       1 controller.go:1569] "Volume deletion failed" err="persistentvolume pvc-381c3168-a998-4900-b894-56292706c57a is still attached to node hp-117-tink-system" PV="pvc-381c3168-a998-4900-b894-56292706c57a"
2026-06-12T14:01:29.213824157Z I0612 14:01:29.213785       1 controller.go:1021] "Retrying syncing volume" key="pvc-381c3168-a998-4900-b894-56292706c57a" failures=1
2026-06-12T14:01:29.213839597Z E0612 14:01:29.213817       1 controller.go:1039] "Unhandled Error" err="error syncing volume \"pvc-381c3168-a998-4900-b894-56292706c57a\": persistentvolume pvc-381c3168-a998-4900-b894-56292706c57a is still attached to node hp-117-tink-system" logger="UnhandledError"
2026-06-12T14:01:29.213916318Z I0612 14:01:29.213860       1 event.go:389] "Event occurred" object="pvc-381c3168-a998-4900-b894-56292706c57a" fieldPath="" kind="PersistentVolume" apiVersion="v1" type="Warning" reason="VolumeFailedDelete" message="persistentvolume pvc-381c3168-a998-4900-b894-56292706c57a is still attached to node hp-117-tink-system"
2026-06-12T14:01:29.233161635Z I0612 14:01:29.233071       1 event.go:389] "Event occurred" object="default/0642180314-13h10m52s913092-06-12-disk-0" fieldPath="" kind="PersistentVolumeClaim" apiVersion="v1" type="Normal" reason="Provisioning" message="External provisioner is provisioning volume for claim \"default/0642180314-13h10m52s913092-06-12-disk-0\""
2026-06-12T14:01:31.214497029Z I0612 14:01:31.214345       1 controller.go:1317] volume pvc-381c3168-a998-4900-b894-56292706c57a does not need any deletion secrets
2026-06-12T14:01:31.214521762Z E0612 14:01:31.214396       1 controller.go:1569] "Volume deletion failed" err="persistentvolume pvc-381c3168-a998-4900-b894-56292706c57a is still attached to node hp-117-tink-system" PV="pvc-381c3168-a998-4900-b894-56292706c57a"
2026-06-12T14:01:31.214526362Z I0612 14:01:31.214445       1 controller.go:1021] "Retrying syncing volume" key="pvc-381c3168-a998-4900-b894-56292706c57a" failures=2
2026-06-12T14:01:31.214553787Z E0612 14:01:31.214475       1 controller.go:1039] "Unhandled Error" err="error syncing volume \"pvc-381c3168-a998-4900-b894-56292706c57a\": persistentvolume pvc-381c3168-a998-4900-b894-56292706c57a is still attached to node hp-117-tink-system" logger="UnhandledError"
2026-06-12T14:01:31.214573757Z I0612 14:01:31.214516       1 event.go:389] "Event occurred" object="pvc-381c3168-a998-4900-b894-56292706c57a" fieldPath="" kind="PersistentVolume" apiVersion="v1" type="Warning" reason="VolumeFailedDelete" message="persistentvolume pvc-381c3168-a998-4900-b894-56292706c57a is still attached to node hp-117-tink-system"
2026-06-12T14:01:31.356733020Z I0612 14:01:31.356614       1 controller.go:959] successfully created PV pvc-7a0ed7c0-c7be-4a5d-8463-85bf5aa5ac6d for PVC 0642180314-13h10m52s913092-06-12-disk-0 and csi volume name pvc-7a0ed7c0-c7be-4a5d-8463-85bf5aa5ac6d
2026-06-12T14:01:31.363285182Z I0612 14:01:31.363152       1 event.go:389] "Event occurred" object="default/0642180314-13h10m52s913092-06-12-disk-0" fieldPath="" kind="PersistentVolumeClaim" apiVersion="v1" type="Normal" reason="ProvisioningSucceeded" message="Successfully provisioned volume pvc-7a0ed7c0-c7be-4a5d-8463-85bf5aa5ac6d"
2026-06-12T14:01:35.215792714Z I0612 14:01:35.215623       1 controller.go:1317] volume pvc-381c3168-a998-4900-b894-56292706c57a does not need any deletion secrets
2026-06-12T14:07:20.421294263Z I0612 14:07:20.421157       1 event.go:389] "Event occurred" object="default/restore-4-0642180314-13h10m52s913092-06-12-c563bcdb-272e-4351-91ce-44a550c48a33-disk-0" fieldPath="" kind="PersistentVolumeClaim" apiVersion="v1" type="Normal" reason="Provisioning" message="External provisioner is provisioning volume for claim \"default/restore-4-0642180314-13h10m52s913092-06-12-c563bcdb-272e-4351-91ce-44a550c48a33-disk-0\""
2026-06-12T14:07:22.567512538Z I0612 14:07:22.567437       1 controller.go:959] successfully created PV pvc-b4348b97-3df4-4e70-83a5-61678849cfcf for PVC restore-4-0642180314-13h10m52s913092-06-12-c563bcdb-272e-4351-91ce-44a550c48a33-disk-0 and csi volume name pvc-b4348b97-3df4-4e70-83a5-61678849cfcf
2026-06-12T14:07:22.573018471Z I0612 14:07:22.572937       1 event.go:389] "Event occurred" object="default/restore-4-0642180314-13h10m52s913092-06-12-c563bcdb-272e-4351-91ce-44a550c48a33-disk-0" fieldPath="" kind="PersistentVolumeClaim" apiVersion="v1" type="Normal" reason="ProvisioningSucceeded" message="Successfully provisioned volume pvc-b4348b97-3df4-4e70-83a5-61678849cfcf"
2026-06-12T14:08:41.029373138Z I0612 14:08:41.029248       1 controller.go:1317] volume pvc-7a0ed7c0-c7be-4a5d-8463-85bf5aa5ac6d does not need any deletion secrets
2026-06-12T14:09:51.823968457Z I0612 14:09:51.823870       1 event.go:389] "Event occurred" object="default/restore-3-0642180314-13h10m52s913092-06-12-1118aa42-8139-4eca-9cc7-5768498eccb7-disk-0" fieldPath="" kind="PersistentVolumeClaim" apiVersion="v1" type="Normal" reason="Provisioning" message="External provisioner is provisioning volume for claim \"default/restore-3-0642180314-13h10m52s913092-06-12-1118aa42-8139-4eca-9cc7-5768498eccb7-disk-0\""
2026-06-12T14:09:53.967840822Z I0612 14:09:53.967755       1 controller.go:959] successfully created PV pvc-2ecb6e95-2465-447d-a717-f8e88b5f2f23 for PVC restore-3-0642180314-13h10m52s913092-06-12-1118aa42-8139-4eca-9cc7-5768498eccb7-disk-0 and csi volume name pvc-2ecb6e95-2465-447d-a717-f8e88b5f2f23
2026-06-12T14:09:53.977008764Z I0612 14:09:53.976813       1 event.go:389] "Event occurred" object="default/restore-3-0642180314-13h10m52s913092-06-12-1118aa42-8139-4eca-9cc7-5768498eccb7-disk-0" fieldPath="" kind="PersistentVolumeClaim" apiVersion="v1" type="Normal" reason="ProvisioningSucceeded" message="Successfully provisioned volume pvc-2ecb6e95-2465-447d-a717-f8e88b5f2f23"
2026-06-12T14:11:17.577382874Z I0612 14:11:17.577275       1 controller.go:1317] volume pvc-b4348b97-3df4-4e70-83a5-61678849cfcf does not need any deletion secrets
2026-06-12T14:11:19.626950586Z I0612 14:11:19.626773       1 controller.go:1317] volume pvc-b4348b97-3df4-4e70-83a5-61678849cfcf does not need any deletion secrets
2026-06-12T14:11:19.630198068Z I0612 14:11:19.630029       1 controller.go:1580] "Failed to delete persistentvolume" PV="pvc-b4348b97-3df4-4e70-83a5-61678849cfcf" err="persistentvolumes \"pvc-b4348b97-3df4-4e70-83a5-61678849cfcf\" not found"
2026-06-12T14:11:19.630219345Z I0612 14:11:19.630064       1 controller.go:1021] "Retrying syncing volume" key="pvc-b4348b97-3df4-4e70-83a5-61678849cfcf" failures=0
2026-06-12T14:11:19.630225168Z E0612 14:11:19.630098       1 controller.go:1039] "Unhandled Error" err="error syncing volume \"pvc-b4348b97-3df4-4e70-83a5-61678849cfcf\": persistentvolumes \"pvc-b4348b97-3df4-4e70-83a5-61678849cfcf\" not found" logger="UnhandledError"
2026-06-12T14:12:24.914602037Z I0612 14:12:24.914460       1 event.go:389] "Event occurred" object="default/restore-3-0642180314-13h10m52s913092-06-12-0cde3ac9-53ec-45a0-84e5-cc7ca055f3bf-disk-0" fieldPath="" kind="PersistentVolumeClaim" apiVersion="v1" type="Normal" reason="Provisioning" message="External provisioner is provisioning volume for claim \"default/restore-3-0642180314-13h10m52s913092-06-12-0cde3ac9-53ec-45a0-84e5-cc7ca055f3bf-disk-0\""
2026-06-12T14:12:27.059377666Z I0612 14:12:27.059258       1 controller.go:959] successfully created PV pvc-521be257-d0fd-4497-b6cc-5c8d5f8c844c for PVC restore-3-0642180314-13h10m52s913092-06-12-0cde3ac9-53ec-45a0-84e5-cc7ca055f3bf-disk-0 and csi volume name pvc-521be257-d0fd-4497-b6cc-5c8d5f8c844c
2026-06-12T14:12:27.068231661Z I0612 14:12:27.068121       1 event.go:389] "Event occurred" object="default/restore-3-0642180314-13h10m52s913092-06-12-0cde3ac9-53ec-45a0-84e5-cc7ca055f3bf-disk-0" fieldPath="" kind="PersistentVolumeClaim" apiVersion="v1" type="Normal" reason="ProvisioningSucceeded" message="Successfully provisioned volume pvc-521be257-d0fd-4497-b6cc-5c8d5f8c844c"
2026-06-12T14:13:50.406434946Z I0612 14:13:50.406325       1 controller.go:1317] volume pvc-2ecb6e95-2465-447d-a717-f8e88b5f2f23 does not need any deletion secrets
2026-06-12T14:13:52.434731762Z I0612 14:13:52.434511       1 controller.go:1317] volume pvc-2ecb6e95-2465-447d-a717-f8e88b5f2f23 does not need any deletion secrets
2026-06-12T14:13:52.437570907Z I0612 14:13:52.437486       1 controller.go:1580] "Failed to delete persistentvolume" PV="pvc-2ecb6e95-2465-447d-a717-f8e88b5f2f23" err="persistentvolumes \"pvc-2ecb6e95-2465-447d-a717-f8e88b5f2f23\" not found"
2026-06-12T14:13:52.437587826Z I0612 14:13:52.437514       1 controller.go:1021] "Retrying syncing volume" key="pvc-2ecb6e95-2465-447d-a717-f8e88b5f2f23" failures=0
2026-06-12T14:13:52.437606354Z E0612 14:13:52.437543       1 controller.go:1039] "Unhandled Error" err="error syncing volume \"pvc-2ecb6e95-2465-447d-a717-f8e88b5f2f23\": persistentvolumes \"pvc-2ecb6e95-2465-447d-a717-f8e88b5f2f23\" not found" logger="UnhandledError"
2026-06-12T14:14:56.281692408Z I0612 14:14:56.281577       1 controller.go:1317] volume pvc-521be257-d0fd-4497-b6cc-5c8d5f8c844c does not need any deletion secrets
2026-06-12T14:14:56.281740083Z E0612 14:14:56.281674       1 controller.go:1569] "Volume deletion failed" err="persistentvolume pvc-521be257-d0fd-4497-b6cc-5c8d5f8c844c is still attached to node hp-69-tink-system" PV="pvc-521be257-d0fd-4497-b6cc-5c8d5f8c844c"
2026-06-12T14:14:56.281790807Z I0612 14:14:56.281745       1 controller.go:1021] "Retrying syncing volume" key="pvc-521be257-d0fd-4497-b6cc-5c8d5f8c844c" failures=0
2026-06-12T14:14:56.281824188Z E0612 14:14:56.281776       1 controller.go:1039] "Unhandled Error" err="error syncing volume \"pvc-521be257-d0fd-4497-b6cc-5c8d5f8c844c\": persistentvolume pvc-521be257-d0fd-4497-b6cc-5c8d5f8c844c is still attached to node hp-69-tink-system" logger="UnhandledError"
2026-06-12T14:14:56.281906477Z I0612 14:14:56.281834       1 event.go:389] "Event occurred" object="pvc-521be257-d0fd-4497-b6cc-5c8d5f8c844c" fieldPath="" kind="PersistentVolume" apiVersion="v1" type="Warning" reason="VolumeFailedDelete" message="persistentvolume pvc-521be257-d0fd-4497-b6cc-5c8d5f8c844c is still attached to node hp-69-tink-system"
2026-06-12T14:14:57.283132028Z I0612 14:14:57.282942       1 controller.go:1317] volume pvc-521be257-d0fd-4497-b6cc-5c8d5f8c844c does not need any deletion secrets
2026-06-12T14:14:57.283166061Z E0612 14:14:57.283012       1 controller.go:1569] "Volume deletion failed" err="persistentvolume pvc-521be257-d0fd-4497-b6cc-5c8d5f8c844c is still attached to node hp-69-tink-system" PV="pvc-521be257-d0fd-4497-b6cc-5c8d5f8c844c"
2026-06-12T14:14:57.283186814Z I0612 14:14:57.283079       1 controller.go:1021] "Retrying syncing volume" key="pvc-521be257-d0fd-4497-b6cc-5c8d5f8c844c" failures=1
2026-06-12T14:14:57.283195131Z E0612 14:14:57.283120       1 controller.go:1039] "Unhandled Error" err="error syncing volume \"pvc-521be257-d0fd-4497-b6cc-5c8d5f8c844c\": persistentvolume pvc-521be257-d0fd-4497-b6cc-5c8d5f8c844c is still attached to node hp-69-tink-system" logger="UnhandledError"
2026-06-12T14:14:57.283299817Z I0612 14:14:57.283148       1 event.go:389] "Event occurred" object="pvc-521be257-d0fd-4497-b6cc-5c8d5f8c844c" fieldPath="" kind="PersistentVolume" apiVersion="v1" type="Warning" reason="VolumeFailedDelete" message="persistentvolume pvc-521be257-d0fd-4497-b6cc-5c8d5f8c844c is still attached to node hp-69-tink-system"
2026-06-12T14:14:59.284464439Z I0612 14:14:59.284279       1 controller.go:1317] volume pvc-521be257-d0fd-4497-b6cc-5c8d5f8c844c does not need any deletion secrets
2026-06-12T14:14:59.284488852Z E0612 14:14:59.284324       1 controller.go:1569] "Volume deletion failed" err="persistentvolume pvc-521be257-d0fd-4497-b6cc-5c8d5f8c844c is still attached to node hp-69-tink-system" PV="pvc-521be257-d0fd-4497-b6cc-5c8d5f8c844c"
2026-06-12T14:14:59.284492792Z I0612 14:14:59.284377       1 controller.go:1021] "Retrying syncing volume" key="pvc-521be257-d0fd-4497-b6cc-5c8d5f8c844c" failures=2
2026-06-12T14:14:59.284496839Z E0612 14:14:59.284403       1 controller.go:1039] "Unhandled Error" err="error syncing volume \"pvc-521be257-d0fd-4497-b6cc-5c8d5f8c844c\": persistentvolume pvc-521be257-d0fd-4497-b6cc-5c8d5f8c844c is still attached to node hp-69-tink-system" logger="UnhandledError"
2026-06-12T14:14:59.284507949Z I0612 14:14:59.284438       1 event.go:389] "Event occurred" object="pvc-521be257-d0fd-4497-b6cc-5c8d5f8c844c" fieldPath="" kind="PersistentVolume" apiVersion="v1" type="Warning" reason="VolumeFailedDelete" message="persistentvolume pvc-521be257-d0fd-4497-b6cc-5c8d5f8c844c is still attached to node hp-69-tink-system"
2026-06-12T14:15:02.439505915Z I0612 14:15:02.439400       1 event.go:389] "Event occurred" object="default/0616291038-13h10m52s913092-06-12-disk-0" fieldPath="" kind="PersistentVolumeClaim" apiVersion="v1" type="Normal" reason="Provisioning" message="External provisioner is provisioning volume for claim \"default/0616291038-13h10m52s913092-06-12-disk-0\""
2026-06-12T14:15:03.284690230Z I0612 14:15:03.284559       1 controller.go:1317] volume pvc-521be257-d0fd-4497-b6cc-5c8d5f8c844c does not need any deletion secrets
2026-06-12T14:15:03.284711788Z E0612 14:15:03.284620       1 controller.go:1569] "Volume deletion failed" err="persistentvolume pvc-521be257-d0fd-4497-b6cc-5c8d5f8c844c is still attached to node hp-69-tink-system" PV="pvc-521be257-d0fd-4497-b6cc-5c8d5f8c844c"
2026-06-12T14:15:03.284752497Z I0612 14:15:03.284704       1 controller.go:1021] "Retrying syncing volume" key="pvc-521be257-d0fd-4497-b6cc-5c8d5f8c844c" failures=3
2026-06-12T14:15:03.284766819Z E0612 14:15:03.284739       1 controller.go:1039] "Unhandled Error" err="error syncing volume \"pvc-521be257-d0fd-4497-b6cc-5c8d5f8c844c\": persistentvolume pvc-521be257-d0fd-4497-b6cc-5c8d5f8c844c is still attached to node hp-69-tink-system" logger="UnhandledError"
2026-06-12T14:15:03.284863023Z I0612 14:15:03.284811       1 event.go:389] "Event occurred" object="pvc-521be257-d0fd-4497-b6cc-5c8d5f8c844c" fieldPath="" kind="PersistentVolume" apiVersion="v1" type="Warning" reason="VolumeFailedDelete" message="persistentvolume pvc-521be257-d0fd-4497-b6cc-5c8d5f8c844c is still attached to node hp-69-tink-system"
2026-06-12T14:15:04.591616619Z I0612 14:15:04.591530       1 controller.go:959] successfully created PV pvc-7be87b50-c464-463c-a5f2-113d62a15c62 for PVC 0616291038-13h10m52s913092-06-12-disk-0 and csi volume name pvc-7be87b50-c464-463c-a5f2-113d62a15c62
2026-06-12T14:15:04.610091717Z I0612 14:15:04.609683       1 event.go:389] "Event occurred" object="default/0616291038-13h10m52s913092-06-12-disk-0" fieldPath="" kind="PersistentVolumeClaim" apiVersion="v1" type="Normal" reason="ProvisioningSucceeded" message="Successfully provisioned volume pvc-7be87b50-c464-463c-a5f2-113d62a15c62"
2026-06-12T14:15:11.285960912Z I0612 14:15:11.285794       1 controller.go:1317] volume pvc-521be257-d0fd-4497-b6cc-5c8d5f8c844c does not need any deletion secrets
2026-06-12T14:15:13.323449382Z I0612 14:15:13.323124       1 controller.go:1317] volume pvc-521be257-d0fd-4497-b6cc-5c8d5f8c844c does not need any deletion secrets
2026-06-12T14:15:13.326898255Z I0612 14:15:13.326757       1 controller.go:1580] "Failed to delete persistentvolume" PV="pvc-521be257-d0fd-4497-b6cc-5c8d5f8c844c" err="persistentvolumes \"pvc-521be257-d0fd-4497-b6cc-5c8d5f8c844c\" not found"
2026-06-12T14:15:13.326915658Z I0612 14:15:13.326797       1 controller.go:1021] "Retrying syncing volume" key="pvc-521be257-d0fd-4497-b6cc-5c8d5f8c844c" failures=0
2026-06-12T14:15:13.326922768Z E0612 14:15:13.326834       1 controller.go:1039] "Unhandled Error" err="error syncing volume \"pvc-521be257-d0fd-4497-b6cc-5c8d5f8c844c\": persistentvolumes \"pvc-521be257-d0fd-4497-b6cc-5c8d5f8c844c\" not found" logger="UnhandledError"
2026-06-12T14:20:51.257731771Z I0612 14:20:51.257598       1 event.go:389] "Event occurred" object="default/restore-4-0616291038-13h10m52s913092-06-12-4f130fdb-e716-4780-afc3-f03a7fb9e339-disk-0" fieldPath="" kind="PersistentVolumeClaim" apiVersion="v1" type="Normal" reason="Provisioning" message="External provisioner is provisioning volume for claim \"default/restore-4-0616291038-13h10m52s913092-06-12-4f130fdb-e716-4780-afc3-f03a7fb9e339-disk-0\""
2026-06-12T14:20:53.526061859Z I0612 14:20:53.525988       1 controller.go:959] successfully created PV pvc-f597ff36-42dd-460b-a137-6382e2099a59 for PVC restore-4-0616291038-13h10m52s913092-06-12-4f130fdb-e716-4780-afc3-f03a7fb9e339-disk-0 and csi volume name pvc-f597ff36-42dd-460b-a137-6382e2099a59
2026-06-12T14:20:53.536412130Z I0612 14:20:53.536324       1 event.go:389] "Event occurred" object="default/restore-4-0616291038-13h10m52s913092-06-12-4f130fdb-e716-4780-afc3-f03a7fb9e339-disk-0" fieldPath="" kind="PersistentVolumeClaim" apiVersion="v1" type="Normal" reason="ProvisioningSucceeded" message="Successfully provisioned volume pvc-f597ff36-42dd-460b-a137-6382e2099a59"
2026-06-12T14:20:53.536449366Z I0612 14:20:53.536352       1 event.go:389] "Event occurred" object="default/restore-4-0616291038-13h10m52s913092-06-12-4f130fdb-e716-4780-afc3-f03a7fb9e339-disk-0" fieldPath="" kind="PersistentVolumeClaim" apiVersion="v1" type="Normal" reason="Provisioning" message="External provisioner is provisioning volume for claim \"default/restore-4-0616291038-13h10m52s913092-06-12-4f130fdb-e716-4780-afc3-f03a7fb9e339-disk-0\""
2026-06-12T14:20:53.660213086Z I0612 14:20:53.660125       1 controller.go:959] successfully created PV pvc-f597ff36-42dd-460b-a137-6382e2099a59 for PVC restore-4-0616291038-13h10m52s913092-06-12-4f130fdb-e716-4780-afc3-f03a7fb9e339-disk-0 and csi volume name pvc-f597ff36-42dd-460b-a137-6382e2099a59
2026-06-12T14:20:53.674621743Z I0612 14:20:53.674541       1 event.go:389] "Event occurred" object="default/restore-4-0616291038-13h10m52s913092-06-12-4f130fdb-e716-4780-afc3-f03a7fb9e339-disk-0" fieldPath="" kind="PersistentVolumeClaim" apiVersion="v1" type="Normal" reason="ProvisioningSucceeded" message="Successfully provisioned volume pvc-f597ff36-42dd-460b-a137-6382e2099a59"
2026-06-12T14:22:11.766971933Z I0612 14:22:11.766863       1 controller.go:1317] volume pvc-7be87b50-c464-463c-a5f2-113d62a15c62 does not need any deletion secrets
2026-06-12T14:22:13.819843380Z I0612 14:22:13.819747       1 controller.go:1317] volume pvc-7be87b50-c464-463c-a5f2-113d62a15c62 does not need any deletion secrets
2026-06-12T14:22:13.822928439Z I0612 14:22:13.822806       1 controller.go:1580] "Failed to delete persistentvolume" PV="pvc-7be87b50-c464-463c-a5f2-113d62a15c62" err="persistentvolumes \"pvc-7be87b50-c464-463c-a5f2-113d62a15c62\" not found"
2026-06-12T14:22:13.822944457Z I0612 14:22:13.822831       1 controller.go:1021] "Retrying syncing volume" key="pvc-7be87b50-c464-463c-a5f2-113d62a15c62" failures=0
2026-06-12T14:22:13.822949717Z E0612 14:22:13.822860       1 controller.go:1039] "Unhandled Error" err="error syncing volume \"pvc-7be87b50-c464-463c-a5f2-113d62a15c62\": persistentvolumes \"pvc-7be87b50-c464-463c-a5f2-113d62a15c62\" not found" logger="UnhandledError"
2026-06-12T14:23:22.567814428Z I0612 14:23:22.567676       1 event.go:389] "Event occurred" object="default/restore-3-0616291038-13h10m52s913092-06-12-36af4d01-ba2f-4b05-b8d0-8f66b3fe9fd6-disk-0" fieldPath="" kind="PersistentVolumeClaim" apiVersion="v1" type="Normal" reason="Provisioning" message="External provisioner is provisioning volume for claim \"default/restore-3-0616291038-13h10m52s913092-06-12-36af4d01-ba2f-4b05-b8d0-8f66b3fe9fd6-disk-0\""
2026-06-12T14:23:24.814548684Z I0612 14:23:24.814468       1 controller.go:959] successfully created PV pvc-3b5b3574-556d-455d-a9ac-c1b993d97c57 for PVC restore-3-0616291038-13h10m52s913092-06-12-36af4d01-ba2f-4b05-b8d0-8f66b3fe9fd6-disk-0 and csi volume name pvc-3b5b3574-556d-455d-a9ac-c1b993d97c57
2026-06-12T14:23:24.823623079Z I0612 14:23:24.823514       1 event.go:389] "Event occurred" object="default/restore-3-0616291038-13h10m52s913092-06-12-36af4d01-ba2f-4b05-b8d0-8f66b3fe9fd6-disk-0" fieldPath="" kind="PersistentVolumeClaim" apiVersion="v1" type="Normal" reason="ProvisioningSucceeded" message="Successfully provisioned volume pvc-3b5b3574-556d-455d-a9ac-c1b993d97c57"
2026-06-12T14:23:24.823670048Z I0612 14:23:24.823590       1 event.go:389] "Event occurred" object="default/restore-3-0616291038-13h10m52s913092-06-12-36af4d01-ba2f-4b05-b8d0-8f66b3fe9fd6-disk-0" fieldPath="" kind="PersistentVolumeClaim" apiVersion="v1" type="Normal" reason="Provisioning" message="External provisioner is provisioning volume for claim \"default/restore-3-0616291038-13h10m52s913092-06-12-36af4d01-ba2f-4b05-b8d0-8f66b3fe9fd6-disk-0\""
2026-06-12T14:23:24.953741656Z I0612 14:23:24.953597       1 controller.go:959] successfully created PV pvc-3b5b3574-556d-455d-a9ac-c1b993d97c57 for PVC restore-3-0616291038-13h10m52s913092-06-12-36af4d01-ba2f-4b05-b8d0-8f66b3fe9fd6-disk-0 and csi volume name pvc-3b5b3574-556d-455d-a9ac-c1b993d97c57
2026-06-12T14:23:24.964945292Z I0612 14:23:24.964856       1 event.go:389] "Event occurred" object="default/restore-3-0616291038-13h10m52s913092-06-12-36af4d01-ba2f-4b05-b8d0-8f66b3fe9fd6-disk-0" fieldPath="" kind="PersistentVolumeClaim" apiVersion="v1" type="Normal" reason="ProvisioningSucceeded" message="Successfully provisioned volume pvc-3b5b3574-556d-455d-a9ac-c1b993d97c57"
2026-06-12T14:24:45.074795729Z I0612 14:24:45.074693       1 controller.go:1317] volume pvc-f597ff36-42dd-460b-a137-6382e2099a59 does not need any deletion secrets
2026-06-12T14:24:47.130052317Z I0612 14:24:47.129937       1 controller.go:1317] volume pvc-f597ff36-42dd-460b-a137-6382e2099a59 does not need any deletion secrets
2026-06-12T14:24:47.133206639Z I0612 14:24:47.133081       1 controller.go:1580] "Failed to delete persistentvolume" PV="pvc-f597ff36-42dd-460b-a137-6382e2099a59" err="persistentvolumes \"pvc-f597ff36-42dd-460b-a137-6382e2099a59\" not found"
2026-06-12T14:24:47.133225367Z I0612 14:24:47.133117       1 controller.go:1021] "Retrying syncing volume" key="pvc-f597ff36-42dd-460b-a137-6382e2099a59" failures=0
2026-06-12T14:24:47.133231772Z E0612 14:24:47.133153       1 controller.go:1039] "Unhandled Error" err="error syncing volume \"pvc-f597ff36-42dd-460b-a137-6382e2099a59\": persistentvolumes \"pvc-f597ff36-42dd-460b-a137-6382e2099a59\" not found" logger="UnhandledError"
2026-06-12T14:25:51.238997731Z I0612 14:25:51.238890       1 event.go:389] "Event occurred" object="default/restore-3-0616291038-13h10m52s913092-06-12-0a800fed-9ae6-4bf1-ae5f-af3ac178a8d9-disk-0" fieldPath="" kind="PersistentVolumeClaim" apiVersion="v1" type="Normal" reason="Provisioning" message="External provisioner is provisioning volume for claim \"default/restore-3-0616291038-13h10m52s913092-06-12-0a800fed-9ae6-4bf1-ae5f-af3ac178a8d9-disk-0\""
2026-06-12T14:25:53.493482766Z I0612 14:25:53.493332       1 controller.go:959] successfully created PV pvc-4fe35d48-9dc8-42b1-89cc-1546ad300cb0 for PVC restore-3-0616291038-13h10m52s913092-06-12-0a800fed-9ae6-4bf1-ae5f-af3ac178a8d9-disk-0 and csi volume name pvc-4fe35d48-9dc8-42b1-89cc-1546ad300cb0
2026-06-12T14:25:53.498160058Z I0612 14:25:53.498045       1 event.go:389] "Event occurred" object="default/restore-3-0616291038-13h10m52s913092-06-12-0a800fed-9ae6-4bf1-ae5f-af3ac178a8d9-disk-0" fieldPath="" kind="PersistentVolumeClaim" apiVersion="v1" type="Normal" reason="ProvisioningSucceeded" message="Successfully provisioned volume pvc-4fe35d48-9dc8-42b1-89cc-1546ad300cb0"
2026-06-12T14:25:53.498177627Z I0612 14:25:53.498074       1 event.go:389] "Event occurred" object="default/restore-3-0616291038-13h10m52s913092-06-12-0a800fed-9ae6-4bf1-ae5f-af3ac178a8d9-disk-0" fieldPath="" kind="PersistentVolumeClaim" apiVersion="v1" type="Normal" reason="Provisioning" message="External provisioner is provisioning volume for claim \"default/restore-3-0616291038-13h10m52s913092-06-12-0a800fed-9ae6-4bf1-ae5f-af3ac178a8d9-disk-0\""
2026-06-12T14:25:53.625280556Z I0612 14:25:53.625154       1 controller.go:959] successfully created PV pvc-4fe35d48-9dc8-42b1-89cc-1546ad300cb0 for PVC restore-3-0616291038-13h10m52s913092-06-12-0a800fed-9ae6-4bf1-ae5f-af3ac178a8d9-disk-0 and csi volume name pvc-4fe35d48-9dc8-42b1-89cc-1546ad300cb0
2026-06-12T14:25:53.637117565Z I0612 14:25:53.636999       1 event.go:389] "Event occurred" object="default/restore-3-0616291038-13h10m52s913092-06-12-0a800fed-9ae6-4bf1-ae5f-af3ac178a8d9-disk-0" fieldPath="" kind="PersistentVolumeClaim" apiVersion="v1" type="Normal" reason="ProvisioningSucceeded" message="Successfully provisioned volume pvc-4fe35d48-9dc8-42b1-89cc-1546ad300cb0"
2026-06-12T14:27:16.831523179Z I0612 14:27:16.831421       1 controller.go:1317] volume pvc-3b5b3574-556d-455d-a9ac-c1b993d97c57 does not need any deletion secrets
2026-06-12T14:28:23.640214176Z I0612 14:28:23.640081       1 controller.go:1317] volume pvc-4fe35d48-9dc8-42b1-89cc-1546ad300cb0 does not need any deletion secrets
2026-06-12T14:28:23.640249899Z E0612 14:28:23.640128       1 controller.go:1569] "Volume deletion failed" err="persistentvolume pvc-4fe35d48-9dc8-42b1-89cc-1546ad300cb0 is still attached to node hp-69-tink-system" PV="pvc-4fe35d48-9dc8-42b1-89cc-1546ad300cb0"
2026-06-12T14:28:23.640263535Z I0612 14:28:23.640198       1 controller.go:1021] "Retrying syncing volume" key="pvc-4fe35d48-9dc8-42b1-89cc-1546ad300cb0" failures=0
2026-06-12T14:28:23.640747417Z I0612 14:28:23.640473       1 event.go:389] "Event occurred" object="pvc-4fe35d48-9dc8-42b1-89cc-1546ad300cb0" fieldPath="" kind="PersistentVolume" apiVersion="v1" type="Warning" reason="VolumeFailedDelete" message="persistentvolume pvc-4fe35d48-9dc8-42b1-89cc-1546ad300cb0 is still attached to node hp-69-tink-system"
2026-06-12T14:28:23.640759824Z E0612 14:28:23.640696       1 controller.go:1039] "Unhandled Error" err="error syncing volume \"pvc-4fe35d48-9dc8-42b1-89cc-1546ad300cb0\": persistentvolume pvc-4fe35d48-9dc8-42b1-89cc-1546ad300cb0 is still attached to node hp-69-tink-system" logger="UnhandledError"
2026-06-12T14:28:24.641404283Z I0612 14:28:24.641262       1 controller.go:1317] volume pvc-4fe35d48-9dc8-42b1-89cc-1546ad300cb0 does not need any deletion secrets
2026-06-12T14:28:24.641427343Z E0612 14:28:24.641308       1 controller.go:1569] "Volume deletion failed" err="persistentvolume pvc-4fe35d48-9dc8-42b1-89cc-1546ad300cb0 is still attached to node hp-69-tink-system" PV="pvc-4fe35d48-9dc8-42b1-89cc-1546ad300cb0"
2026-06-12T14:28:24.641442651Z I0612 14:28:24.641375       1 controller.go:1021] "Retrying syncing volume" key="pvc-4fe35d48-9dc8-42b1-89cc-1546ad300cb0" failures=1
2026-06-12T14:28:24.641446222Z E0612 14:28:24.641406       1 controller.go:1039] "Unhandled Error" err="error syncing volume \"pvc-4fe35d48-9dc8-42b1-89cc-1546ad300cb0\": persistentvolume pvc-4fe35d48-9dc8-42b1-89cc-1546ad300cb0 is still attached to node hp-69-tink-system" logger="UnhandledError"
2026-06-12T14:28:24.641566331Z I0612 14:28:24.641467       1 event.go:389] "Event occurred" object="pvc-4fe35d48-9dc8-42b1-89cc-1546ad300cb0" fieldPath="" kind="PersistentVolume" apiVersion="v1" type="Warning" reason="VolumeFailedDelete" message="persistentvolume pvc-4fe35d48-9dc8-42b1-89cc-1546ad300cb0 is still attached to node hp-69-tink-system"
2026-06-12T14:28:26.642221086Z I0612 14:28:26.642069       1 controller.go:1317] volume pvc-4fe35d48-9dc8-42b1-89cc-1546ad300cb0 does not need any deletion secrets
2026-06-12T14:28:28.679303307Z I0612 14:28:28.679179       1 controller.go:1317] volume pvc-4fe35d48-9dc8-42b1-89cc-1546ad300cb0 does not need any deletion secrets
2026-06-12T14:28:28.683437091Z I0612 14:28:28.683329       1 controller.go:1580] "Failed to delete persistentvolume" PV="pvc-4fe35d48-9dc8-42b1-89cc-1546ad300cb0" err="persistentvolumes \"pvc-4fe35d48-9dc8-42b1-89cc-1546ad300cb0\" not found"
2026-06-12T14:28:28.683454342Z I0612 14:28:28.683361       1 controller.go:1021] "Retrying syncing volume" key="pvc-4fe35d48-9dc8-42b1-89cc-1546ad300cb0" failures=0
2026-06-12T14:28:28.683459441Z E0612 14:28:28.683392       1 controller.go:1039] "Unhandled Error" err="error syncing volume \"pvc-4fe35d48-9dc8-42b1-89cc-1546ad300cb0\": persistentvolumes \"pvc-4fe35d48-9dc8-42b1-89cc-1546ad300cb0\" not found" logger="UnhandledError"
2026-06-12T14:34:14.309635303Z I0612 14:34:14.309483       1 event.go:389] "Event occurred" object="default/pin-cpu-14h32m00s015305-06-12-disk-0" fieldPath="" kind="PersistentVolumeClaim" apiVersion="v1" type="Normal" reason="Provisioning" message="External provisioner is provisioning volume for claim \"default/pin-cpu-14h32m00s015305-06-12-disk-0\""
2026-06-12T14:34:16.434851661Z I0612 14:34:16.434746       1 controller.go:959] successfully created PV pvc-2324cea6-2c8a-44fa-b0e6-a13756738922 for PVC pin-cpu-14h32m00s015305-06-12-disk-0 and csi volume name pvc-2324cea6-2c8a-44fa-b0e6-a13756738922
2026-06-12T14:34:16.443906080Z I0612 14:34:16.443794       1 event.go:389] "Event occurred" object="default/pin-cpu-14h32m00s015305-06-12-disk-0" fieldPath="" kind="PersistentVolumeClaim" apiVersion="v1" type="Normal" reason="ProvisioningSucceeded" message="Successfully provisioned volume pvc-2324cea6-2c8a-44fa-b0e6-a13756738922"
2026-06-12T14:37:08.609291807Z I0612 14:37:08.609190       1 controller.go:1317] volume pvc-2324cea6-2c8a-44fa-b0e6-a13756738922 does not need any deletion secrets
2026-06-12T14:37:08.609325563Z E0612 14:37:08.609236       1 controller.go:1569] "Volume deletion failed" err="persistentvolume pvc-2324cea6-2c8a-44fa-b0e6-a13756738922 is still attached to node hp-150-tink-system" PV="pvc-2324cea6-2c8a-44fa-b0e6-a13756738922"
2026-06-12T14:37:08.609341021Z I0612 14:37:08.609307       1 controller.go:1021] "Retrying syncing volume" key="pvc-2324cea6-2c8a-44fa-b0e6-a13756738922" failures=0
2026-06-12T14:37:08.609366123Z E0612 14:37:08.609338       1 controller.go:1039] "Unhandled Error" err="error syncing volume \"pvc-2324cea6-2c8a-44fa-b0e6-a13756738922\": persistentvolume pvc-2324cea6-2c8a-44fa-b0e6-a13756738922 is still attached to node hp-150-tink-system" logger="UnhandledError"
2026-06-12T14:37:08.609434327Z I0612 14:37:08.609383       1 event.go:389] "Event occurred" object="pvc-2324cea6-2c8a-44fa-b0e6-a13756738922" fieldPath="" kind="PersistentVolume" apiVersion="v1" type="Warning" reason="VolumeFailedDelete" message="persistentvolume pvc-2324cea6-2c8a-44fa-b0e6-a13756738922 is still attached to node hp-150-tink-system"
2026-06-12T14:37:09.610217439Z I0612 14:37:09.610051       1 controller.go:1317] volume pvc-2324cea6-2c8a-44fa-b0e6-a13756738922 does not need any deletion secrets
2026-06-12T14:37:09.610243675Z E0612 14:37:09.610107       1 controller.go:1569] "Volume deletion failed" err="persistentvolume pvc-2324cea6-2c8a-44fa-b0e6-a13756738922 is still attached to node hp-150-tink-system" PV="pvc-2324cea6-2c8a-44fa-b0e6-a13756738922"
2026-06-12T14:37:09.610271536Z I0612 14:37:09.610180       1 controller.go:1021] "Retrying syncing volume" key="pvc-2324cea6-2c8a-44fa-b0e6-a13756738922" failures=1
2026-06-12T14:37:09.610287599Z E0612 14:37:09.610212       1 controller.go:1039] "Unhandled Error" err="error syncing volume \"pvc-2324cea6-2c8a-44fa-b0e6-a13756738922\": persistentvolume pvc-2324cea6-2c8a-44fa-b0e6-a13756738922 is still attached to node hp-150-tink-system" logger="UnhandledError"
2026-06-12T14:37:09.610299782Z I0612 14:37:09.610253       1 event.go:389] "Event occurred" object="pvc-2324cea6-2c8a-44fa-b0e6-a13756738922" fieldPath="" kind="PersistentVolume" apiVersion="v1" type="Warning" reason="VolumeFailedDelete" message="persistentvolume pvc-2324cea6-2c8a-44fa-b0e6-a13756738922 is still attached to node hp-150-tink-system"
2026-06-12T14:37:11.610932320Z I0612 14:37:11.610772       1 controller.go:1317] volume pvc-2324cea6-2c8a-44fa-b0e6-a13756738922 does not need any deletion secrets
2026-06-12T14:37:11.610962432Z E0612 14:37:11.610830       1 controller.go:1569] "Volume deletion failed" err="persistentvolume pvc-2324cea6-2c8a-44fa-b0e6-a13756738922 is still attached to node hp-150-tink-system" PV="pvc-2324cea6-2c8a-44fa-b0e6-a13756738922"
2026-06-12T14:37:11.610975745Z I0612 14:37:11.610916       1 controller.go:1021] "Retrying syncing volume" key="pvc-2324cea6-2c8a-44fa-b0e6-a13756738922" failures=2
2026-06-12T14:37:11.610980953Z E0612 14:37:11.610950       1 controller.go:1039] "Unhandled Error" err="error syncing volume \"pvc-2324cea6-2c8a-44fa-b0e6-a13756738922\": persistentvolume pvc-2324cea6-2c8a-44fa-b0e6-a13756738922 is still attached to node hp-150-tink-system" logger="UnhandledError"
2026-06-12T14:37:11.611058408Z I0612 14:37:11.610979       1 event.go:389] "Event occurred" object="pvc-2324cea6-2c8a-44fa-b0e6-a13756738922" fieldPath="" kind="PersistentVolume" apiVersion="v1" type="Warning" reason="VolumeFailedDelete" message="persistentvolume pvc-2324cea6-2c8a-44fa-b0e6-a13756738922 is still attached to node hp-150-tink-system"
2026-06-12T14:37:15.611516813Z I0612 14:37:15.611358       1 controller.go:1317] volume pvc-2324cea6-2c8a-44fa-b0e6-a13756738922 does not need any deletion secrets
2026-06-12T14:37:17.660550123Z I0612 14:37:17.660462       1 controller.go:1317] volume pvc-2324cea6-2c8a-44fa-b0e6-a13756738922 does not need any deletion secrets
2026-06-12T14:37:17.663371977Z I0612 14:37:17.663256       1 controller.go:1580] "Failed to delete persistentvolume" PV="pvc-2324cea6-2c8a-44fa-b0e6-a13756738922" err="persistentvolumes \"pvc-2324cea6-2c8a-44fa-b0e6-a13756738922\" not found"
2026-06-12T14:37:17.663393019Z I0612 14:37:17.663289       1 controller.go:1021] "Retrying syncing volume" key="pvc-2324cea6-2c8a-44fa-b0e6-a13756738922" failures=0
2026-06-12T14:37:17.663400165Z E0612 14:37:17.663322       1 controller.go:1039] "Unhandled Error" err="error syncing volume \"pvc-2324cea6-2c8a-44fa-b0e6-a13756738922\": persistentvolumes \"pvc-2324cea6-2c8a-44fa-b0e6-a13756738922\" not found" logger="UnhandledError"
2026-06-12T14:39:44.331896686Z I0612 14:39:44.331793       1 event.go:389] "Event occurred" object="default/vm-14h37m46s151202-06-12-disk-0" fieldPath="" kind="PersistentVolumeClaim" apiVersion="v1" type="Normal" reason="Provisioning" message="External provisioner is provisioning volume for claim \"default/vm-14h37m46s151202-06-12-disk-0\""
2026-06-12T14:39:46.459012700Z I0612 14:39:46.458841       1 controller.go:959] successfully created PV pvc-659a4fb9-769c-41fa-85a9-0fcaa8985a51 for PVC vm-14h37m46s151202-06-12-disk-0 and csi volume name pvc-659a4fb9-769c-41fa-85a9-0fcaa8985a51
2026-06-12T14:39:46.473145862Z I0612 14:39:46.473028       1 event.go:389] "Event occurred" object="default/vm-14h37m46s151202-06-12-disk-0" fieldPath="" kind="PersistentVolumeClaim" apiVersion="v1" type="Normal" reason="ProvisioningSucceeded" message="Successfully provisioned volume pvc-659a4fb9-769c-41fa-85a9-0fcaa8985a51"
2026-06-12T14:41:17.462723919Z I0612 14:41:17.462491       1 controller.go:1317] volume pvc-659a4fb9-769c-41fa-85a9-0fcaa8985a51 does not need any deletion secrets
2026-06-12T14:41:17.462752687Z E0612 14:41:17.462541       1 controller.go:1569] "Volume deletion failed" err="persistentvolume pvc-659a4fb9-769c-41fa-85a9-0fcaa8985a51 is still attached to node hp-150-tink-system" PV="pvc-659a4fb9-769c-41fa-85a9-0fcaa8985a51"
2026-06-12T14:41:17.462757664Z I0612 14:41:17.462626       1 controller.go:1021] "Retrying syncing volume" key="pvc-659a4fb9-769c-41fa-85a9-0fcaa8985a51" failures=0
2026-06-12T14:41:17.462762178Z E0612 14:41:17.462679       1 controller.go:1039] "Unhandled Error" err="error syncing volume \"pvc-659a4fb9-769c-41fa-85a9-0fcaa8985a51\": persistentvolume pvc-659a4fb9-769c-41fa-85a9-0fcaa8985a51 is still attached to node hp-150-tink-system" logger="UnhandledError"
2026-06-12T14:41:17.462784287Z I0612 14:41:17.462710       1 event.go:389] "Event occurred" object="pvc-659a4fb9-769c-41fa-85a9-0fcaa8985a51" fieldPath="" kind="PersistentVolume" apiVersion="v1" type="Warning" reason="VolumeFailedDelete" message="persistentvolume pvc-659a4fb9-769c-41fa-85a9-0fcaa8985a51 is still attached to node hp-150-tink-system"
2026-06-12T14:41:18.463875478Z I0612 14:41:18.463760       1 controller.go:1317] volume pvc-659a4fb9-769c-41fa-85a9-0fcaa8985a51 does not need any deletion secrets
2026-06-12T14:41:18.463896871Z E0612 14:41:18.463814       1 controller.go:1569] "Volume deletion failed" err="persistentvolume pvc-659a4fb9-769c-41fa-85a9-0fcaa8985a51 is still attached to node hp-150-tink-system" PV="pvc-659a4fb9-769c-41fa-85a9-0fcaa8985a51"
2026-06-12T14:41:18.463912077Z I0612 14:41:18.463882       1 controller.go:1021] "Retrying syncing volume" key="pvc-659a4fb9-769c-41fa-85a9-0fcaa8985a51" failures=1
2026-06-12T14:41:18.463958047Z E0612 14:41:18.463913       1 controller.go:1039] "Unhandled Error" err="error syncing volume \"pvc-659a4fb9-769c-41fa-85a9-0fcaa8985a51\": persistentvolume pvc-659a4fb9-769c-41fa-85a9-0fcaa8985a51 is still attached to node hp-150-tink-system" logger="UnhandledError"
2026-06-12T14:41:18.464003312Z I0612 14:41:18.463960       1 event.go:389] "Event occurred" object="pvc-659a4fb9-769c-41fa-85a9-0fcaa8985a51" fieldPath="" kind="PersistentVolume" apiVersion="v1" type="Warning" reason="VolumeFailedDelete" message="persistentvolume pvc-659a4fb9-769c-41fa-85a9-0fcaa8985a51 is still attached to node hp-150-tink-system"
2026-06-12T14:41:20.465032310Z I0612 14:41:20.464880       1 controller.go:1317] volume pvc-659a4fb9-769c-41fa-85a9-0fcaa8985a51 does not need any deletion secrets
2026-06-12T14:41:29.340169245Z I0612 14:41:29.340035       1 event.go:389] "Event occurred" object="default/vm-14h39m17s320839-06-12-disk-0" fieldPath="" kind="PersistentVolumeClaim" apiVersion="v1" type="Normal" reason="Provisioning" message="External provisioner is provisioning volume for claim \"default/vm-14h39m17s320839-06-12-disk-0\""
2026-06-12T14:41:31.467295752Z I0612 14:41:31.467202       1 controller.go:959] successfully created PV pvc-1b8b2ebb-a84d-40ae-b202-eeac8b6f757e for PVC vm-14h39m17s320839-06-12-disk-0 and csi volume name pvc-1b8b2ebb-a84d-40ae-b202-eeac8b6f757e
2026-06-12T14:41:31.476782824Z I0612 14:41:31.476681       1 event.go:389] "Event occurred" object="default/vm-14h39m17s320839-06-12-disk-0" fieldPath="" kind="PersistentVolumeClaim" apiVersion="v1" type="Normal" reason="ProvisioningSucceeded" message="Successfully provisioned volume pvc-1b8b2ebb-a84d-40ae-b202-eeac8b6f757e"
2026-06-12T14:42:34.992628690Z I0612 14:42:34.992535       1 controller.go:1317] volume pvc-1b8b2ebb-a84d-40ae-b202-eeac8b6f757e does not need any deletion secrets
2026-06-12T14:42:34.992666118Z E0612 14:42:34.992580       1 controller.go:1569] "Volume deletion failed" err="persistentvolume pvc-1b8b2ebb-a84d-40ae-b202-eeac8b6f757e is still attached to node hp-69-tink-system" PV="pvc-1b8b2ebb-a84d-40ae-b202-eeac8b6f757e"
2026-06-12T14:42:34.992714715Z I0612 14:42:34.992627       1 controller.go:1021] "Retrying syncing volume" key="pvc-1b8b2ebb-a84d-40ae-b202-eeac8b6f757e" failures=0
2026-06-12T14:42:34.992738169Z E0612 14:42:34.992681       1 controller.go:1039] "Unhandled Error" err="error syncing volume \"pvc-1b8b2ebb-a84d-40ae-b202-eeac8b6f757e\": persistentvolume pvc-1b8b2ebb-a84d-40ae-b202-eeac8b6f757e is still attached to node hp-69-tink-system" logger="UnhandledError"
2026-06-12T14:42:34.992744403Z I0612 14:42:34.992708       1 event.go:389] "Event occurred" object="pvc-1b8b2ebb-a84d-40ae-b202-eeac8b6f757e" fieldPath="" kind="PersistentVolume" apiVersion="v1" type="Warning" reason="VolumeFailedDelete" message="persistentvolume pvc-1b8b2ebb-a84d-40ae-b202-eeac8b6f757e is still attached to node hp-69-tink-system"
2026-06-12T14:42:35.085134007Z I0612 14:42:35.084957       1 event.go:389] "Event occurred" object="default/vm-14h39m17s320839-06-12-disk-0" fieldPath="" kind="PersistentVolumeClaim" apiVersion="v1" type="Normal" reason="Provisioning" message="External provisioner is provisioning volume for claim \"default/vm-14h39m17s320839-06-12-disk-0\""
2026-06-12T14:42:35.993080115Z I0612 14:42:35.992975       1 controller.go:1317] volume pvc-1b8b2ebb-a84d-40ae-b202-eeac8b6f757e does not need any deletion secrets
2026-06-12T14:42:35.993107499Z E0612 14:42:35.993032       1 controller.go:1569] "Volume deletion failed" err="persistentvolume pvc-1b8b2ebb-a84d-40ae-b202-eeac8b6f757e is still attached to node hp-69-tink-system" PV="pvc-1b8b2ebb-a84d-40ae-b202-eeac8b6f757e"
2026-06-12T14:42:35.993121106Z I0612 14:42:35.993082       1 controller.go:1021] "Retrying syncing volume" key="pvc-1b8b2ebb-a84d-40ae-b202-eeac8b6f757e" failures=1
2026-06-12T14:42:35.993134915Z E0612 14:42:35.993115       1 controller.go:1039] "Unhandled Error" err="error syncing volume \"pvc-1b8b2ebb-a84d-40ae-b202-eeac8b6f757e\": persistentvolume pvc-1b8b2ebb-a84d-40ae-b202-eeac8b6f757e is still attached to node hp-69-tink-system" logger="UnhandledError"
2026-06-12T14:42:35.993214688Z I0612 14:42:35.993159       1 event.go:389] "Event occurred" object="pvc-1b8b2ebb-a84d-40ae-b202-eeac8b6f757e" fieldPath="" kind="PersistentVolume" apiVersion="v1" type="Warning" reason="VolumeFailedDelete" message="persistentvolume pvc-1b8b2ebb-a84d-40ae-b202-eeac8b6f757e is still attached to node hp-69-tink-system"
2026-06-12T14:42:37.119963711Z I0612 14:42:37.119871       1 controller.go:959] successfully created PV pvc-0b7a3939-7022-49ab-8290-b855c9a5cc23 for PVC vm-14h39m17s320839-06-12-disk-0 and csi volume name pvc-0b7a3939-7022-49ab-8290-b855c9a5cc23
2026-06-12T14:42:37.124771064Z I0612 14:42:37.124666       1 event.go:389] "Event occurred" object="default/vm-14h39m17s320839-06-12-disk-0" fieldPath="" kind="PersistentVolumeClaim" apiVersion="v1" type="Normal" reason="ProvisioningSucceeded" message="Successfully provisioned volume pvc-0b7a3939-7022-49ab-8290-b855c9a5cc23"
2026-06-12T14:42:37.124833246Z I0612 14:42:37.124761       1 event.go:389] "Event occurred" object="default/vm-14h39m17s320839-06-12-disk-0" fieldPath="" kind="PersistentVolumeClaim" apiVersion="v1" type="Normal" reason="Provisioning" message="External provisioner is provisioning volume for claim \"default/vm-14h39m17s320839-06-12-disk-0\""
2026-06-12T14:42:37.127606807Z I0612 14:42:37.127478       1 controller.go:959] successfully created PV pvc-0b7a3939-7022-49ab-8290-b855c9a5cc23 for PVC vm-14h39m17s320839-06-12-disk-0 and csi volume name pvc-0b7a3939-7022-49ab-8290-b855c9a5cc23
2026-06-12T14:42:37.147902464Z I0612 14:42:37.147801       1 event.go:389] "Event occurred" object="default/vm-14h39m17s320839-06-12-disk-0" fieldPath="" kind="PersistentVolumeClaim" apiVersion="v1" type="Normal" reason="ProvisioningSucceeded" message="Successfully provisioned volume pvc-0b7a3939-7022-49ab-8290-b855c9a5cc23"
2026-06-12T14:42:37.994075987Z I0612 14:42:37.993957       1 controller.go:1317] volume pvc-1b8b2ebb-a84d-40ae-b202-eeac8b6f757e does not need any deletion secrets
2026-06-12T14:45:19.061586835Z I0612 14:45:19.061487       1 controller.go:1317] volume pvc-0b7a3939-7022-49ab-8290-b855c9a5cc23 does not need any deletion secrets
2026-06-12T14:45:19.061615915Z E0612 14:45:19.061534       1 controller.go:1569] "Volume deletion failed" err="persistentvolume pvc-0b7a3939-7022-49ab-8290-b855c9a5cc23 is still attached to node hp-69-tink-system" PV="pvc-0b7a3939-7022-49ab-8290-b855c9a5cc23"
2026-06-12T14:45:19.061630171Z I0612 14:45:19.061584       1 controller.go:1021] "Retrying syncing volume" key="pvc-0b7a3939-7022-49ab-8290-b855c9a5cc23" failures=0
2026-06-12T14:45:19.061654641Z E0612 14:45:19.061615       1 controller.go:1039] "Unhandled Error" err="error syncing volume \"pvc-0b7a3939-7022-49ab-8290-b855c9a5cc23\": persistentvolume pvc-0b7a3939-7022-49ab-8290-b855c9a5cc23 is still attached to node hp-69-tink-system" logger="UnhandledError"
2026-06-12T14:45:19.061741519Z I0612 14:45:19.061622       1 event.go:389] "Event occurred" object="pvc-0b7a3939-7022-49ab-8290-b855c9a5cc23" fieldPath="" kind="PersistentVolume" apiVersion="v1" type="Warning" reason="VolumeFailedDelete" message="persistentvolume pvc-0b7a3939-7022-49ab-8290-b855c9a5cc23 is still attached to node hp-69-tink-system"
2026-06-12T14:45:20.062598175Z I0612 14:45:20.062461       1 controller.go:1317] volume pvc-0b7a3939-7022-49ab-8290-b855c9a5cc23 does not need any deletion secrets
2026-06-12T14:45:44.344023797Z I0612 14:45:44.343928       1 event.go:389] "Event occurred" object="default/0649853190-source-vm-disk-0" fieldPath="" kind="PersistentVolumeClaim" apiVersion="v1" type="Normal" reason="Provisioning" message="External provisioner is provisioning volume for claim \"default/0649853190-source-vm-disk-0\""
2026-06-12T14:45:46.470260829Z I0612 14:45:46.470184       1 controller.go:959] successfully created PV pvc-0c61298d-b5d4-452a-82df-b0b9d3f1e46c for PVC 0649853190-source-vm-disk-0 and csi volume name pvc-0c61298d-b5d4-452a-82df-b0b9d3f1e46c
2026-06-12T14:45:46.479498126Z I0612 14:45:46.479411       1 event.go:389] "Event occurred" object="default/0649853190-source-vm-disk-0" fieldPath="" kind="PersistentVolumeClaim" apiVersion="v1" type="Normal" reason="ProvisioningSucceeded" message="Successfully provisioned volume pvc-0c61298d-b5d4-452a-82df-b0b9d3f1e46c"
2026-06-12T14:47:15.291087068Z I0612 14:47:15.290966       1 event.go:389] "Event occurred" object="default/0629153414-source-vm-disk-0" fieldPath="" kind="PersistentVolumeClaim" apiVersion="v1" type="Normal" reason="Provisioning" message="External provisioner is provisioning volume for claim \"default/0629153414-source-vm-disk-0\""
2026-06-12T14:47:15.347259843Z I0612 14:47:15.347149       1 controller.go:1317] volume pvc-0c61298d-b5d4-452a-82df-b0b9d3f1e46c does not need any deletion secrets
2026-06-12T14:47:15.347341472Z E0612 14:47:15.347192       1 controller.go:1569] "Volume deletion failed" err="persistentvolume pvc-0c61298d-b5d4-452a-82df-b0b9d3f1e46c is still attached to node hp-69-tink-system" PV="pvc-0c61298d-b5d4-452a-82df-b0b9d3f1e46c"
2026-06-12T14:47:15.347358723Z I0612 14:47:15.347248       1 controller.go:1021] "Retrying syncing volume" key="pvc-0c61298d-b5d4-452a-82df-b0b9d3f1e46c" failures=0
2026-06-12T14:47:15.347368151Z E0612 14:47:15.347284       1 controller.go:1039] "Unhandled Error" err="error syncing volume \"pvc-0c61298d-b5d4-452a-82df-b0b9d3f1e46c\": persistentvolume pvc-0c61298d-b5d4-452a-82df-b0b9d3f1e46c is still attached to node hp-69-tink-system" logger="UnhandledError"
2026-06-12T14:47:15.347611415Z I0612 14:47:15.347541       1 event.go:389] "Event occurred" object="pvc-0c61298d-b5d4-452a-82df-b0b9d3f1e46c" fieldPath="" kind="PersistentVolume" apiVersion="v1" type="Warning" reason="VolumeFailedDelete" message="persistentvolume pvc-0c61298d-b5d4-452a-82df-b0b9d3f1e46c is still attached to node hp-69-tink-system"
2026-06-12T14:47:16.348482361Z I0612 14:47:16.348303       1 controller.go:1317] volume pvc-0c61298d-b5d4-452a-82df-b0b9d3f1e46c does not need any deletion secrets
2026-06-12T14:47:16.348511314Z E0612 14:47:16.348372       1 controller.go:1569] "Volume deletion failed" err="persistentvolume pvc-0c61298d-b5d4-452a-82df-b0b9d3f1e46c is still attached to node hp-69-tink-system" PV="pvc-0c61298d-b5d4-452a-82df-b0b9d3f1e46c"
2026-06-12T14:47:16.348524420Z I0612 14:47:16.348438       1 controller.go:1021] "Retrying syncing volume" key="pvc-0c61298d-b5d4-452a-82df-b0b9d3f1e46c" failures=1
2026-06-12T14:47:16.348530598Z E0612 14:47:16.348468       1 controller.go:1039] "Unhandled Error" err="error syncing volume \"pvc-0c61298d-b5d4-452a-82df-b0b9d3f1e46c\": persistentvolume pvc-0c61298d-b5d4-452a-82df-b0b9d3f1e46c is still attached to node hp-69-tink-system" logger="UnhandledError"
2026-06-12T14:47:16.348563277Z I0612 14:47:16.348513       1 event.go:389] "Event occurred" object="pvc-0c61298d-b5d4-452a-82df-b0b9d3f1e46c" fieldPath="" kind="PersistentVolume" apiVersion="v1" type="Warning" reason="VolumeFailedDelete" message="persistentvolume pvc-0c61298d-b5d4-452a-82df-b0b9d3f1e46c is still attached to node hp-69-tink-system"
2026-06-12T14:47:17.421229854Z I0612 14:47:17.421136       1 controller.go:959] successfully created PV pvc-a976d4da-2eaf-4b7e-b544-86c0de930667 for PVC 0629153414-source-vm-disk-0 and csi volume name pvc-a976d4da-2eaf-4b7e-b544-86c0de930667
2026-06-12T14:47:17.426473526Z I0612 14:47:17.426279       1 event.go:389] "Event occurred" object="default/0629153414-source-vm-disk-0" fieldPath="" kind="PersistentVolumeClaim" apiVersion="v1" type="Normal" reason="ProvisioningSucceeded" message="Successfully provisioned volume pvc-a976d4da-2eaf-4b7e-b544-86c0de930667"
2026-06-12T14:47:17.426491658Z I0612 14:47:17.426324       1 event.go:389] "Event occurred" object="default/0629153414-source-vm-disk-0" fieldPath="" kind="PersistentVolumeClaim" apiVersion="v1" type="Normal" reason="Provisioning" message="External provisioner is provisioning volume for claim \"default/0629153414-source-vm-disk-0\""
2026-06-12T14:47:17.429117088Z I0612 14:47:17.429054       1 controller.go:959] successfully created PV pvc-a976d4da-2eaf-4b7e-b544-86c0de930667 for PVC 0629153414-source-vm-disk-0 and csi volume name pvc-a976d4da-2eaf-4b7e-b544-86c0de930667
2026-06-12T14:47:17.460234498Z I0612 14:47:17.459750       1 event.go:389] "Event occurred" object="default/0629153414-source-vm-disk-0" fieldPath="" kind="PersistentVolumeClaim" apiVersion="v1" type="Normal" reason="ProvisioningSucceeded" message="Successfully provisioned volume pvc-a976d4da-2eaf-4b7e-b544-86c0de930667"
2026-06-12T14:47:18.348721963Z I0612 14:47:18.348612       1 controller.go:1317] volume pvc-0c61298d-b5d4-452a-82df-b0b9d3f1e46c does not need any deletion secrets
2026-06-12T14:47:18.348750139Z E0612 14:47:18.348677       1 controller.go:1569] "Volume deletion failed" err="persistentvolume pvc-0c61298d-b5d4-452a-82df-b0b9d3f1e46c is still attached to node hp-69-tink-system" PV="pvc-0c61298d-b5d4-452a-82df-b0b9d3f1e46c"
2026-06-12T14:47:18.348764582Z I0612 14:47:18.348723       1 controller.go:1021] "Retrying syncing volume" key="pvc-0c61298d-b5d4-452a-82df-b0b9d3f1e46c" failures=2
2026-06-12T14:47:18.348804172Z E0612 14:47:18.348750       1 controller.go:1039] "Unhandled Error" err="error syncing volume \"pvc-0c61298d-b5d4-452a-82df-b0b9d3f1e46c\": persistentvolume pvc-0c61298d-b5d4-452a-82df-b0b9d3f1e46c is still attached to node hp-69-tink-system" logger="UnhandledError"
2026-06-12T14:47:18.348808670Z I0612 14:47:18.348780       1 event.go:389] "Event occurred" object="pvc-0c61298d-b5d4-452a-82df-b0b9d3f1e46c" fieldPath="" kind="PersistentVolume" apiVersion="v1" type="Warning" reason="VolumeFailedDelete" message="persistentvolume pvc-0c61298d-b5d4-452a-82df-b0b9d3f1e46c is still attached to node hp-69-tink-system"
2026-06-12T14:47:22.349744102Z I0612 14:47:22.349619       1 controller.go:1317] volume pvc-0c61298d-b5d4-452a-82df-b0b9d3f1e46c does not need any deletion secrets
2026-06-12T14:47:24.388271280Z I0612 14:47:24.388127       1 controller.go:1317] volume pvc-0c61298d-b5d4-452a-82df-b0b9d3f1e46c does not need any deletion secrets
2026-06-12T14:47:24.391614134Z I0612 14:47:24.391470       1 controller.go:1580] "Failed to delete persistentvolume" PV="pvc-0c61298d-b5d4-452a-82df-b0b9d3f1e46c" err="persistentvolumes \"pvc-0c61298d-b5d4-452a-82df-b0b9d3f1e46c\" not found"
2026-06-12T14:47:24.391634052Z I0612 14:47:24.391499       1 controller.go:1021] "Retrying syncing volume" key="pvc-0c61298d-b5d4-452a-82df-b0b9d3f1e46c" failures=0
2026-06-12T14:47:24.391648081Z E0612 14:47:24.391534       1 controller.go:1039] "Unhandled Error" err="error syncing volume \"pvc-0c61298d-b5d4-452a-82df-b0b9d3f1e46c\": persistentvolumes \"pvc-0c61298d-b5d4-452a-82df-b0b9d3f1e46c\" not found" logger="UnhandledError"
2026-06-12T14:48:44.354936381Z I0612 14:48:44.354791       1 event.go:389] "Event occurred" object="default/0629153414-source-vm-disk-0-snapshot-restore" fieldPath="" kind="PersistentVolumeClaim" apiVersion="v1" type="Normal" reason="Provisioning" message="External provisioner is provisioning volume for claim \"default/0629153414-source-vm-disk-0-snapshot-restore\""
2026-06-12T14:48:46.497595675Z I0612 14:48:46.497477       1 controller.go:959] successfully created PV pvc-099a9ede-8b32-4592-9944-fea6c49cf00e for PVC 0629153414-source-vm-disk-0-snapshot-restore and csi volume name pvc-099a9ede-8b32-4592-9944-fea6c49cf00e
2026-06-12T14:48:46.506882712Z I0612 14:48:46.506806       1 event.go:389] "Event occurred" object="default/0629153414-source-vm-disk-0-snapshot-restore" fieldPath="" kind="PersistentVolumeClaim" apiVersion="v1" type="Normal" reason="ProvisioningSucceeded" message="Successfully provisioned volume pvc-099a9ede-8b32-4592-9944-fea6c49cf00e"
2026-06-12T14:50:44.391228662Z I0612 14:50:44.391033       1 controller.go:1317] volume pvc-099a9ede-8b32-4592-9944-fea6c49cf00e does not need any deletion secrets
2026-06-12T14:50:44.391256105Z E0612 14:50:44.391081       1 controller.go:1569] "Volume deletion failed" err="persistentvolume pvc-099a9ede-8b32-4592-9944-fea6c49cf00e is still attached to node hp-69-tink-system" PV="pvc-099a9ede-8b32-4592-9944-fea6c49cf00e"
2026-06-12T14:50:44.391261537Z I0612 14:50:44.391143       1 controller.go:1021] "Retrying syncing volume" key="pvc-099a9ede-8b32-4592-9944-fea6c49cf00e" failures=0
2026-06-12T14:50:44.391266014Z E0612 14:50:44.391176       1 controller.go:1039] "Unhandled Error" err="error syncing volume \"pvc-099a9ede-8b32-4592-9944-fea6c49cf00e\": persistentvolume pvc-099a9ede-8b32-4592-9944-fea6c49cf00e is still attached to node hp-69-tink-system" logger="UnhandledError"
2026-06-12T14:50:44.391281861Z I0612 14:50:44.391226       1 event.go:389] "Event occurred" object="pvc-099a9ede-8b32-4592-9944-fea6c49cf00e" fieldPath="" kind="PersistentVolume" apiVersion="v1" type="Warning" reason="VolumeFailedDelete" message="persistentvolume pvc-099a9ede-8b32-4592-9944-fea6c49cf00e is still attached to node hp-69-tink-system"
2026-06-12T14:50:45.392153699Z I0612 14:50:45.392028       1 controller.go:1317] volume pvc-099a9ede-8b32-4592-9944-fea6c49cf00e does not need any deletion secrets
2026-06-12T14:50:45.392186564Z E0612 14:50:45.392085       1 controller.go:1569] "Volume deletion failed" err="persistentvolume pvc-099a9ede-8b32-4592-9944-fea6c49cf00e is still attached to node hp-69-tink-system" PV="pvc-099a9ede-8b32-4592-9944-fea6c49cf00e"
2026-06-12T14:50:45.392335329Z I0612 14:50:45.392229       1 controller.go:1021] "Retrying syncing volume" key="pvc-099a9ede-8b32-4592-9944-fea6c49cf00e" failures=1
2026-06-12T14:50:45.392350607Z I0612 14:50:45.392251       1 event.go:389] "Event occurred" object="pvc-099a9ede-8b32-4592-9944-fea6c49cf00e" fieldPath="" kind="PersistentVolume" apiVersion="v1" type="Warning" reason="VolumeFailedDelete" message="persistentvolume pvc-099a9ede-8b32-4592-9944-fea6c49cf00e is still attached to node hp-69-tink-system"
2026-06-12T14:50:45.392358625Z E0612 14:50:45.392278       1 controller.go:1039] "Unhandled Error" err="error syncing volume \"pvc-099a9ede-8b32-4592-9944-fea6c49cf00e\": persistentvolume pvc-099a9ede-8b32-4592-9944-fea6c49cf00e is still attached to node hp-69-tink-system" logger="UnhandledError"
2026-06-12T14:50:47.393129234Z I0612 14:50:47.393014       1 controller.go:1317] volume pvc-099a9ede-8b32-4592-9944-fea6c49cf00e does not need any deletion secrets
2026-06-12T14:50:49.439430612Z I0612 14:50:49.439321       1 controller.go:1317] volume pvc-099a9ede-8b32-4592-9944-fea6c49cf00e does not need any deletion secrets
2026-06-12T14:50:49.443311405Z I0612 14:50:49.443172       1 controller.go:1580] "Failed to delete persistentvolume" PV="pvc-099a9ede-8b32-4592-9944-fea6c49cf00e" err="persistentvolumes \"pvc-099a9ede-8b32-4592-9944-fea6c49cf00e\" not found"
2026-06-12T14:50:49.443331234Z I0612 14:50:49.443201       1 controller.go:1021] "Retrying syncing volume" key="pvc-099a9ede-8b32-4592-9944-fea6c49cf00e" failures=0
2026-06-12T14:50:49.443336989Z E0612 14:50:49.443230       1 controller.go:1039] "Unhandled Error" err="error syncing volume \"pvc-099a9ede-8b32-4592-9944-fea6c49cf00e\": persistentvolumes \"pvc-099a9ede-8b32-4592-9944-fea6c49cf00e\" not found" logger="UnhandledError"
2026-06-12T14:50:59.656528821Z I0612 14:50:59.656431       1 controller.go:1317] volume pvc-a976d4da-2eaf-4b7e-b544-86c0de930667 does not need any deletion secrets
2026-06-12T14:50:59.656558406Z E0612 14:50:59.656470       1 controller.go:1569] "Volume deletion failed" err="persistentvolume pvc-a976d4da-2eaf-4b7e-b544-86c0de930667 is still attached to node hp-69-tink-system" PV="pvc-a976d4da-2eaf-4b7e-b544-86c0de930667"
2026-06-12T14:50:59.656605472Z I0612 14:50:59.656535       1 controller.go:1021] "Retrying syncing volume" key="pvc-a976d4da-2eaf-4b7e-b544-86c0de930667" failures=0
2026-06-12T14:50:59.656616963Z E0612 14:50:59.656567       1 controller.go:1039] "Unhandled Error" err="error syncing volume \"pvc-a976d4da-2eaf-4b7e-b544-86c0de930667\": persistentvolume pvc-a976d4da-2eaf-4b7e-b544-86c0de930667 is still attached to node hp-69-tink-system" logger="UnhandledError"
2026-06-12T14:50:59.656693993Z I0612 14:50:59.656617       1 event.go:389] "Event occurred" object="pvc-a976d4da-2eaf-4b7e-b544-86c0de930667" fieldPath="" kind="PersistentVolume" apiVersion="v1" type="Warning" reason="VolumeFailedDelete" message="persistentvolume pvc-a976d4da-2eaf-4b7e-b544-86c0de930667 is still attached to node hp-69-tink-system"
2026-06-12T14:51:00.657462927Z I0612 14:51:00.657275       1 controller.go:1317] volume pvc-a976d4da-2eaf-4b7e-b544-86c0de930667 does not need any deletion secrets
2026-06-12T14:51:00.657485742Z E0612 14:51:00.657339       1 controller.go:1569] "Volume deletion failed" err="persistentvolume pvc-a976d4da-2eaf-4b7e-b544-86c0de930667 is still attached to node hp-69-tink-system" PV="pvc-a976d4da-2eaf-4b7e-b544-86c0de930667"
2026-06-12T14:51:00.657489549Z I0612 14:51:00.657417       1 controller.go:1021] "Retrying syncing volume" key="pvc-a976d4da-2eaf-4b7e-b544-86c0de930667" failures=1
2026-06-12T14:51:00.657504748Z E0612 14:51:00.657449       1 controller.go:1039] "Unhandled Error" err="error syncing volume \"pvc-a976d4da-2eaf-4b7e-b544-86c0de930667\": persistentvolume pvc-a976d4da-2eaf-4b7e-b544-86c0de930667 is still attached to node hp-69-tink-system" logger="UnhandledError"
2026-06-12T14:51:00.657512461Z I0612 14:51:00.657475       1 event.go:389] "Event occurred" object="pvc-a976d4da-2eaf-4b7e-b544-86c0de930667" fieldPath="" kind="PersistentVolume" apiVersion="v1" type="Warning" reason="VolumeFailedDelete" message="persistentvolume pvc-a976d4da-2eaf-4b7e-b544-86c0de930667 is still attached to node hp-69-tink-system"
2026-06-12T14:51:02.657799537Z I0612 14:51:02.657653       1 controller.go:1317] volume pvc-a976d4da-2eaf-4b7e-b544-86c0de930667 does not need any deletion secrets
2026-06-12T14:51:02.657823685Z E0612 14:51:02.657701       1 controller.go:1569] "Volume deletion failed" err="persistentvolume pvc-a976d4da-2eaf-4b7e-b544-86c0de930667 is still attached to node hp-69-tink-system" PV="pvc-a976d4da-2eaf-4b7e-b544-86c0de930667"
2026-06-12T14:51:02.657834477Z I0612 14:51:02.657794       1 controller.go:1021] "Retrying syncing volume" key="pvc-a976d4da-2eaf-4b7e-b544-86c0de930667" failures=2
2026-06-12T14:51:02.657857717Z E0612 14:51:02.657827       1 controller.go:1039] "Unhandled Error" err="error syncing volume \"pvc-a976d4da-2eaf-4b7e-b544-86c0de930667\": persistentvolume pvc-a976d4da-2eaf-4b7e-b544-86c0de930667 is still attached to node hp-69-tink-system" logger="UnhandledError"
2026-06-12T14:51:02.657898875Z I0612 14:51:02.657860       1 event.go:389] "Event occurred" object="pvc-a976d4da-2eaf-4b7e-b544-86c0de930667" fieldPath="" kind="PersistentVolume" apiVersion="v1" type="Warning" reason="VolumeFailedDelete" message="persistentvolume pvc-a976d4da-2eaf-4b7e-b544-86c0de930667 is still attached to node hp-69-tink-system"
2026-06-12T14:51:06.658634585Z I0612 14:51:06.658490       1 controller.go:1317] volume pvc-a976d4da-2eaf-4b7e-b544-86c0de930667 does not need any deletion secrets
2026-06-12T14:51:06.658665367Z E0612 14:51:06.658548       1 controller.go:1569] "Volume deletion failed" err="persistentvolume pvc-a976d4da-2eaf-4b7e-b544-86c0de930667 is still attached to node hp-69-tink-system" PV="pvc-a976d4da-2eaf-4b7e-b544-86c0de930667"
2026-06-12T14:51:06.658678017Z I0612 14:51:06.658610       1 controller.go:1021] "Retrying syncing volume" key="pvc-a976d4da-2eaf-4b7e-b544-86c0de930667" failures=3
2026-06-12T14:51:06.658737520Z E0612 14:51:06.658657       1 controller.go:1039] "Unhandled Error" err="error syncing volume \"pvc-a976d4da-2eaf-4b7e-b544-86c0de930667\": persistentvolume pvc-a976d4da-2eaf-4b7e-b544-86c0de930667 is still attached to node hp-69-tink-system" logger="UnhandledError"
2026-06-12T14:51:06.658748987Z I0612 14:51:06.658693       1 event.go:389] "Event occurred" object="pvc-a976d4da-2eaf-4b7e-b544-86c0de930667" fieldPath="" kind="PersistentVolume" apiVersion="v1" type="Warning" reason="VolumeFailedDelete" message="persistentvolume pvc-a976d4da-2eaf-4b7e-b544-86c0de930667 is still attached to node hp-69-tink-system"
2026-06-12T14:51:14.659857957Z I0612 14:51:14.659708       1 controller.go:1317] volume pvc-a976d4da-2eaf-4b7e-b544-86c0de930667 does not need any deletion secrets
2026-06-12T14:51:15.073004159Z I0612 14:51:15.072134       1 event.go:389] "Event occurred" object="default/stopped-0628936362-14h49m13s790479-06-12-disk-0" fieldPath="" kind="PersistentVolumeClaim" apiVersion="v1" type="Normal" reason="Provisioning" message="External provisioner is provisioning volume for claim \"default/stopped-0628936362-14h49m13s790479-06-12-disk-0\""
2026-06-12T14:51:16.703610647Z I0612 14:51:16.703292       1 controller.go:1317] volume pvc-a976d4da-2eaf-4b7e-b544-86c0de930667 does not need any deletion secrets
2026-06-12T14:51:16.708134949Z I0612 14:51:16.708042       1 controller.go:1580] "Failed to delete persistentvolume" PV="pvc-a976d4da-2eaf-4b7e-b544-86c0de930667" err="persistentvolumes \"pvc-a976d4da-2eaf-4b7e-b544-86c0de930667\" not found"
2026-06-12T14:51:16.708153966Z I0612 14:51:16.708081       1 controller.go:1021] "Retrying syncing volume" key="pvc-a976d4da-2eaf-4b7e-b544-86c0de930667" failures=0
2026-06-12T14:51:16.708172004Z E0612 14:51:16.708115       1 controller.go:1039] "Unhandled Error" err="error syncing volume \"pvc-a976d4da-2eaf-4b7e-b544-86c0de930667\": persistentvolumes \"pvc-a976d4da-2eaf-4b7e-b544-86c0de930667\" not found" logger="UnhandledError"
2026-06-12T14:51:17.098830462Z I0612 14:51:17.098742       1 controller.go:959] successfully created PV pvc-8d935ce4-968e-4aba-bf31-d3582962cd00 for PVC stopped-0628936362-14h49m13s790479-06-12-disk-0 and csi volume name pvc-8d935ce4-968e-4aba-bf31-d3582962cd00
2026-06-12T14:51:17.113150140Z I0612 14:51:17.112993       1 event.go:389] "Event occurred" object="default/stopped-0628936362-14h49m13s790479-06-12-disk-0" fieldPath="" kind="PersistentVolumeClaim" apiVersion="v1" type="Normal" reason="ProvisioningSucceeded" message="Successfully provisioned volume pvc-8d935ce4-968e-4aba-bf31-d3582962cd00"
2026-06-12T14:51:17.113175373Z I0612 14:51:17.113027       1 event.go:389] "Event occurred" object="default/stopped-0628936362-14h49m13s790479-06-12-disk-0" fieldPath="" kind="PersistentVolumeClaim" apiVersion="v1" type="Normal" reason="Provisioning" message="External provisioner is provisioning volume for claim \"default/stopped-0628936362-14h49m13s790479-06-12-disk-0\""
2026-06-12T14:51:17.117798498Z I0612 14:51:17.117710       1 controller.go:959] successfully created PV pvc-8d935ce4-968e-4aba-bf31-d3582962cd00 for PVC stopped-0628936362-14h49m13s790479-06-12-disk-0 and csi volume name pvc-8d935ce4-968e-4aba-bf31-d3582962cd00
2026-06-12T14:51:17.130317393Z I0612 14:51:17.130197       1 event.go:389] "Event occurred" object="default/stopped-0628936362-14h49m13s790479-06-12-disk-0" fieldPath="" kind="PersistentVolumeClaim" apiVersion="v1" type="Normal" reason="ProvisioningSucceeded" message="Successfully provisioned volume pvc-8d935ce4-968e-4aba-bf31-d3582962cd00"
2026-06-12T14:57:44.378516912Z I0612 14:57:44.378348       1 event.go:389] "Event occurred" object="default/tmpl-stopped-0628936362-14h49m13s790479-06-12-disk-0" fieldPath="" kind="PersistentVolumeClaim" apiVersion="v1" type="Normal" reason="Provisioning" message="External provisioner is provisioning volume for claim \"default/tmpl-stopped-0628936362-14h49m13s790479-06-12-disk-0\""
2026-06-12T14:57:46.505308369Z I0612 14:57:46.505228       1 controller.go:959] successfully created PV pvc-77da81c0-aff4-4e7f-b8a3-f48b39767676 for PVC tmpl-stopped-0628936362-14h49m13s790479-06-12-disk-0 and csi volume name pvc-77da81c0-aff4-4e7f-b8a3-f48b39767676
2026-06-12T14:57:46.515190605Z I0612 14:57:46.515102       1 event.go:389] "Event occurred" object="default/tmpl-stopped-0628936362-14h49m13s790479-06-12-disk-0" fieldPath="" kind="PersistentVolumeClaim" apiVersion="v1" type="Normal" reason="ProvisioningSucceeded" message="Successfully provisioned volume pvc-77da81c0-aff4-4e7f-b8a3-f48b39767676"
2026-06-12T15:00:22.066928748Z I0612 15:00:22.066832       1 controller.go:1317] volume pvc-8d935ce4-968e-4aba-bf31-d3582962cd00 does not need any deletion secrets
2026-06-12T15:00:22.066956117Z E0612 15:00:22.066879       1 controller.go:1569] "Volume deletion failed" err="persistentvolume pvc-8d935ce4-968e-4aba-bf31-d3582962cd00 is still attached to node hp-69-tink-system" PV="pvc-8d935ce4-968e-4aba-bf31-d3582962cd00"
2026-06-12T15:00:22.066998570Z I0612 15:00:22.066950       1 controller.go:1021] "Retrying syncing volume" key="pvc-8d935ce4-968e-4aba-bf31-d3582962cd00" failures=0
2026-06-12T15:00:22.067019866Z E0612 15:00:22.066984       1 controller.go:1039] "Unhandled Error" err="error syncing volume \"pvc-8d935ce4-968e-4aba-bf31-d3582962cd00\": persistentvolume pvc-8d935ce4-968e-4aba-bf31-d3582962cd00 is still attached to node hp-69-tink-system" logger="UnhandledError"
2026-06-12T15:00:22.067093257Z I0612 15:00:22.067044       1 event.go:389] "Event occurred" object="pvc-8d935ce4-968e-4aba-bf31-d3582962cd00" fieldPath="" kind="PersistentVolume" apiVersion="v1" type="Warning" reason="VolumeFailedDelete" message="persistentvolume pvc-8d935ce4-968e-4aba-bf31-d3582962cd00 is still attached to node hp-69-tink-system"
2026-06-12T15:00:23.067764448Z I0612 15:00:23.067585       1 controller.go:1317] volume pvc-8d935ce4-968e-4aba-bf31-d3582962cd00 does not need any deletion secrets
2026-06-12T15:00:23.067782816Z E0612 15:00:23.067674       1 controller.go:1569] "Volume deletion failed" err="persistentvolume pvc-8d935ce4-968e-4aba-bf31-d3582962cd00 is still attached to node hp-69-tink-system" PV="pvc-8d935ce4-968e-4aba-bf31-d3582962cd00"
2026-06-12T15:00:23.067793948Z I0612 15:00:23.067743       1 controller.go:1021] "Retrying syncing volume" key="pvc-8d935ce4-968e-4aba-bf31-d3582962cd00" failures=1
2026-06-12T15:00:23.067818338Z E0612 15:00:23.067774       1 controller.go:1039] "Unhandled Error" err="error syncing volume \"pvc-8d935ce4-968e-4aba-bf31-d3582962cd00\": persistentvolume pvc-8d935ce4-968e-4aba-bf31-d3582962cd00 is still attached to node hp-69-tink-system" logger="UnhandledError"
2026-06-12T15:00:23.067858658Z I0612 15:00:23.067814       1 event.go:389] "Event occurred" object="pvc-8d935ce4-968e-4aba-bf31-d3582962cd00" fieldPath="" kind="PersistentVolume" apiVersion="v1" type="Warning" reason="VolumeFailedDelete" message="persistentvolume pvc-8d935ce4-968e-4aba-bf31-d3582962cd00 is still attached to node hp-69-tink-system"
2026-06-12T15:00:25.069055075Z I0612 15:00:25.068901       1 controller.go:1317] volume pvc-8d935ce4-968e-4aba-bf31-d3582962cd00 does not need any deletion secrets
2026-06-12T15:00:25.069079168Z E0612 15:00:25.068955       1 controller.go:1569] "Volume deletion failed" err="persistentvolume pvc-8d935ce4-968e-4aba-bf31-d3582962cd00 is still attached to node hp-69-tink-system" PV="pvc-8d935ce4-968e-4aba-bf31-d3582962cd00"
2026-06-12T15:00:25.069083864Z I0612 15:00:25.069001       1 controller.go:1021] "Retrying syncing volume" key="pvc-8d935ce4-968e-4aba-bf31-d3582962cd00" failures=2
2026-06-12T15:00:25.069096245Z E0612 15:00:25.069031       1 controller.go:1039] "Unhandled Error" err="error syncing volume \"pvc-8d935ce4-968e-4aba-bf31-d3582962cd00\": persistentvolume pvc-8d935ce4-968e-4aba-bf31-d3582962cd00 is still attached to node hp-69-tink-system" logger="UnhandledError"
2026-06-12T15:00:25.069114455Z I0612 15:00:25.069059       1 event.go:389] "Event occurred" object="pvc-8d935ce4-968e-4aba-bf31-d3582962cd00" fieldPath="" kind="PersistentVolume" apiVersion="v1" type="Warning" reason="VolumeFailedDelete" message="persistentvolume pvc-8d935ce4-968e-4aba-bf31-d3582962cd00 is still attached to node hp-69-tink-system"
2026-06-12T15:00:29.069694453Z I0612 15:00:29.069510       1 controller.go:1317] volume pvc-8d935ce4-968e-4aba-bf31-d3582962cd00 does not need any deletion secrets
2026-06-12T15:00:29.069724221Z E0612 15:00:29.069572       1 controller.go:1569] "Volume deletion failed" err="persistentvolume pvc-8d935ce4-968e-4aba-bf31-d3582962cd00 is still attached to node hp-69-tink-system" PV="pvc-8d935ce4-968e-4aba-bf31-d3582962cd00"
2026-06-12T15:00:29.069740649Z I0612 15:00:29.069667       1 controller.go:1021] "Retrying syncing volume" key="pvc-8d935ce4-968e-4aba-bf31-d3582962cd00" failures=3
2026-06-12T15:00:29.069750981Z E0612 15:00:29.069710       1 controller.go:1039] "Unhandled Error" err="error syncing volume \"pvc-8d935ce4-968e-4aba-bf31-d3582962cd00\": persistentvolume pvc-8d935ce4-968e-4aba-bf31-d3582962cd00 is still attached to node hp-69-tink-system" logger="UnhandledError"
2026-06-12T15:00:29.069848560Z I0612 15:00:29.069793       1 event.go:389] "Event occurred" object="pvc-8d935ce4-968e-4aba-bf31-d3582962cd00" fieldPath="" kind="PersistentVolume" apiVersion="v1" type="Warning" reason="VolumeFailedDelete" message="persistentvolume pvc-8d935ce4-968e-4aba-bf31-d3582962cd00 is still attached to node hp-69-tink-system"
2026-06-12T15:00:37.070210508Z I0612 15:00:37.070001       1 controller.go:1317] volume pvc-8d935ce4-968e-4aba-bf31-d3582962cd00 does not need any deletion secrets
2026-06-12T15:00:39.109260196Z I0612 15:00:39.109153       1 controller.go:1317] volume pvc-8d935ce4-968e-4aba-bf31-d3582962cd00 does not need any deletion secrets
2026-06-12T15:00:39.111966665Z I0612 15:00:39.111853       1 controller.go:1580] "Failed to delete persistentvolume" PV="pvc-8d935ce4-968e-4aba-bf31-d3582962cd00" err="persistentvolumes \"pvc-8d935ce4-968e-4aba-bf31-d3582962cd00\" not found"
2026-06-12T15:00:39.111985024Z I0612 15:00:39.111883       1 controller.go:1021] "Retrying syncing volume" key="pvc-8d935ce4-968e-4aba-bf31-d3582962cd00" failures=0
2026-06-12T15:00:39.111990221Z E0612 15:00:39.111912       1 controller.go:1039] "Unhandled Error" err="error syncing volume \"pvc-8d935ce4-968e-4aba-bf31-d3582962cd00\": persistentvolumes \"pvc-8d935ce4-968e-4aba-bf31-d3582962cd00\" not found" logger="UnhandledError"
2026-06-12T15:00:44.378444825Z I0612 15:00:44.378289       1 event.go:389] "Event occurred" object="default/0654961709-14h58m36s577421-06-12-disk-0" fieldPath="" kind="PersistentVolumeClaim" apiVersion="v1" type="Normal" reason="Provisioning" message="External provisioner is provisioning volume for claim \"default/0654961709-14h58m36s577421-06-12-disk-0\""
2026-06-12T15:00:46.403485256Z I0612 15:00:46.403409       1 controller.go:959] successfully created PV pvc-b223cc84-cd08-44c5-a421-f6f67df4ea31 for PVC 0654961709-14h58m36s577421-06-12-disk-0 and csi volume name pvc-b223cc84-cd08-44c5-a421-f6f67df4ea31
2026-06-12T15:00:46.421436095Z I0612 15:00:46.421355       1 event.go:389] "Event occurred" object="default/0654961709-14h58m36s577421-06-12-disk-0" fieldPath="" kind="PersistentVolumeClaim" apiVersion="v1" type="Normal" reason="ProvisioningSucceeded" message="Successfully provisioned volume pvc-b223cc84-cd08-44c5-a421-f6f67df4ea31"
2026-06-12T15:06:48.927721188Z I0612 15:06:48.927637       1 event.go:389] "Event occurred" object="default/vm2-14h58m36s577421-06-12-disk-0" fieldPath="" kind="PersistentVolumeClaim" apiVersion="v1" type="Normal" reason="Provisioning" message="External provisioner is provisioning volume for claim \"default/vm2-14h58m36s577421-06-12-disk-0\""
2026-06-12T15:06:51.069310390Z I0612 15:06:51.069226       1 controller.go:959] successfully created PV pvc-827c59bd-af62-45d7-8202-d74f1616a9d7 for PVC vm2-14h58m36s577421-06-12-disk-0 and csi volume name pvc-827c59bd-af62-45d7-8202-d74f1616a9d7
2026-06-12T15:06:51.080910086Z I0612 15:06:51.080825       1 event.go:389] "Event occurred" object="default/vm2-14h58m36s577421-06-12-disk-0" fieldPath="" kind="PersistentVolumeClaim" apiVersion="v1" type="Normal" reason="ProvisioningSucceeded" message="Successfully provisioned volume pvc-827c59bd-af62-45d7-8202-d74f1616a9d7"
2026-06-12T15:06:59.401252315Z I0612 15:06:59.401103       1 event.go:389] "Event occurred" object="default/vm1-14h58m36s577421-06-12-disk-0" fieldPath="" kind="PersistentVolumeClaim" apiVersion="v1" type="Normal" reason="Provisioning" message="External provisioner is provisioning volume for claim \"default/vm1-14h58m36s577421-06-12-disk-0\""
2026-06-12T15:07:01.529667801Z I0612 15:07:01.529534       1 controller.go:959] successfully created PV pvc-153e1038-ce57-4cac-b799-b486834b8bda for PVC vm1-14h58m36s577421-06-12-disk-0 and csi volume name pvc-153e1038-ce57-4cac-b799-b486834b8bda
2026-06-12T15:07:01.535336719Z I0612 15:07:01.535243       1 event.go:389] "Event occurred" object="default/vm1-14h58m36s577421-06-12-disk-0" fieldPath="" kind="PersistentVolumeClaim" apiVersion="v1" type="Normal" reason="ProvisioningSucceeded" message="Successfully provisioned volume pvc-153e1038-ce57-4cac-b799-b486834b8bda"
2026-06-12T15:08:44.421807610Z I0612 15:08:44.421697       1 controller.go:1317] volume pvc-153e1038-ce57-4cac-b799-b486834b8bda does not need any deletion secrets
2026-06-12T15:08:44.421837290Z E0612 15:08:44.421750       1 controller.go:1569] "Volume deletion failed" err="persistentvolume pvc-153e1038-ce57-4cac-b799-b486834b8bda is still attached to node hp-69-tink-system" PV="pvc-153e1038-ce57-4cac-b799-b486834b8bda"
2026-06-12T15:08:44.421851300Z I0612 15:08:44.421813       1 controller.go:1021] "Retrying syncing volume" key="pvc-153e1038-ce57-4cac-b799-b486834b8bda" failures=0
2026-06-12T15:08:44.421874548Z E0612 15:08:44.421847       1 controller.go:1039] "Unhandled Error" err="error syncing volume \"pvc-153e1038-ce57-4cac-b799-b486834b8bda\": persistentvolume pvc-153e1038-ce57-4cac-b799-b486834b8bda is still attached to node hp-69-tink-system" logger="UnhandledError"
2026-06-12T15:08:44.422024164Z I0612 15:08:44.421954       1 event.go:389] "Event occurred" object="pvc-153e1038-ce57-4cac-b799-b486834b8bda" fieldPath="" kind="PersistentVolume" apiVersion="v1" type="Warning" reason="VolumeFailedDelete" message="persistentvolume pvc-153e1038-ce57-4cac-b799-b486834b8bda is still attached to node hp-69-tink-system"
2026-06-12T15:08:45.422437404Z I0612 15:08:45.422282       1 controller.go:1317] volume pvc-153e1038-ce57-4cac-b799-b486834b8bda does not need any deletion secrets
2026-06-12T15:08:45.422466902Z E0612 15:08:45.422330       1 controller.go:1569] "Volume deletion failed" err="persistentvolume pvc-153e1038-ce57-4cac-b799-b486834b8bda is still attached to node hp-69-tink-system" PV="pvc-153e1038-ce57-4cac-b799-b486834b8bda"
2026-06-12T15:08:45.422471690Z I0612 15:08:45.422373       1 controller.go:1021] "Retrying syncing volume" key="pvc-153e1038-ce57-4cac-b799-b486834b8bda" failures=1
2026-06-12T15:08:45.422495858Z E0612 15:08:45.422399       1 controller.go:1039] "Unhandled Error" err="error syncing volume \"pvc-153e1038-ce57-4cac-b799-b486834b8bda\": persistentvolume pvc-153e1038-ce57-4cac-b799-b486834b8bda is still attached to node hp-69-tink-system" logger="UnhandledError"
2026-06-12T15:08:45.422517356Z I0612 15:08:45.422456       1 event.go:389] "Event occurred" object="pvc-153e1038-ce57-4cac-b799-b486834b8bda" fieldPath="" kind="PersistentVolume" apiVersion="v1" type="Warning" reason="VolumeFailedDelete" message="persistentvolume pvc-153e1038-ce57-4cac-b799-b486834b8bda is still attached to node hp-69-tink-system"
2026-06-12T15:08:47.423452853Z I0612 15:08:47.423314       1 controller.go:1317] volume pvc-153e1038-ce57-4cac-b799-b486834b8bda does not need any deletion secrets
2026-06-12T15:08:47.423491015Z E0612 15:08:47.423360       1 controller.go:1569] "Volume deletion failed" err="persistentvolume pvc-153e1038-ce57-4cac-b799-b486834b8bda is still attached to node hp-69-tink-system" PV="pvc-153e1038-ce57-4cac-b799-b486834b8bda"
2026-06-12T15:08:47.423507497Z I0612 15:08:47.423428       1 controller.go:1021] "Retrying syncing volume" key="pvc-153e1038-ce57-4cac-b799-b486834b8bda" failures=2
2026-06-12T15:08:47.423518985Z E0612 15:08:47.423458       1 controller.go:1039] "Unhandled Error" err="error syncing volume \"pvc-153e1038-ce57-4cac-b799-b486834b8bda\": persistentvolume pvc-153e1038-ce57-4cac-b799-b486834b8bda is still attached to node hp-69-tink-system" logger="UnhandledError"
2026-06-12T15:08:47.423566434Z I0612 15:08:47.423516       1 event.go:389] "Event occurred" object="pvc-153e1038-ce57-4cac-b799-b486834b8bda" fieldPath="" kind="PersistentVolume" apiVersion="v1" type="Warning" reason="VolumeFailedDelete" message="persistentvolume pvc-153e1038-ce57-4cac-b799-b486834b8bda is still attached to node hp-69-tink-system"
2026-06-12T15:08:51.423838675Z I0612 15:08:51.423684       1 controller.go:1317] volume pvc-153e1038-ce57-4cac-b799-b486834b8bda does not need any deletion secrets
2026-06-12T15:09:06.604530837Z I0612 15:09:06.604402       1 controller.go:1317] volume pvc-827c59bd-af62-45d7-8202-d74f1616a9d7 does not need any deletion secrets
2026-06-12T15:09:06.604569165Z E0612 15:09:06.604452       1 controller.go:1569] "Volume deletion failed" err="persistentvolume pvc-827c59bd-af62-45d7-8202-d74f1616a9d7 is still attached to node hp-69-tink-system" PV="pvc-827c59bd-af62-45d7-8202-d74f1616a9d7"
2026-06-12T15:09:06.604596243Z I0612 15:09:06.604508       1 controller.go:1021] "Retrying syncing volume" key="pvc-827c59bd-af62-45d7-8202-d74f1616a9d7" failures=0
2026-06-12T15:09:06.604628657Z E0612 15:09:06.604537       1 controller.go:1039] "Unhandled Error" err="error syncing volume \"pvc-827c59bd-af62-45d7-8202-d74f1616a9d7\": persistentvolume pvc-827c59bd-af62-45d7-8202-d74f1616a9d7 is still attached to node hp-69-tink-system" logger="UnhandledError"
2026-06-12T15:09:06.604670145Z I0612 15:09:06.604562       1 event.go:389] "Event occurred" object="pvc-827c59bd-af62-45d7-8202-d74f1616a9d7" fieldPath="" kind="PersistentVolume" apiVersion="v1" type="Warning" reason="VolumeFailedDelete" message="persistentvolume pvc-827c59bd-af62-45d7-8202-d74f1616a9d7 is still attached to node hp-69-tink-system"
2026-06-12T15:09:07.605846188Z I0612 15:09:07.605717       1 controller.go:1317] volume pvc-827c59bd-af62-45d7-8202-d74f1616a9d7 does not need any deletion secrets
2026-06-12T15:09:07.605882242Z E0612 15:09:07.605778       1 controller.go:1569] "Volume deletion failed" err="persistentvolume pvc-827c59bd-af62-45d7-8202-d74f1616a9d7 is still attached to node hp-69-tink-system" PV="pvc-827c59bd-af62-45d7-8202-d74f1616a9d7"
2026-06-12T15:09:07.605946567Z I0612 15:09:07.605887       1 controller.go:1021] "Retrying syncing volume" key="pvc-827c59bd-af62-45d7-8202-d74f1616a9d7" failures=1
2026-06-12T15:09:07.605960563Z E0612 15:09:07.605922       1 controller.go:1039] "Unhandled Error" err="error syncing volume \"pvc-827c59bd-af62-45d7-8202-d74f1616a9d7\": persistentvolume pvc-827c59bd-af62-45d7-8202-d74f1616a9d7 is still attached to node hp-69-tink-system" logger="UnhandledError"
2026-06-12T15:09:07.606114648Z I0612 15:09:07.605979       1 event.go:389] "Event occurred" object="pvc-827c59bd-af62-45d7-8202-d74f1616a9d7" fieldPath="" kind="PersistentVolume" apiVersion="v1" type="Warning" reason="VolumeFailedDelete" message="persistentvolume pvc-827c59bd-af62-45d7-8202-d74f1616a9d7 is still attached to node hp-69-tink-system"
2026-06-12T15:09:09.607275457Z I0612 15:09:09.607093       1 controller.go:1317] volume pvc-827c59bd-af62-45d7-8202-d74f1616a9d7 does not need any deletion secrets
2026-06-12T15:09:09.607316713Z E0612 15:09:09.607159       1 controller.go:1569] "Volume deletion failed" err="persistentvolume pvc-827c59bd-af62-45d7-8202-d74f1616a9d7 is still attached to node hp-69-tink-system" PV="pvc-827c59bd-af62-45d7-8202-d74f1616a9d7"
2026-06-12T15:09:09.607331880Z I0612 15:09:09.607233       1 controller.go:1021] "Retrying syncing volume" key="pvc-827c59bd-af62-45d7-8202-d74f1616a9d7" failures=2
2026-06-12T15:09:09.607335953Z E0612 15:09:09.607268       1 controller.go:1039] "Unhandled Error" err="error syncing volume \"pvc-827c59bd-af62-45d7-8202-d74f1616a9d7\": persistentvolume pvc-827c59bd-af62-45d7-8202-d74f1616a9d7 is still attached to node hp-69-tink-system" logger="UnhandledError"
2026-06-12T15:09:09.607476340Z I0612 15:09:09.607354       1 event.go:389] "Event occurred" object="pvc-827c59bd-af62-45d7-8202-d74f1616a9d7" fieldPath="" kind="PersistentVolume" apiVersion="v1" type="Warning" reason="VolumeFailedDelete" message="persistentvolume pvc-827c59bd-af62-45d7-8202-d74f1616a9d7 is still attached to node hp-69-tink-system"
2026-06-12T15:09:13.607897861Z I0612 15:09:13.607773       1 controller.go:1317] volume pvc-827c59bd-af62-45d7-8202-d74f1616a9d7 does not need any deletion secrets
2026-06-12T15:09:15.641138271Z I0612 15:09:15.640972       1 controller.go:1317] volume pvc-827c59bd-af62-45d7-8202-d74f1616a9d7 does not need any deletion secrets
2026-06-12T15:09:15.644708413Z I0612 15:09:15.644589       1 controller.go:1580] "Failed to delete persistentvolume" PV="pvc-827c59bd-af62-45d7-8202-d74f1616a9d7" err="persistentvolumes \"pvc-827c59bd-af62-45d7-8202-d74f1616a9d7\" not found"
2026-06-12T15:09:15.644725982Z I0612 15:09:15.644617       1 controller.go:1021] "Retrying syncing volume" key="pvc-827c59bd-af62-45d7-8202-d74f1616a9d7" failures=0
2026-06-12T15:09:15.644733205Z E0612 15:09:15.644672       1 controller.go:1039] "Unhandled Error" err="error syncing volume \"pvc-827c59bd-af62-45d7-8202-d74f1616a9d7\": persistentvolumes \"pvc-827c59bd-af62-45d7-8202-d74f1616a9d7\" not found" logger="UnhandledError"
2026-06-12T15:09:23.907300960Z I0612 15:09:23.906568       1 controller.go:1317] volume pvc-b223cc84-cd08-44c5-a421-f6f67df4ea31 does not need any deletion secrets
2026-06-12T15:09:23.907327232Z E0612 15:09:23.906612       1 controller.go:1569] "Volume deletion failed" err="persistentvolume pvc-b223cc84-cd08-44c5-a421-f6f67df4ea31 is still attached to node hp-69-tink-system" PV="pvc-b223cc84-cd08-44c5-a421-f6f67df4ea31"
2026-06-12T15:09:23.907347367Z I0612 15:09:23.906662       1 controller.go:1021] "Retrying syncing volume" key="pvc-b223cc84-cd08-44c5-a421-f6f67df4ea31" failures=0
2026-06-12T15:09:23.907367857Z E0612 15:09:23.906693       1 controller.go:1039] "Unhandled Error" err="error syncing volume \"pvc-b223cc84-cd08-44c5-a421-f6f67df4ea31\": persistentvolume pvc-b223cc84-cd08-44c5-a421-f6f67df4ea31 is still attached to node hp-69-tink-system" logger="UnhandledError"
2026-06-12T15:09:23.907373791Z I0612 15:09:23.906754       1 event.go:389] "Event occurred" object="pvc-b223cc84-cd08-44c5-a421-f6f67df4ea31" fieldPath="" kind="PersistentVolume" apiVersion="v1" type="Warning" reason="VolumeFailedDelete" message="persistentvolume pvc-b223cc84-cd08-44c5-a421-f6f67df4ea31 is still attached to node hp-69-tink-system"
2026-06-12T15:09:24.908019358Z I0612 15:09:24.907833       1 controller.go:1317] volume pvc-b223cc84-cd08-44c5-a421-f6f67df4ea31 does not need any deletion secrets
2026-06-12T15:09:24.908058044Z E0612 15:09:24.907886       1 controller.go:1569] "Volume deletion failed" err="persistentvolume pvc-b223cc84-cd08-44c5-a421-f6f67df4ea31 is still attached to node hp-69-tink-system" PV="pvc-b223cc84-cd08-44c5-a421-f6f67df4ea31"
2026-06-12T15:09:24.908063170Z I0612 15:09:24.907954       1 controller.go:1021] "Retrying syncing volume" key="pvc-b223cc84-cd08-44c5-a421-f6f67df4ea31" failures=1
2026-06-12T15:09:24.908114062Z E0612 15:09:24.907983       1 controller.go:1039] "Unhandled Error" err="error syncing volume \"pvc-b223cc84-cd08-44c5-a421-f6f67df4ea31\": persistentvolume pvc-b223cc84-cd08-44c5-a421-f6f67df4ea31 is still attached to node hp-69-tink-system" logger="UnhandledError"
2026-06-12T15:09:24.908125535Z I0612 15:09:24.908041       1 event.go:389] "Event occurred" object="pvc-b223cc84-cd08-44c5-a421-f6f67df4ea31" fieldPath="" kind="PersistentVolume" apiVersion="v1" type="Warning" reason="VolumeFailedDelete" message="persistentvolume pvc-b223cc84-cd08-44c5-a421-f6f67df4ea31 is still attached to node hp-69-tink-system"
2026-06-12T15:09:26.909008203Z I0612 15:09:26.908888       1 controller.go:1317] volume pvc-b223cc84-cd08-44c5-a421-f6f67df4ea31 does not need any deletion secrets
2026-06-12T15:09:26.909027514Z E0612 15:09:26.908963       1 controller.go:1569] "Volume deletion failed" err="persistentvolume pvc-b223cc84-cd08-44c5-a421-f6f67df4ea31 is still attached to node hp-69-tink-system" PV="pvc-b223cc84-cd08-44c5-a421-f6f67df4ea31"
2026-06-12T15:09:26.909049307Z I0612 15:09:26.909009       1 controller.go:1021] "Retrying syncing volume" key="pvc-b223cc84-cd08-44c5-a421-f6f67df4ea31" failures=2
2026-06-12T15:09:26.909068506Z E0612 15:09:26.909038       1 controller.go:1039] "Unhandled Error" err="error syncing volume \"pvc-b223cc84-cd08-44c5-a421-f6f67df4ea31\": persistentvolume pvc-b223cc84-cd08-44c5-a421-f6f67df4ea31 is still attached to node hp-69-tink-system" logger="UnhandledError"
2026-06-12T15:09:26.909165610Z I0612 15:09:26.909093       1 event.go:389] "Event occurred" object="pvc-b223cc84-cd08-44c5-a421-f6f67df4ea31" fieldPath="" kind="PersistentVolume" apiVersion="v1" type="Warning" reason="VolumeFailedDelete" message="persistentvolume pvc-b223cc84-cd08-44c5-a421-f6f67df4ea31 is still attached to node hp-69-tink-system"
2026-06-12T15:09:30.910052574Z I0612 15:09:30.909879       1 controller.go:1317] volume pvc-b223cc84-cd08-44c5-a421-f6f67df4ea31 does not need any deletion secrets
2026-06-12T15:09:32.956636755Z I0612 15:09:32.956510       1 controller.go:1317] volume pvc-b223cc84-cd08-44c5-a421-f6f67df4ea31 does not need any deletion secrets
2026-06-12T15:09:32.962356165Z I0612 15:09:32.962271       1 controller.go:1580] "Failed to delete persistentvolume" PV="pvc-b223cc84-cd08-44c5-a421-f6f67df4ea31" err="persistentvolumes \"pvc-b223cc84-cd08-44c5-a421-f6f67df4ea31\" not found"
2026-06-12T15:09:32.962374491Z I0612 15:09:32.962306       1 controller.go:1021] "Retrying syncing volume" key="pvc-b223cc84-cd08-44c5-a421-f6f67df4ea31" failures=0
2026-06-12T15:09:32.962391179Z E0612 15:09:32.962339       1 controller.go:1039] "Unhandled Error" err="error syncing volume \"pvc-b223cc84-cd08-44c5-a421-f6f67df4ea31\": persistentvolumes \"pvc-b223cc84-cd08-44c5-a421-f6f67df4ea31\" not found" logger="UnhandledError"
2026-06-12T15:10:02.213729461Z I0612 15:10:02.213625       1 event.go:389] "Event occurred" object="default/15h08m00s971364-06-12-mgmt-opensuse" fieldPath="" kind="PersistentVolumeClaim" apiVersion="v1" type="Normal" reason="Provisioning" message="External provisioner is provisioning volume for claim \"default/15h08m00s971364-06-12-mgmt-opensuse\""
2026-06-12T15:10:04.338887126Z I0612 15:10:04.338706       1 controller.go:959] successfully created PV pvc-0ebca804-b487-4cad-a241-1a1b6bc17980 for PVC 15h08m00s971364-06-12-mgmt-opensuse and csi volume name pvc-0ebca804-b487-4cad-a241-1a1b6bc17980
2026-06-12T15:10:04.357241720Z I0612 15:10:04.357107       1 event.go:389] "Event occurred" object="default/15h08m00s971364-06-12-mgmt-opensuse" fieldPath="" kind="PersistentVolumeClaim" apiVersion="v1" type="Normal" reason="ProvisioningSucceeded" message="Successfully provisioned volume pvc-0ebca804-b487-4cad-a241-1a1b6bc17980"
2026-06-12T15:11:44.407204729Z I0612 15:11:44.407052       1 event.go:389] "Event occurred" object="default/15h08m00s971364-06-12-vlan-opensuse" fieldPath="" kind="PersistentVolumeClaim" apiVersion="v1" type="Normal" reason="Provisioning" message="External provisioner is provisioning volume for claim \"default/15h08m00s971364-06-12-vlan-opensuse\""
2026-06-12T15:11:46.533777330Z I0612 15:11:46.533686       1 controller.go:959] successfully created PV pvc-dff0f37e-6642-4b45-a974-ef2a1b9ab493 for PVC 15h08m00s971364-06-12-vlan-opensuse and csi volume name pvc-dff0f37e-6642-4b45-a974-ef2a1b9ab493
2026-06-12T15:11:46.552365666Z I0612 15:11:46.552221       1 event.go:389] "Event occurred" object="default/15h08m00s971364-06-12-vlan-opensuse" fieldPath="" kind="PersistentVolumeClaim" apiVersion="v1" type="Normal" reason="ProvisioningSucceeded" message="Successfully provisioned volume pvc-dff0f37e-6642-4b45-a974-ef2a1b9ab493"
2026-06-12T15:14:13.564431538Z I0612 15:14:13.564330       1 event.go:389] "Event occurred" object="default/15h08m00s971364-06-12-reboot-vlan-opensuse" fieldPath="" kind="PersistentVolumeClaim" apiVersion="v1" type="Normal" reason="Provisioning" message="External provisioner is provisioning volume for claim \"default/15h08m00s971364-06-12-reboot-vlan-opensuse\""
2026-06-12T15:14:13.631941913Z I0612 15:14:13.631684       1 controller.go:1317] volume pvc-dff0f37e-6642-4b45-a974-ef2a1b9ab493 does not need any deletion secrets
2026-06-12T15:14:13.631965974Z E0612 15:14:13.631733       1 controller.go:1569] "Volume deletion failed" err="persistentvolume pvc-dff0f37e-6642-4b45-a974-ef2a1b9ab493 is still attached to node hp-69-tink-system" PV="pvc-dff0f37e-6642-4b45-a974-ef2a1b9ab493"
2026-06-12T15:14:13.631971483Z I0612 15:14:13.631783       1 controller.go:1021] "Retrying syncing volume" key="pvc-dff0f37e-6642-4b45-a974-ef2a1b9ab493" failures=0
2026-06-12T15:14:13.631976132Z E0612 15:14:13.631814       1 controller.go:1039] "Unhandled Error" err="error syncing volume \"pvc-dff0f37e-6642-4b45-a974-ef2a1b9ab493\": persistentvolume pvc-dff0f37e-6642-4b45-a974-ef2a1b9ab493 is still attached to node hp-69-tink-system" logger="UnhandledError"
2026-06-12T15:14:13.631999119Z I0612 15:14:13.631881       1 event.go:389] "Event occurred" object="pvc-dff0f37e-6642-4b45-a974-ef2a1b9ab493" fieldPath="" kind="PersistentVolume" apiVersion="v1" type="Warning" reason="VolumeFailedDelete" message="persistentvolume pvc-dff0f37e-6642-4b45-a974-ef2a1b9ab493 is still attached to node hp-69-tink-system"
2026-06-12T15:14:14.632411945Z I0612 15:14:14.632302       1 controller.go:1317] volume pvc-dff0f37e-6642-4b45-a974-ef2a1b9ab493 does not need any deletion secrets
2026-06-12T15:14:14.632440369Z E0612 15:14:14.632354       1 controller.go:1569] "Volume deletion failed" err="persistentvolume pvc-dff0f37e-6642-4b45-a974-ef2a1b9ab493 is still attached to node hp-69-tink-system" PV="pvc-dff0f37e-6642-4b45-a974-ef2a1b9ab493"
2026-06-12T15:14:14.632470932Z I0612 15:14:14.632420       1 controller.go:1021] "Retrying syncing volume" key="pvc-dff0f37e-6642-4b45-a974-ef2a1b9ab493" failures=1
2026-06-12T15:14:14.632495672Z E0612 15:14:14.632453       1 controller.go:1039] "Unhandled Error" err="error syncing volume \"pvc-dff0f37e-6642-4b45-a974-ef2a1b9ab493\": persistentvolume pvc-dff0f37e-6642-4b45-a974-ef2a1b9ab493 is still attached to node hp-69-tink-system" logger="UnhandledError"
2026-06-12T15:14:14.632565051Z I0612 15:14:14.632503       1 event.go:389] "Event occurred" object="pvc-dff0f37e-6642-4b45-a974-ef2a1b9ab493" fieldPath="" kind="PersistentVolume" apiVersion="v1" type="Warning" reason="VolumeFailedDelete" message="persistentvolume pvc-dff0f37e-6642-4b45-a974-ef2a1b9ab493 is still attached to node hp-69-tink-system"
2026-06-12T15:14:15.703446505Z I0612 15:14:15.703333       1 controller.go:959] successfully created PV pvc-f619145a-5bdf-49cb-a754-cbc03075c6ed for PVC 15h08m00s971364-06-12-reboot-vlan-opensuse and csi volume name pvc-f619145a-5bdf-49cb-a754-cbc03075c6ed
2026-06-12T15:14:15.733978950Z I0612 15:14:15.733882       1 event.go:389] "Event occurred" object="default/15h08m00s971364-06-12-reboot-vlan-opensuse" fieldPath="" kind="PersistentVolumeClaim" apiVersion="v1" type="Normal" reason="ProvisioningSucceeded" message="Successfully provisioned volume pvc-f619145a-5bdf-49cb-a754-cbc03075c6ed"
2026-06-12T15:14:16.632970300Z I0612 15:14:16.632771       1 controller.go:1317] volume pvc-dff0f37e-6642-4b45-a974-ef2a1b9ab493 does not need any deletion secrets
2026-06-12T15:14:16.632999115Z E0612 15:14:16.632828       1 controller.go:1569] "Volume deletion failed" err="persistentvolume pvc-dff0f37e-6642-4b45-a974-ef2a1b9ab493 is still attached to node hp-69-tink-system" PV="pvc-dff0f37e-6642-4b45-a974-ef2a1b9ab493"
2026-06-12T15:14:16.633023143Z I0612 15:14:16.632875       1 controller.go:1021] "Retrying syncing volume" key="pvc-dff0f37e-6642-4b45-a974-ef2a1b9ab493" failures=2
2026-06-12T15:14:16.633027252Z E0612 15:14:16.632910       1 controller.go:1039] "Unhandled Error" err="error syncing volume \"pvc-dff0f37e-6642-4b45-a974-ef2a1b9ab493\": persistentvolume pvc-dff0f37e-6642-4b45-a974-ef2a1b9ab493 is still attached to node hp-69-tink-system" logger="UnhandledError"
2026-06-12T15:14:16.633426412Z I0612 15:14:16.633352       1 event.go:389] "Event occurred" object="pvc-dff0f37e-6642-4b45-a974-ef2a1b9ab493" fieldPath="" kind="PersistentVolume" apiVersion="v1" type="Warning" reason="VolumeFailedDelete" message="persistentvolume pvc-dff0f37e-6642-4b45-a974-ef2a1b9ab493 is still attached to node hp-69-tink-system"
2026-06-12T15:14:20.633947770Z I0612 15:14:20.633783       1 controller.go:1317] volume pvc-dff0f37e-6642-4b45-a974-ef2a1b9ab493 does not need any deletion secrets
2026-06-12T15:14:22.663377106Z I0612 15:14:22.663260       1 controller.go:1317] volume pvc-dff0f37e-6642-4b45-a974-ef2a1b9ab493 does not need any deletion secrets
2026-06-12T15:14:22.669371056Z I0612 15:14:22.669206       1 controller.go:1580] "Failed to delete persistentvolume" PV="pvc-dff0f37e-6642-4b45-a974-ef2a1b9ab493" err="persistentvolumes \"pvc-dff0f37e-6642-4b45-a974-ef2a1b9ab493\" not found"
2026-06-12T15:14:22.669388474Z I0612 15:14:22.669249       1 controller.go:1021] "Retrying syncing volume" key="pvc-dff0f37e-6642-4b45-a974-ef2a1b9ab493" failures=0
2026-06-12T15:14:22.669394285Z E0612 15:14:22.669288       1 controller.go:1039] "Unhandled Error" err="error syncing volume \"pvc-dff0f37e-6642-4b45-a974-ef2a1b9ab493\": persistentvolumes \"pvc-dff0f37e-6642-4b45-a974-ef2a1b9ab493\" not found" logger="UnhandledError"
2026-06-12T15:17:22.451617126Z I0612 15:17:22.451521       1 event.go:389] "Event occurred" object="default/15h08m00s971364-06-12-mgmt-vlan-opensuse" fieldPath="" kind="PersistentVolumeClaim" apiVersion="v1" type="Normal" reason="Provisioning" message="External provisioner is provisioning volume for claim \"default/15h08m00s971364-06-12-mgmt-vlan-opensuse\""
2026-06-12T15:17:22.517529832Z I0612 15:17:22.517426       1 controller.go:1317] volume pvc-f619145a-5bdf-49cb-a754-cbc03075c6ed does not need any deletion secrets
2026-06-12T15:17:22.517556357Z E0612 15:17:22.517474       1 controller.go:1569] "Volume deletion failed" err="persistentvolume pvc-f619145a-5bdf-49cb-a754-cbc03075c6ed is still attached to node hp-69-tink-system" PV="pvc-f619145a-5bdf-49cb-a754-cbc03075c6ed"
2026-06-12T15:17:22.517569475Z I0612 15:17:22.517517       1 controller.go:1021] "Retrying syncing volume" key="pvc-f619145a-5bdf-49cb-a754-cbc03075c6ed" failures=0
2026-06-12T15:17:22.517584986Z E0612 15:17:22.517557       1 controller.go:1039] "Unhandled Error" err="error syncing volume \"pvc-f619145a-5bdf-49cb-a754-cbc03075c6ed\": persistentvolume pvc-f619145a-5bdf-49cb-a754-cbc03075c6ed is still attached to node hp-69-tink-system" logger="UnhandledError"
2026-06-12T15:17:22.517751601Z I0612 15:17:22.517680       1 event.go:389] "Event occurred" object="pvc-f619145a-5bdf-49cb-a754-cbc03075c6ed" fieldPath="" kind="PersistentVolume" apiVersion="v1" type="Warning" reason="VolumeFailedDelete" message="persistentvolume pvc-f619145a-5bdf-49cb-a754-cbc03075c6ed is still attached to node hp-69-tink-system"
2026-06-12T15:17:23.517870786Z I0612 15:17:23.517762       1 controller.go:1317] volume pvc-f619145a-5bdf-49cb-a754-cbc03075c6ed does not need any deletion secrets
2026-06-12T15:17:23.517895512Z E0612 15:17:23.517814       1 controller.go:1569] "Volume deletion failed" err="persistentvolume pvc-f619145a-5bdf-49cb-a754-cbc03075c6ed is still attached to node hp-69-tink-system" PV="pvc-f619145a-5bdf-49cb-a754-cbc03075c6ed"
2026-06-12T15:17:23.517923123Z I0612 15:17:23.517862       1 controller.go:1021] "Retrying syncing volume" key="pvc-f619145a-5bdf-49cb-a754-cbc03075c6ed" failures=1
2026-06-12T15:17:23.517933652Z E0612 15:17:23.517893       1 controller.go:1039] "Unhandled Error" err="error syncing volume \"pvc-f619145a-5bdf-49cb-a754-cbc03075c6ed\": persistentvolume pvc-f619145a-5bdf-49cb-a754-cbc03075c6ed is still attached to node hp-69-tink-system" logger="UnhandledError"
2026-06-12T15:17:23.517996677Z I0612 15:17:23.517946       1 event.go:389] "Event occurred" object="pvc-f619145a-5bdf-49cb-a754-cbc03075c6ed" fieldPath="" kind="PersistentVolume" apiVersion="v1" type="Warning" reason="VolumeFailedDelete" message="persistentvolume pvc-f619145a-5bdf-49cb-a754-cbc03075c6ed is still attached to node hp-69-tink-system"
2026-06-12T15:17:24.487502932Z I0612 15:17:24.487386       1 controller.go:959] successfully created PV pvc-11663ad9-f19a-4d9f-bbcb-9079e181662c for PVC 15h08m00s971364-06-12-mgmt-vlan-opensuse and csi volume name pvc-11663ad9-f19a-4d9f-bbcb-9079e181662c
2026-06-12T15:17:24.493435338Z I0612 15:17:24.493315       1 event.go:389] "Event occurred" object="default/15h08m00s971364-06-12-mgmt-vlan-opensuse" fieldPath="" kind="PersistentVolumeClaim" apiVersion="v1" type="Normal" reason="ProvisioningSucceeded" message="Successfully provisioned volume pvc-11663ad9-f19a-4d9f-bbcb-9079e181662c"
2026-06-12T15:17:25.518676268Z I0612 15:17:25.518484       1 controller.go:1317] volume pvc-f619145a-5bdf-49cb-a754-cbc03075c6ed does not need any deletion secrets
2026-06-12T15:17:25.518702318Z E0612 15:17:25.518549       1 controller.go:1569] "Volume deletion failed" err="persistentvolume pvc-f619145a-5bdf-49cb-a754-cbc03075c6ed is still attached to node hp-69-tink-system" PV="pvc-f619145a-5bdf-49cb-a754-cbc03075c6ed"
2026-06-12T15:17:25.518722092Z I0612 15:17:25.518611       1 controller.go:1021] "Retrying syncing volume" key="pvc-f619145a-5bdf-49cb-a754-cbc03075c6ed" failures=2
2026-06-12T15:17:25.518732174Z E0612 15:17:25.518676       1 controller.go:1039] "Unhandled Error" err="error syncing volume \"pvc-f619145a-5bdf-49cb-a754-cbc03075c6ed\": persistentvolume pvc-f619145a-5bdf-49cb-a754-cbc03075c6ed is still attached to node hp-69-tink-system" logger="UnhandledError"
2026-06-12T15:17:25.518781760Z I0612 15:17:25.518725       1 event.go:389] "Event occurred" object="pvc-f619145a-5bdf-49cb-a754-cbc03075c6ed" fieldPath="" kind="PersistentVolume" apiVersion="v1" type="Warning" reason="VolumeFailedDelete" message="persistentvolume pvc-f619145a-5bdf-49cb-a754-cbc03075c6ed is still attached to node hp-69-tink-system"
2026-06-12T15:17:29.519697862Z I0612 15:17:29.519547       1 controller.go:1317] volume pvc-f619145a-5bdf-49cb-a754-cbc03075c6ed does not need any deletion secrets
2026-06-12T15:17:29.519722975Z E0612 15:17:29.519597       1 controller.go:1569] "Volume deletion failed" err="persistentvolume pvc-f619145a-5bdf-49cb-a754-cbc03075c6ed is still attached to node hp-69-tink-system" PV="pvc-f619145a-5bdf-49cb-a754-cbc03075c6ed"
2026-06-12T15:17:29.519739707Z I0612 15:17:29.519656       1 controller.go:1021] "Retrying syncing volume" key="pvc-f619145a-5bdf-49cb-a754-cbc03075c6ed" failures=3
2026-06-12T15:17:29.519747521Z E0612 15:17:29.519686       1 controller.go:1039] "Unhandled Error" err="error syncing volume \"pvc-f619145a-5bdf-49cb-a754-cbc03075c6ed\": persistentvolume pvc-f619145a-5bdf-49cb-a754-cbc03075c6ed is still attached to node hp-69-tink-system" logger="UnhandledError"
2026-06-12T15:17:29.519821574Z I0612 15:17:29.519743       1 event.go:389] "Event occurred" object="pvc-f619145a-5bdf-49cb-a754-cbc03075c6ed" fieldPath="" kind="PersistentVolume" apiVersion="v1" type="Warning" reason="VolumeFailedDelete" message="persistentvolume pvc-f619145a-5bdf-49cb-a754-cbc03075c6ed is still attached to node hp-69-tink-system"
2026-06-12T15:17:37.520048922Z I0612 15:17:37.519874       1 controller.go:1317] volume pvc-f619145a-5bdf-49cb-a754-cbc03075c6ed does not need any deletion secrets
2026-06-12T15:21:37.423111684Z I0612 15:21:37.423004       1 controller.go:1317] volume pvc-11663ad9-f19a-4d9f-bbcb-9079e181662c does not need any deletion secrets
2026-06-12T15:21:37.423141596Z E0612 15:21:37.423048       1 controller.go:1569] "Volume deletion failed" err="persistentvolume pvc-11663ad9-f19a-4d9f-bbcb-9079e181662c is still attached to node hp-69-tink-system" PV="pvc-11663ad9-f19a-4d9f-bbcb-9079e181662c"
2026-06-12T15:21:37.423204267Z I0612 15:21:37.423105       1 controller.go:1021] "Retrying syncing volume" key="pvc-11663ad9-f19a-4d9f-bbcb-9079e181662c" failures=0
2026-06-12T15:21:37.423222537Z E0612 15:21:37.423137       1 controller.go:1039] "Unhandled Error" err="error syncing volume \"pvc-11663ad9-f19a-4d9f-bbcb-9079e181662c\": persistentvolume pvc-11663ad9-f19a-4d9f-bbcb-9079e181662c is still attached to node hp-69-tink-system" logger="UnhandledError"
2026-06-12T15:21:37.423301139Z I0612 15:21:37.423225       1 event.go:389] "Event occurred" object="pvc-11663ad9-f19a-4d9f-bbcb-9079e181662c" fieldPath="" kind="PersistentVolume" apiVersion="v1" type="Warning" reason="VolumeFailedDelete" message="persistentvolume pvc-11663ad9-f19a-4d9f-bbcb-9079e181662c is still attached to node hp-69-tink-system"
2026-06-12T15:21:38.423524876Z I0612 15:21:38.423369       1 controller.go:1317] volume pvc-11663ad9-f19a-4d9f-bbcb-9079e181662c does not need any deletion secrets
2026-06-12T15:21:38.423548806Z E0612 15:21:38.423416       1 controller.go:1569] "Volume deletion failed" err="persistentvolume pvc-11663ad9-f19a-4d9f-bbcb-9079e181662c is still attached to node hp-69-tink-system" PV="pvc-11663ad9-f19a-4d9f-bbcb-9079e181662c"
2026-06-12T15:21:38.423560902Z I0612 15:21:38.423481       1 controller.go:1021] "Retrying syncing volume" key="pvc-11663ad9-f19a-4d9f-bbcb-9079e181662c" failures=1
2026-06-12T15:21:38.423568021Z E0612 15:21:38.423512       1 controller.go:1039] "Unhandled Error" err="error syncing volume \"pvc-11663ad9-f19a-4d9f-bbcb-9079e181662c\": persistentvolume pvc-11663ad9-f19a-4d9f-bbcb-9079e181662c is still attached to node hp-69-tink-system" logger="UnhandledError"
2026-06-12T15:21:38.423720424Z I0612 15:21:38.423567       1 event.go:389] "Event occurred" object="pvc-11663ad9-f19a-4d9f-bbcb-9079e181662c" fieldPath="" kind="PersistentVolume" apiVersion="v1" type="Warning" reason="VolumeFailedDelete" message="persistentvolume pvc-11663ad9-f19a-4d9f-bbcb-9079e181662c is still attached to node hp-69-tink-system"
2026-06-12T15:21:40.424127688Z I0612 15:21:40.423982       1 controller.go:1317] volume pvc-11663ad9-f19a-4d9f-bbcb-9079e181662c does not need any deletion secrets
2026-06-12T15:21:40.424161195Z E0612 15:21:40.424040       1 controller.go:1569] "Volume deletion failed" err="persistentvolume pvc-11663ad9-f19a-4d9f-bbcb-9079e181662c is still attached to node hp-69-tink-system" PV="pvc-11663ad9-f19a-4d9f-bbcb-9079e181662c"
2026-06-12T15:21:40.424174550Z I0612 15:21:40.424131       1 controller.go:1021] "Retrying syncing volume" key="pvc-11663ad9-f19a-4d9f-bbcb-9079e181662c" failures=2
2026-06-12T15:21:40.424189156Z E0612 15:21:40.424164       1 controller.go:1039] "Unhandled Error" err="error syncing volume \"pvc-11663ad9-f19a-4d9f-bbcb-9079e181662c\": persistentvolume pvc-11663ad9-f19a-4d9f-bbcb-9079e181662c is still attached to node hp-69-tink-system" logger="UnhandledError"
2026-06-12T15:21:40.424218721Z I0612 15:21:40.424181       1 event.go:389] "Event occurred" object="pvc-11663ad9-f19a-4d9f-bbcb-9079e181662c" fieldPath="" kind="PersistentVolume" apiVersion="v1" type="Warning" reason="VolumeFailedDelete" message="persistentvolume pvc-11663ad9-f19a-4d9f-bbcb-9079e181662c is still attached to node hp-69-tink-system"
2026-06-12T15:21:44.425482789Z I0612 15:21:44.425366       1 controller.go:1317] volume pvc-11663ad9-f19a-4d9f-bbcb-9079e181662c does not need any deletion secrets
2026-06-12T15:21:44.425516176Z E0612 15:21:44.425424       1 controller.go:1569] "Volume deletion failed" err="persistentvolume pvc-11663ad9-f19a-4d9f-bbcb-9079e181662c is still attached to node hp-69-tink-system" PV="pvc-11663ad9-f19a-4d9f-bbcb-9079e181662c"
2026-06-12T15:21:44.425530571Z I0612 15:21:44.425477       1 controller.go:1021] "Retrying syncing volume" key="pvc-11663ad9-f19a-4d9f-bbcb-9079e181662c" failures=3
2026-06-12T15:21:44.425541545Z E0612 15:21:44.425511       1 controller.go:1039] "Unhandled Error" err="error syncing volume \"pvc-11663ad9-f19a-4d9f-bbcb-9079e181662c\": persistentvolume pvc-11663ad9-f19a-4d9f-bbcb-9079e181662c is still attached to node hp-69-tink-system" logger="UnhandledError"
2026-06-12T15:21:44.425551090Z I0612 15:21:44.425520       1 event.go:389] "Event occurred" object="pvc-11663ad9-f19a-4d9f-bbcb-9079e181662c" fieldPath="" kind="PersistentVolume" apiVersion="v1" type="Warning" reason="VolumeFailedDelete" message="persistentvolume pvc-11663ad9-f19a-4d9f-bbcb-9079e181662c is still attached to node hp-69-tink-system"
2026-06-12T15:21:44.428404022Z I0612 15:21:44.428325       1 event.go:389] "Event occurred" object="default/15h08m00s971364-06-12-vlan-mgmt-opensuse" fieldPath="" kind="PersistentVolumeClaim" apiVersion="v1" type="Normal" reason="Provisioning" message="External provisioner is provisioning volume for claim \"default/15h08m00s971364-06-12-vlan-mgmt-opensuse\""
2026-06-12T15:21:46.555655877Z I0612 15:21:46.555522       1 controller.go:959] successfully created PV pvc-12ccbcbb-806d-431d-b299-f412f63a8aa5 for PVC 15h08m00s971364-06-12-vlan-mgmt-opensuse and csi volume name pvc-12ccbcbb-806d-431d-b299-f412f63a8aa5
2026-06-12T15:21:46.565881913Z I0612 15:21:46.565778       1 event.go:389] "Event occurred" object="default/15h08m00s971364-06-12-vlan-mgmt-opensuse" fieldPath="" kind="PersistentVolumeClaim" apiVersion="v1" type="Normal" reason="ProvisioningSucceeded" message="Successfully provisioned volume pvc-12ccbcbb-806d-431d-b299-f412f63a8aa5"
2026-06-12T15:21:52.425951740Z I0612 15:21:52.425836       1 controller.go:1317] volume pvc-11663ad9-f19a-4d9f-bbcb-9079e181662c does not need any deletion secrets
2026-06-12T15:21:54.462507820Z I0612 15:21:54.462271       1 controller.go:1317] volume pvc-11663ad9-f19a-4d9f-bbcb-9079e181662c does not need any deletion secrets
2026-06-12T15:21:54.465897668Z I0612 15:21:54.465796       1 controller.go:1580] "Failed to delete persistentvolume" PV="pvc-11663ad9-f19a-4d9f-bbcb-9079e181662c" err="persistentvolumes \"pvc-11663ad9-f19a-4d9f-bbcb-9079e181662c\" not found"
2026-06-12T15:21:54.465923767Z I0612 15:21:54.465827       1 controller.go:1021] "Retrying syncing volume" key="pvc-11663ad9-f19a-4d9f-bbcb-9079e181662c" failures=0
2026-06-12T15:21:54.465948888Z E0612 15:21:54.465856       1 controller.go:1039] "Unhandled Error" err="error syncing volume \"pvc-11663ad9-f19a-4d9f-bbcb-9079e181662c\": persistentvolumes \"pvc-11663ad9-f19a-4d9f-bbcb-9079e181662c\" not found" logger="UnhandledError"
2026-06-12T15:24:36.819776083Z I0612 15:24:36.819485       1 controller.go:1317] volume pvc-12ccbcbb-806d-431d-b299-f412f63a8aa5 does not need any deletion secrets
2026-06-12T15:24:36.819805272Z E0612 15:24:36.819547       1 controller.go:1569] "Volume deletion failed" err="persistentvolume pvc-12ccbcbb-806d-431d-b299-f412f63a8aa5 is still attached to node hp-69-tink-system" PV="pvc-12ccbcbb-806d-431d-b299-f412f63a8aa5"
2026-06-12T15:24:36.819821197Z I0612 15:24:36.819608       1 controller.go:1021] "Retrying syncing volume" key="pvc-12ccbcbb-806d-431d-b299-f412f63a8aa5" failures=0
2026-06-12T15:24:36.819826136Z E0612 15:24:36.819658       1 controller.go:1039] "Unhandled Error" err="error syncing volume \"pvc-12ccbcbb-806d-431d-b299-f412f63a8aa5\": persistentvolume pvc-12ccbcbb-806d-431d-b299-f412f63a8aa5 is still attached to node hp-69-tink-system" logger="UnhandledError"
2026-06-12T15:24:36.819855812Z I0612 15:24:36.819718       1 event.go:389] "Event occurred" object="pvc-12ccbcbb-806d-431d-b299-f412f63a8aa5" fieldPath="" kind="PersistentVolume" apiVersion="v1" type="Warning" reason="VolumeFailedDelete" message="persistentvolume pvc-12ccbcbb-806d-431d-b299-f412f63a8aa5 is still attached to node hp-69-tink-system"
2026-06-12T15:24:37.819938702Z I0612 15:24:37.819821       1 controller.go:1317] volume pvc-12ccbcbb-806d-431d-b299-f412f63a8aa5 does not need any deletion secrets
2026-06-12T15:24:37.819965417Z E0612 15:24:37.819873       1 controller.go:1569] "Volume deletion failed" err="persistentvolume pvc-12ccbcbb-806d-431d-b299-f412f63a8aa5 is still attached to node hp-69-tink-system" PV="pvc-12ccbcbb-806d-431d-b299-f412f63a8aa5"
2026-06-12T15:24:37.819976752Z I0612 15:24:37.819940       1 controller.go:1021] "Retrying syncing volume" key="pvc-12ccbcbb-806d-431d-b299-f412f63a8aa5" failures=1
2026-06-12T15:24:37.820002030Z E0612 15:24:37.819970       1 controller.go:1039] "Unhandled Error" err="error syncing volume \"pvc-12ccbcbb-806d-431d-b299-f412f63a8aa5\": persistentvolume pvc-12ccbcbb-806d-431d-b299-f412f63a8aa5 is still attached to node hp-69-tink-system" logger="UnhandledError"
2026-06-12T15:24:37.820068557Z I0612 15:24:37.820019       1 event.go:389] "Event occurred" object="pvc-12ccbcbb-806d-431d-b299-f412f63a8aa5" fieldPath="" kind="PersistentVolume" apiVersion="v1" type="Warning" reason="VolumeFailedDelete" message="persistentvolume pvc-12ccbcbb-806d-431d-b299-f412f63a8aa5 is still attached to node hp-69-tink-system"
2026-06-12T15:24:39.820242742Z I0612 15:24:39.820081       1 controller.go:1317] volume pvc-12ccbcbb-806d-431d-b299-f412f63a8aa5 does not need any deletion secrets
2026-06-12T15:24:39.820267590Z E0612 15:24:39.820131       1 controller.go:1569] "Volume deletion failed" err="persistentvolume pvc-12ccbcbb-806d-431d-b299-f412f63a8aa5 is still attached to node hp-69-tink-system" PV="pvc-12ccbcbb-806d-431d-b299-f412f63a8aa5"
2026-06-12T15:24:39.820293800Z I0612 15:24:39.820202       1 controller.go:1021] "Retrying syncing volume" key="pvc-12ccbcbb-806d-431d-b299-f412f63a8aa5" failures=2
2026-06-12T15:24:39.820308808Z E0612 15:24:39.820234       1 controller.go:1039] "Unhandled Error" err="error syncing volume \"pvc-12ccbcbb-806d-431d-b299-f412f63a8aa5\": persistentvolume pvc-12ccbcbb-806d-431d-b299-f412f63a8aa5 is still attached to node hp-69-tink-system" logger="UnhandledError"
2026-06-12T15:24:39.820319260Z I0612 15:24:39.820273       1 event.go:389] "Event occurred" object="pvc-12ccbcbb-806d-431d-b299-f412f63a8aa5" fieldPath="" kind="PersistentVolume" apiVersion="v1" type="Warning" reason="VolumeFailedDelete" message="persistentvolume pvc-12ccbcbb-806d-431d-b299-f412f63a8aa5 is still attached to node hp-69-tink-system"
2026-06-12T15:24:43.820703056Z I0612 15:24:43.820552       1 controller.go:1317] volume pvc-12ccbcbb-806d-431d-b299-f412f63a8aa5 does not need any deletion secrets
2026-06-12T15:24:44.437005901Z I0612 15:24:44.436897       1 event.go:389] "Event occurred" object="default/15h08m00s971364-06-12-delete-vlan-opensuse" fieldPath="" kind="PersistentVolumeClaim" apiVersion="v1" type="Normal" reason="Provisioning" message="External provisioner is provisioning volume for claim \"default/15h08m00s971364-06-12-delete-vlan-opensuse\""
2026-06-12T15:24:45.859623750Z I0612 15:24:45.859526       1 controller.go:1317] volume pvc-12ccbcbb-806d-431d-b299-f412f63a8aa5 does not need any deletion secrets
2026-06-12T15:24:45.863207628Z I0612 15:24:45.863120       1 controller.go:1580] "Failed to delete persistentvolume" PV="pvc-12ccbcbb-806d-431d-b299-f412f63a8aa5" err="persistentvolumes \"pvc-12ccbcbb-806d-431d-b299-f412f63a8aa5\" not found"
2026-06-12T15:24:45.863219555Z I0612 15:24:45.863150       1 controller.go:1021] "Retrying syncing volume" key="pvc-12ccbcbb-806d-431d-b299-f412f63a8aa5" failures=0
2026-06-12T15:24:45.863222814Z E0612 15:24:45.863183       1 controller.go:1039] "Unhandled Error" err="error syncing volume \"pvc-12ccbcbb-806d-431d-b299-f412f63a8aa5\": persistentvolumes \"pvc-12ccbcbb-806d-431d-b299-f412f63a8aa5\" not found" logger="UnhandledError"
2026-06-12T15:24:46.559384093Z I0612 15:24:46.559309       1 controller.go:959] successfully created PV pvc-e970d495-9a22-4c8b-935d-a061c0c1f381 for PVC 15h08m00s971364-06-12-delete-vlan-opensuse and csi volume name pvc-e970d495-9a22-4c8b-935d-a061c0c1f381
2026-06-12T15:24:46.569112309Z I0612 15:24:46.568938       1 event.go:389] "Event occurred" object="default/15h08m00s971364-06-12-delete-vlan-opensuse" fieldPath="" kind="PersistentVolumeClaim" apiVersion="v1" type="Normal" reason="ProvisioningSucceeded" message="Successfully provisioned volume pvc-e970d495-9a22-4c8b-935d-a061c0c1f381"
2026-06-12T15:27:33.469146979Z I0612 15:27:33.469031       1 controller.go:1317] volume pvc-e970d495-9a22-4c8b-935d-a061c0c1f381 does not need any deletion secrets
2026-06-12T15:27:33.469172731Z E0612 15:27:33.469076       1 controller.go:1569] "Volume deletion failed" err="persistentvolume pvc-e970d495-9a22-4c8b-935d-a061c0c1f381 is still attached to node hp-69-tink-system" PV="pvc-e970d495-9a22-4c8b-935d-a061c0c1f381"
2026-06-12T15:27:33.469185848Z I0612 15:27:33.469141       1 controller.go:1021] "Retrying syncing volume" key="pvc-e970d495-9a22-4c8b-935d-a061c0c1f381" failures=0
2026-06-12T15:27:33.469194990Z E0612 15:27:33.469172       1 controller.go:1039] "Unhandled Error" err="error syncing volume \"pvc-e970d495-9a22-4c8b-935d-a061c0c1f381\": persistentvolume pvc-e970d495-9a22-4c8b-935d-a061c0c1f381 is still attached to node hp-69-tink-system" logger="UnhandledError"
2026-06-12T15:27:33.469305799Z I0612 15:27:33.469240       1 event.go:389] "Event occurred" object="pvc-e970d495-9a22-4c8b-935d-a061c0c1f381" fieldPath="" kind="PersistentVolume" apiVersion="v1" type="Warning" reason="VolumeFailedDelete" message="persistentvolume pvc-e970d495-9a22-4c8b-935d-a061c0c1f381 is still attached to node hp-69-tink-system"
2026-06-12T15:27:34.470163688Z I0612 15:27:34.470064       1 controller.go:1317] volume pvc-e970d495-9a22-4c8b-935d-a061c0c1f381 does not need any deletion secrets
2026-06-12T15:27:34.470184686Z E0612 15:27:34.470114       1 controller.go:1569] "Volume deletion failed" err="persistentvolume pvc-e970d495-9a22-4c8b-935d-a061c0c1f381 is still attached to node hp-69-tink-system" PV="pvc-e970d495-9a22-4c8b-935d-a061c0c1f381"
2026-06-12T15:27:34.470229884Z I0612 15:27:34.470185       1 controller.go:1021] "Retrying syncing volume" key="pvc-e970d495-9a22-4c8b-935d-a061c0c1f381" failures=1
2026-06-12T15:27:34.470257039Z E0612 15:27:34.470217       1 controller.go:1039] "Unhandled Error" err="error syncing volume \"pvc-e970d495-9a22-4c8b-935d-a061c0c1f381\": persistentvolume pvc-e970d495-9a22-4c8b-935d-a061c0c1f381 is still attached to node hp-69-tink-system" logger="UnhandledError"
2026-06-12T15:27:34.470319213Z I0612 15:27:34.470269       1 event.go:389] "Event occurred" object="pvc-e970d495-9a22-4c8b-935d-a061c0c1f381" fieldPath="" kind="PersistentVolume" apiVersion="v1" type="Warning" reason="VolumeFailedDelete" message="persistentvolume pvc-e970d495-9a22-4c8b-935d-a061c0c1f381 is still attached to node hp-69-tink-system"
2026-06-12T15:27:36.471388587Z I0612 15:27:36.471217       1 controller.go:1317] volume pvc-e970d495-9a22-4c8b-935d-a061c0c1f381 does not need any deletion secrets
2026-06-12T15:27:38.524077106Z I0612 15:27:38.523874       1 controller.go:1317] volume pvc-e970d495-9a22-4c8b-935d-a061c0c1f381 does not need any deletion secrets
2026-06-12T15:27:38.527401459Z I0612 15:27:38.527285       1 controller.go:1580] "Failed to delete persistentvolume" PV="pvc-e970d495-9a22-4c8b-935d-a061c0c1f381" err="persistentvolumes \"pvc-e970d495-9a22-4c8b-935d-a061c0c1f381\" not found"
2026-06-12T15:27:38.527416814Z I0612 15:27:38.527309       1 controller.go:1021] "Retrying syncing volume" key="pvc-e970d495-9a22-4c8b-935d-a061c0c1f381" failures=0
2026-06-12T15:27:38.527421960Z E0612 15:27:38.527338       1 controller.go:1039] "Unhandled Error" err="error syncing volume \"pvc-e970d495-9a22-4c8b-935d-a061c0c1f381\": persistentvolumes \"pvc-e970d495-9a22-4c8b-935d-a061c0c1f381\" not found" logger="UnhandledError"
2026-06-12T15:28:43.625171132Z I0612 15:28:43.625015       1 event.go:389] "Event occurred" object="default/dhcp-test-vm-15h26m26s356466-06-12-opensuse" fieldPath="" kind="PersistentVolumeClaim" apiVersion="v1" type="Normal" reason="Provisioning" message="External provisioner is provisioning volume for claim \"default/dhcp-test-vm-15h26m26s356466-06-12-opensuse\""
2026-06-12T15:28:45.757817971Z I0612 15:28:45.757657       1 controller.go:959] successfully created PV pvc-01a5ce02-4eba-40e7-bdda-9824d3bcfcb8 for PVC dhcp-test-vm-15h26m26s356466-06-12-opensuse and csi volume name pvc-01a5ce02-4eba-40e7-bdda-9824d3bcfcb8
2026-06-12T15:28:45.776025892Z I0612 15:28:45.775914       1 event.go:389] "Event occurred" object="default/dhcp-test-vm-15h26m26s356466-06-12-opensuse" fieldPath="" kind="PersistentVolumeClaim" apiVersion="v1" type="Normal" reason="ProvisioningSucceeded" message="Successfully provisioned volume pvc-01a5ce02-4eba-40e7-bdda-9824d3bcfcb8"
