Jun 12 10:37:49.520239 localhost kernel: Linux version 6.12.0-160000.32-default (geeko@buildhost) (gcc-13 (SUSE Linux) 13.4.0, GNU ld (GNU Binutils; SUSE Linux 16) 2.45.0.20251103-1600001) #1 SMP PREEMPT_DYNAMIC Fri May 15 19:14:55 UTC 2026 (78b265d)
Jun 12 10:37:49.520284 localhost kernel: Command line: BOOT_IMAGE=(loop0)/boot/vmlinuz console=tty1 root=LABEL=COS_STATE cos-img/filename=/cOS/active.img panic=0 net.ifnames=1 rd.cos.oemlabel=COS_OEM rd.cos.mount=LABEL=COS_OEM:/oem rd.cos.mount=LABEL=COS_PERSISTENT:/usr/local rd.cos.oemtimeout=120 audit=1 audit_backlog_limit=8192 intel_iommu=on amd_iommu=on iommu=pt multipath=off ifname=netboot:5c:b9:01:88:d0:44
Jun 12 10:37:49.520300 localhost kernel: BIOS-provided physical RAM map:
Jun 12 10:37:49.520312 localhost kernel: BIOS-e820: [mem 0x0000000000000000-0x000000000009ffff] usable
Jun 12 10:37:49.520323 localhost kernel: BIOS-e820: [mem 0x0000000000100000-0x000000005a6a0fff] usable
Jun 12 10:37:49.520348 localhost kernel: BIOS-e820: [mem 0x000000005a6a1000-0x000000005b4a0fff] reserved
Jun 12 10:37:49.520363 localhost kernel: BIOS-e820: [mem 0x000000005b4a1000-0x00000000784fefff] usable
Jun 12 10:37:49.520374 localhost kernel: BIOS-e820: [mem 0x00000000784ff000-0x00000000791fefff] reserved
Jun 12 10:37:49.520384 localhost kernel: BIOS-e820: [mem 0x00000000791ff000-0x000000007b5fefff] ACPI NVS
Jun 12 10:37:49.520395 localhost kernel: BIOS-e820: [mem 0x000000007b5ff000-0x000000007b7fefff] ACPI data
Jun 12 10:37:49.520410 localhost kernel: BIOS-e820: [mem 0x000000007b7ff000-0x000000007b7fffff] usable
Jun 12 10:37:49.520421 localhost kernel: BIOS-e820: [mem 0x0000000080000000-0x000000008fffffff] reserved
Jun 12 10:37:49.520431 localhost kernel: BIOS-e820: [mem 0x0000000100000000-0x000000207fffffff] usable
Jun 12 10:37:49.520442 localhost kernel: NX (Execute Disable) protection: active
Jun 12 10:37:49.520456 localhost kernel: APIC: Static calls initialized
Jun 12 10:37:49.520486 localhost kernel: e820: update [mem 0x770c4018-0x770e1a57] usable ==> usable
Jun 12 10:37:49.520497 localhost kernel: e820: update [mem 0x76e37018-0x76e81057] usable ==> usable
Jun 12 10:37:49.520523 localhost kernel: e820: update [mem 0x76dec018-0x76e36057] usable ==> usable
Jun 12 10:37:49.520534 localhost kernel: e820: update [mem 0x770ea018-0x770f2057] usable ==> usable
Jun 12 10:37:49.520544 localhost kernel: e820: update [mem 0x770b9018-0x770c3257] usable ==> usable
Jun 12 10:37:49.520555 localhost kernel: e820: update [mem 0x76db9018-0x76deb457] usable ==> usable
Jun 12 10:37:49.520569 localhost kernel: e820: update [mem 0x76d86018-0x76db8457] usable ==> usable
Jun 12 10:37:49.520580 localhost kernel: e820: update [mem 0x76d53018-0x76d85457] usable ==> usable
Jun 12 10:37:49.520601 localhost kernel: e820: update [mem 0x76d20018-0x76d52457] usable ==> usable
Jun 12 10:37:49.520612 localhost kernel: extended physical RAM map:
Jun 12 10:37:49.520622 localhost kernel: reserve setup_data: [mem 0x0000000000000000-0x000000000009ffff] usable
Jun 12 10:37:49.520633 localhost kernel: reserve setup_data: [mem 0x0000000000100000-0x000000005a6a0fff] usable
Jun 12 10:37:49.520740 localhost kernel: reserve setup_data: [mem 0x000000005a6a1000-0x000000005b4a0fff] reserved
Jun 12 10:37:49.520753 localhost kernel: reserve setup_data: [mem 0x000000005b4a1000-0x0000000076d20017] usable
Jun 12 10:37:49.520763 localhost kernel: reserve setup_data: [mem 0x0000000076d20018-0x0000000076d52457] usable
Jun 12 10:37:49.520774 localhost kernel: reserve setup_data: [mem 0x0000000076d52458-0x0000000076d53017] usable
Jun 12 10:37:49.520785 localhost kernel: reserve setup_data: [mem 0x0000000076d53018-0x0000000076d85457] usable
Jun 12 10:37:49.520796 localhost kernel: reserve setup_data: [mem 0x0000000076d85458-0x0000000076d86017] usable
Jun 12 10:37:49.520806 localhost kernel: reserve setup_data: [mem 0x0000000076d86018-0x0000000076db8457] usable
Jun 12 10:37:49.520855 localhost kernel: reserve setup_data: [mem 0x0000000076db8458-0x0000000076db9017] usable
Jun 12 10:37:49.520866 localhost kernel: reserve setup_data: [mem 0x0000000076db9018-0x0000000076deb457] usable
Jun 12 10:37:49.520896 localhost kernel: reserve setup_data: [mem 0x0000000076deb458-0x0000000076dec017] usable
Jun 12 10:37:49.520907 localhost kernel: reserve setup_data: [mem 0x0000000076dec018-0x0000000076e36057] usable
Jun 12 10:37:49.520917 localhost kernel: reserve setup_data: [mem 0x0000000076e36058-0x0000000076e37017] usable
Jun 12 10:37:49.520929 localhost kernel: reserve setup_data: [mem 0x0000000076e37018-0x0000000076e81057] usable
Jun 12 10:37:49.520946 localhost kernel: reserve setup_data: [mem 0x0000000076e81058-0x00000000770b9017] usable
Jun 12 10:37:49.520957 localhost kernel: reserve setup_data: [mem 0x00000000770b9018-0x00000000770c3257] usable
Jun 12 10:37:49.520968 localhost kernel: reserve setup_data: [mem 0x00000000770c3258-0x00000000770c4017] usable
Jun 12 10:37:49.520979 localhost kernel: reserve setup_data: [mem 0x00000000770c4018-0x00000000770e1a57] usable
Jun 12 10:37:49.520989 localhost kernel: reserve setup_data: [mem 0x00000000770e1a58-0x00000000770ea017] usable
Jun 12 10:37:49.521000 localhost kernel: reserve setup_data: [mem 0x00000000770ea018-0x00000000770f2057] usable
Jun 12 10:37:49.521011 localhost kernel: reserve setup_data: [mem 0x00000000770f2058-0x00000000784fefff] usable
Jun 12 10:37:49.521021 localhost kernel: reserve setup_data: [mem 0x00000000784ff000-0x00000000791fefff] reserved
Jun 12 10:37:49.521032 localhost kernel: reserve setup_data: [mem 0x00000000791ff000-0x000000007b5fefff] ACPI NVS
Jun 12 10:37:49.521043 localhost kernel: reserve setup_data: [mem 0x000000007b5ff000-0x000000007b7fefff] ACPI data
Jun 12 10:37:49.521054 localhost kernel: reserve setup_data: [mem 0x000000007b7ff000-0x000000007b7fffff] usable
Jun 12 10:37:49.521065 localhost kernel: reserve setup_data: [mem 0x0000000080000000-0x000000008fffffff] reserved
Jun 12 10:37:49.521076 localhost kernel: reserve setup_data: [mem 0x0000000100000000-0x000000207fffffff] usable
Jun 12 10:37:49.521090 localhost kernel: efi: EFI v2.4 by HP
Jun 12 10:37:49.521103 localhost kernel: efi: ACPI=0x7b7fe000 ACPI 2.0=0x7b7fe014 SMBIOS=0x788db000 MOKvar=0x788c6000 RNG=0x7b7d6f98 
Jun 12 10:37:49.521114 localhost kernel: random: crng init done
Jun 12 10:37:49.521125 localhost kernel: efi: Remove mem58: MMIO range=[0x80000000-0x8fffffff] (256MB) from e820 map
Jun 12 10:37:49.521136 localhost kernel: e820: remove [mem 0x80000000-0x8fffffff] reserved
Jun 12 10:37:49.521147 localhost kernel: secureboot: Secure boot disabled
Jun 12 10:37:49.521157 localhost kernel: SMBIOS 2.8 present.
Jun 12 10:37:49.521168 localhost kernel: DMI: HP ProLiant DL360 Gen9/ProLiant DL360 Gen9, BIOS P89 11/23/2021
Jun 12 10:37:49.521179 localhost kernel: DMI: Memory slots populated: 8/24
Jun 12 10:37:49.521190 localhost kernel: tsc: Fast TSC calibration using PIT
Jun 12 10:37:49.521200 localhost kernel: tsc: Detected 1797.895 MHz processor
Jun 12 10:37:49.521211 localhost kernel: e820: update [mem 0x00000000-0x00000fff] usable ==> reserved
Jun 12 10:37:49.521225 localhost kernel: e820: remove [mem 0x000a0000-0x000fffff] usable
Jun 12 10:37:49.521237 localhost kernel: last_pfn = 0x2080000 max_arch_pfn = 0x400000000
Jun 12 10:37:49.521252 localhost kernel: MTRR map: 9 entries (5 fixed + 4 variable; max 25), built from 10 variable MTRRs
Jun 12 10:37:49.521264 localhost kernel: x86/PAT: Configuration [0-7]: WB  WC  UC- UC  WB  WP  UC- WT  
Jun 12 10:37:49.521276 localhost kernel: last_pfn = 0x7b800 max_arch_pfn = 0x400000000
Jun 12 10:37:49.521288 localhost kernel: Using GB pages for direct mapping
Jun 12 10:37:49.521300 localhost kernel: RAMDISK: [mem 0x53eeb000-0x5a6a0fff]
Jun 12 10:37:49.521312 localhost kernel: ACPI: Early table checksum verification disabled
Jun 12 10:37:49.521338 localhost kernel: ACPI: RSDP 0x000000007B7FE014 000024 (v02 HP    )
Jun 12 10:37:49.521350 localhost kernel: ACPI: XSDT 0x000000007B7E8188 0000F4 (v01 HP     ProLiant 00000001      01000013)
Jun 12 10:37:49.521362 localhost kernel: ACPI: FACP 0x000000007B7F5000 00010C (v05 HP     ProLiant 00000001 HP   00000001)
Jun 12 10:37:49.521377 localhost kernel: ACPI: DSDT 0x000000007B7E0000 00646C (v02 HP     DSDT     00000002 HPAG 00020000)
Jun 12 10:37:49.521389 localhost kernel: ACPI: FACS 0x000000007B561000 000040
Jun 12 10:37:49.521401 localhost kernel: ACPI: UEFI 0x000000007B599000 000042 (v01 HP     ProLiant 00000002      01000013)
Jun 12 10:37:49.521413 localhost kernel: ACPI: MCEJ 0x000000007B7FC000 000130 (v01 HP     ProLiant 00000001 INTL 0100000D)
Jun 12 10:37:49.521425 localhost kernel: ACPI: SSDT 0x000000007B7FB000 000064 (v02 HP     SpsNvs   00000002 INTL 20130328)
Jun 12 10:37:49.521436 localhost kernel: ACPI: HEST 0x000000007B7FA000 0000A8 (v01 HP     ProLiant 00000001 INTL 00000001)
Jun 12 10:37:49.521448 localhost kernel: ACPI: BERT 0x000000007B7F9000 000030 (v01 HP     ProLiant 00000001 INTL 00000001)
Jun 12 10:37:49.521460 localhost kernel: ACPI: ERST 0x000000007B7F8000 000230 (v01 HP     ProLiant 00000001 INTL 00000001)
Jun 12 10:37:49.521472 localhost kernel: ACPI: EINJ 0x000000007B7F7000 000150 (v01 HP     ProLiant 00000001 INTL 00000001)
Jun 12 10:37:49.521487 localhost kernel: ACPI: BGRT 0x000000007B7F6000 000038 (v01 HP     ProLiant 00000002 HP   01000013)
Jun 12 10:37:49.521498 localhost kernel: ACPI: HPET 0x000000007B7F4000 000038 (v01 HP     ProLiant 00000001 HP   00000001)
Jun 12 10:37:49.521510 localhost kernel: ACPI: PMCT 0x000000007B7F3000 000064 (v01 HP     ProLiant 00000001 HP   00000001)
Jun 12 10:37:49.521522 localhost kernel: ACPI: WDDT 0x000000007B7F2000 000040 (v01 HP     ProLiant 00000001 HP   00000001)
Jun 12 10:37:49.521534 localhost kernel: ACPI: APIC 0x000000007B7F1000 00030A (v03 HP     ProLiant 00000001 HP   00000001)
Jun 12 10:37:49.521546 localhost kernel: ACPI: MCFG 0x000000007B7F0000 00003C (v01 HP     ProLiant 00000001 HP   00000001)
Jun 12 10:37:49.521558 localhost kernel: ACPI: SLIT 0x000000007B7EF000 000030 (v01 HP     ProLiant 00000001 HP   00000001)
Jun 12 10:37:49.521570 localhost kernel: ACPI: SRAT 0x000000007B7EE000 0002C0 (v03 HP     ProLiant 00000001 HP   00000001)
Jun 12 10:37:49.521585 localhost kernel: ACPI: SPMI 0x000000007B7ED000 000041 (v05 HP     ProLiant 00000001 HP   00000001)
Jun 12 10:37:49.521622 localhost kernel: ACPI: RASF 0x000000007B7EC000 000030 (v01 HP     ProLiant 00000001 HP   00000001)
Jun 12 10:37:49.521633 localhost kernel: ACPI: SPCR 0x000000007B7EB000 000050 (v01 HP     ProLiant 00000001 HP   00000001)
Jun 12 10:37:49.521649 localhost kernel: ACPI: MSCT 0x000000007B7EA000 000064 (v01 HP     ProLiant 00000001 HP   00000001)
Jun 12 10:37:49.521661 localhost kernel: ACPI: BDAT 0x000000007B7E9000 000030 (v01 HP     ProLiant 00000001 HP   00000001)
Jun 12 10:37:49.521673 localhost kernel: ACPI: PCCT 0x000000007B7FD000 00006E (v01 HP     ProLiant 00000001 HP   00000001)
Jun 12 10:37:49.521685 localhost kernel: ACPI: DMAR 0x000000007B7E7000 000276 (v01 HP     ProLiant 00000001 HP   00000001)
Jun 12 10:37:49.521697 localhost kernel: ACPI: SSDT 0x000000007B7D9000 006726 (v02 HP     PCISSDT  00000002 HPAG 00020000)
Jun 12 10:37:49.521712 localhost kernel: ACPI: SSDT 0x000000007B7D8000 0001CB (v02 HP     TIMESSDT 00000002 HPAG 00020000)
Jun 12 10:37:49.521724 localhost kernel: ACPI: SSDT 0x000000007B7D7000 0002F2 (v01 HP     pmab     00000001 INTL 20130328)
Jun 12 10:37:49.521736 localhost kernel: ACPI: Reserving FACP table memory at [mem 0x7b7f5000-0x7b7f510b]
Jun 12 10:37:49.521748 localhost kernel: ACPI: Reserving DSDT table memory at [mem 0x7b7e0000-0x7b7e646b]
Jun 12 10:37:49.521787 localhost kernel: ACPI: Reserving FACS table memory at [mem 0x7b561000-0x7b56103f]
Jun 12 10:37:49.521799 localhost kernel: ACPI: Reserving UEFI table memory at [mem 0x7b599000-0x7b599041]
Jun 12 10:37:49.521824 localhost kernel: ACPI: Reserving MCEJ table memory at [mem 0x7b7fc000-0x7b7fc12f]
Jun 12 10:37:49.521836 localhost kernel: ACPI: Reserving SSDT table memory at [mem 0x7b7fb000-0x7b7fb063]
Jun 12 10:37:49.521848 localhost kernel: ACPI: Reserving HEST table memory at [mem 0x7b7fa000-0x7b7fa0a7]
Jun 12 10:37:49.521862 localhost kernel: ACPI: Reserving BERT table memory at [mem 0x7b7f9000-0x7b7f902f]
Jun 12 10:37:49.521874 localhost kernel: ACPI: Reserving ERST table memory at [mem 0x7b7f8000-0x7b7f822f]
Jun 12 10:37:49.521886 localhost kernel: ACPI: Reserving EINJ table memory at [mem 0x7b7f7000-0x7b7f714f]
Jun 12 10:37:49.521898 localhost kernel: ACPI: Reserving BGRT table memory at [mem 0x7b7f6000-0x7b7f6037]
Jun 12 10:37:49.521910 localhost kernel: ACPI: Reserving HPET table memory at [mem 0x7b7f4000-0x7b7f4037]
Jun 12 10:37:49.521921 localhost kernel: ACPI: Reserving PMCT table memory at [mem 0x7b7f3000-0x7b7f3063]
Jun 12 10:37:49.521933 localhost kernel: ACPI: Reserving WDDT table memory at [mem 0x7b7f2000-0x7b7f203f]
Jun 12 10:37:49.521945 localhost kernel: ACPI: Reserving APIC table memory at [mem 0x7b7f1000-0x7b7f1309]
Jun 12 10:37:49.521966 localhost kernel: ACPI: Reserving MCFG table memory at [mem 0x7b7f0000-0x7b7f003b]
Jun 12 10:37:49.522010 localhost kernel: ACPI: Reserving SLIT table memory at [mem 0x7b7ef000-0x7b7ef02f]
Jun 12 10:37:49.522022 localhost kernel: ACPI: Reserving SRAT table memory at [mem 0x7b7ee000-0x7b7ee2bf]
Jun 12 10:37:49.522042 localhost kernel: ACPI: Reserving SPMI table memory at [mem 0x7b7ed000-0x7b7ed040]
Jun 12 10:37:49.522054 localhost kernel: ACPI: Reserving RASF table memory at [mem 0x7b7ec000-0x7b7ec02f]
Jun 12 10:37:49.522065 localhost kernel: ACPI: Reserving SPCR table memory at [mem 0x7b7eb000-0x7b7eb04f]
Jun 12 10:37:49.522077 localhost kernel: ACPI: Reserving MSCT table memory at [mem 0x7b7ea000-0x7b7ea063]
Jun 12 10:37:49.522089 localhost kernel: ACPI: Reserving BDAT table memory at [mem 0x7b7e9000-0x7b7e902f]
Jun 12 10:37:49.522101 localhost kernel: ACPI: Reserving PCCT table memory at [mem 0x7b7fd000-0x7b7fd06d]
Jun 12 10:37:49.522112 localhost kernel: ACPI: Reserving DMAR table memory at [mem 0x7b7e7000-0x7b7e7275]
Jun 12 10:37:49.522127 localhost kernel: ACPI: Reserving SSDT table memory at [mem 0x7b7d9000-0x7b7df725]
Jun 12 10:37:49.522139 localhost kernel: ACPI: Reserving SSDT table memory at [mem 0x7b7d8000-0x7b7d81ca]
Jun 12 10:37:49.522150 localhost kernel: ACPI: Reserving SSDT table memory at [mem 0x7b7d7000-0x7b7d72f1]
Jun 12 10:37:49.522181 localhost kernel: ACPI: SRAT: Node 0 PXM 0 [mem 0x00000000-0x107fffffff]
Jun 12 10:37:49.522193 localhost kernel: ACPI: SRAT: Node 1 PXM 1 [mem 0x1080000000-0x207fffffff]
Jun 12 10:37:49.522205 localhost kernel: NUMA: Initialized distance table, cnt=2
Jun 12 10:37:49.522216 localhost kernel: NODE_DATA(0) allocated [mem 0x107ffd5280-0x107fffffff]
Jun 12 10:37:49.522231 localhost kernel: NODE_DATA(1) allocated [mem 0x207ffd4280-0x207fffefff]
Jun 12 10:37:49.522259 localhost kernel: Zone ranges:
Jun 12 10:37:49.522270 localhost kernel:   DMA      [mem 0x0000000000001000-0x0000000000ffffff]
Jun 12 10:37:49.522282 localhost kernel:   DMA32    [mem 0x0000000001000000-0x00000000ffffffff]
Jun 12 10:37:49.522294 localhost kernel:   Normal   [mem 0x0000000100000000-0x000000207fffffff]
Jun 12 10:37:49.522305 localhost kernel:   Device   empty
Jun 12 10:37:49.522317 localhost kernel: Movable zone start for each node
Jun 12 10:37:49.522349 localhost kernel: Early memory node ranges
Jun 12 10:37:49.522361 localhost kernel:   node   0: [mem 0x0000000000001000-0x000000000009ffff]
Jun 12 10:37:49.522376 localhost kernel:   node   0: [mem 0x0000000000100000-0x000000005a6a0fff]
Jun 12 10:37:49.522388 localhost kernel:   node   0: [mem 0x000000005b4a1000-0x00000000784fefff]
Jun 12 10:37:49.522399 localhost kernel:   node   0: [mem 0x000000007b7ff000-0x000000007b7fffff]
Jun 12 10:37:49.522411 localhost kernel:   node   0: [mem 0x0000000100000000-0x000000107fffffff]
Jun 12 10:37:49.522435 localhost kernel:   node   1: [mem 0x0000001080000000-0x000000207fffffff]
Jun 12 10:37:49.522447 localhost kernel: Initmem setup node 0 [mem 0x0000000000001000-0x000000107fffffff]
Jun 12 10:37:49.522458 localhost kernel: Initmem setup node 1 [mem 0x0000001080000000-0x000000207fffffff]
Jun 12 10:37:49.522470 localhost kernel: On node 0, zone DMA: 1 pages in unavailable ranges
Jun 12 10:37:49.522482 localhost kernel: On node 0, zone DMA: 96 pages in unavailable ranges
Jun 12 10:37:49.522496 localhost kernel: On node 0, zone DMA32: 3584 pages in unavailable ranges
Jun 12 10:37:49.522508 localhost kernel: On node 0, zone DMA32: 13056 pages in unavailable ranges
Jun 12 10:37:49.522520 localhost kernel: On node 0, zone Normal: 18432 pages in unavailable ranges
Jun 12 10:37:49.522531 localhost kernel: ACPI: PM-Timer IO Port: 0x408
Jun 12 10:37:49.522543 localhost kernel: ACPI: X2APIC_NMI (uid[0x00] high level lint[0x1])
Jun 12 10:37:49.522555 localhost kernel: ACPI: X2APIC_NMI (uid[0x02] high level lint[0x1])
Jun 12 10:37:49.522566 localhost kernel: ACPI: X2APIC_NMI (uid[0x04] high level lint[0x1])
Jun 12 10:37:49.522578 localhost kernel: ACPI: X2APIC_NMI (uid[0x06] high level lint[0x1])
Jun 12 10:37:49.522591 localhost kernel: ACPI: X2APIC_NMI (uid[0x08] high level lint[0x1])
Jun 12 10:37:49.522606 localhost kernel: ACPI: X2APIC_NMI (uid[0x0a] high level lint[0x1])
Jun 12 10:37:49.522618 localhost kernel: ACPI: X2APIC_NMI (uid[0x10] high level lint[0x1])
Jun 12 10:37:49.522629 localhost kernel: ACPI: X2APIC_NMI (uid[0x12] high level lint[0x1])
Jun 12 10:37:49.522644 localhost kernel: ACPI: X2APIC_NMI (uid[0x14] high level lint[0x1])
Jun 12 10:37:49.522655 localhost kernel: ACPI: X2APIC_NMI (uid[0x16] high level lint[0x1])
Jun 12 10:37:49.522667 localhost kernel: ACPI: X2APIC_NMI (uid[0x18] high level lint[0x1])
Jun 12 10:37:49.522679 localhost kernel: ACPI: X2APIC_NMI (uid[0x1a] high level lint[0x1])
Jun 12 10:37:49.522696 localhost kernel: ACPI: X2APIC_NMI (uid[0x20] high level lint[0x1])
Jun 12 10:37:49.522710 localhost kernel: ACPI: X2APIC_NMI (uid[0x22] high level lint[0x1])
Jun 12 10:37:49.522722 localhost kernel: ACPI: X2APIC_NMI (uid[0x24] high level lint[0x1])
Jun 12 10:37:49.522734 localhost kernel: ACPI: X2APIC_NMI (uid[0x26] high level lint[0x1])
Jun 12 10:37:49.522745 localhost kernel: ACPI: X2APIC_NMI (uid[0x28] high level lint[0x1])
Jun 12 10:37:49.522757 localhost kernel: ACPI: X2APIC_NMI (uid[0x2a] high level lint[0x1])
Jun 12 10:37:49.522768 localhost kernel: ACPI: X2APIC_NMI (uid[0x30] high level lint[0x1])
Jun 12 10:37:49.522780 localhost kernel: ACPI: X2APIC_NMI (uid[0x32] high level lint[0x1])
Jun 12 10:37:49.522792 localhost kernel: ACPI: X2APIC_NMI (uid[0x34] high level lint[0x1])
Jun 12 10:37:49.522803 localhost kernel: ACPI: X2APIC_NMI (uid[0x36] high level lint[0x1])
Jun 12 10:37:49.522839 localhost kernel: ACPI: X2APIC_NMI (uid[0x38] high level lint[0x1])
Jun 12 10:37:49.522851 localhost kernel: ACPI: X2APIC_NMI (uid[0x3a] high level lint[0x1])
Jun 12 10:37:49.522862 localhost kernel: ACPI: LAPIC_NMI (acpi_id[0xff] high level lint[0x1])
Jun 12 10:37:49.522874 localhost kernel: IOAPIC[0]: apic_id 8, version 32, address 0xfec00000, GSI 0-23
Jun 12 10:37:49.522886 localhost kernel: IOAPIC[1]: apic_id 9, version 32, address 0xfec01000, GSI 24-47
Jun 12 10:37:49.522897 localhost kernel: IOAPIC[2]: apic_id 10, version 32, address 0xfec40000, GSI 48-71
Jun 12 10:37:49.522909 localhost kernel: ACPI: INT_SRC_OVR (bus 0 bus_irq 0 global_irq 2 dfl dfl)
Jun 12 10:37:49.522921 localhost kernel: ACPI: INT_SRC_OVR (bus 0 bus_irq 9 global_irq 9 high level)
Jun 12 10:37:49.522933 localhost kernel: ACPI: Using ACPI (MADT) for SMP configuration information
Jun 12 10:37:49.522971 localhost kernel: ACPI: HPET id: 0x8086a701 base: 0xfed00000
Jun 12 10:37:49.522982 localhost kernel: e820: update [mem 0x70a3a000-0x70a6afff] usable ==> reserved
Jun 12 10:37:49.522995 localhost kernel: ACPI: SPCR: SPCR table version 1
Jun 12 10:37:49.523006 localhost kernel: ACPI: SPCR: console: uart,mmio,0x0,115200
Jun 12 10:37:49.523018 localhost kernel: TSC deadline timer available
Jun 12 10:37:49.523030 localhost kernel: CPU topo: Max. logical packages:   2
Jun 12 10:37:49.523059 localhost kernel: CPU topo: Max. logical dies:       2
Jun 12 10:37:49.523070 localhost kernel: CPU topo: Max. dies per package:   1
Jun 12 10:37:49.523082 localhost kernel: CPU topo: Max. threads per core:   1
Jun 12 10:37:49.523096 localhost kernel: CPU topo: Num. cores per package:    12
Jun 12 10:37:49.523108 localhost kernel: CPU topo: Num. threads per package:  12
Jun 12 10:37:49.523120 localhost kernel: CPU topo: Allowing 24 present CPUs plus 0 hotplug CPUs
Jun 12 10:37:49.523139 localhost kernel: PM: hibernation: Registered nosave memory: [mem 0x00000000-0x00000fff]
Jun 12 10:37:49.523151 localhost kernel: PM: hibernation: Registered nosave memory: [mem 0x000a0000-0x000fffff]
Jun 12 10:37:49.523163 localhost kernel: PM: hibernation: Registered nosave memory: [mem 0x5a6a1000-0x5b4a0fff]
Jun 12 10:37:49.523174 localhost kernel: PM: hibernation: Registered nosave memory: [mem 0x70a3a000-0x70a6afff]
Jun 12 10:37:49.523186 localhost kernel: PM: hibernation: Registered nosave memory: [mem 0x784ff000-0x7b7fefff]
Jun 12 10:37:49.523198 localhost kernel: PM: hibernation: Registered nosave memory: [mem 0x7b800000-0xffffffff]
Jun 12 10:37:49.523213 localhost kernel: [mem 0x7b800000-0xffffffff] available for PCI devices
Jun 12 10:37:49.523225 localhost kernel: Booting paravirtualized kernel on bare hardware
Jun 12 10:37:49.523238 localhost kernel: clocksource: refined-jiffies: mask: 0xffffffff max_cycles: 0xffffffff, max_idle_ns: 1910969940391419 ns
Jun 12 10:37:49.523250 localhost kernel: setup_percpu: NR_CPUS:8192 nr_cpumask_bits:24 nr_cpu_ids:24 nr_node_ids:2
Jun 12 10:37:49.523281 localhost kernel: percpu: Embedded 93 pages/cpu s258048 r8192 d114688 u524288
Jun 12 10:37:49.523292 localhost kernel: pcpu-alloc: s258048 r8192 d114688 u524288 alloc=1*2097152
Jun 12 10:37:49.523319 localhost kernel: pcpu-alloc: [0] 00 01 02 03 [0] 04 05 12 13 
Jun 12 10:37:49.523332 localhost kernel: pcpu-alloc: [0] 14 15 16 17 [1] 06 07 08 09 
Jun 12 10:37:49.523343 localhost kernel: pcpu-alloc: [1] 10 11 18 19 [1] 20 21 22 23 
Jun 12 10:37:49.523376 localhost kernel: Kernel command line: BOOT_IMAGE=(loop0)/boot/vmlinuz console=tty1 root=LABEL=COS_STATE cos-img/filename=/cOS/active.img panic=0 net.ifnames=1 rd.cos.oemlabel=COS_OEM rd.cos.mount=LABEL=COS_OEM:/oem rd.cos.mount=LABEL=COS_PERSISTENT:/usr/local rd.cos.oemtimeout=120 audit=1 audit_backlog_limit=8192 intel_iommu=on amd_iommu=on iommu=pt multipath=off ifname=netboot:5c:b9:01:88:d0:44
Jun 12 10:37:49.523388 localhost kernel: audit: enabled (after initialization)
Jun 12 10:37:49.523400 localhost kernel: audit: audit_backlog_limit: 8192
Jun 12 10:37:49.523412 localhost kernel: DMAR: IOMMU enabled
Jun 12 10:37:49.523423 localhost kernel: AMD-Vi: Unknown option - 'on'
Jun 12 10:37:49.523436 localhost kernel: Unknown kernel command line parameters "BOOT_IMAGE=(loop0)/boot/vmlinuz cos-img/filename=/cOS/active.img multipath=off ifname=netboot:5c:b9:01:88:d0:44", will be passed to user space.
Jun 12 10:37:49.523448 localhost kernel: printk: log_buf_len individual max cpu contribution: 32768 bytes
Jun 12 10:37:49.523460 localhost kernel: printk: log_buf_len total cpu_extra contributions: 753664 bytes
Jun 12 10:37:49.523475 localhost kernel: printk: log_buf_len min size: 262144 bytes
Jun 12 10:37:49.523487 localhost kernel: printk: log_buf_len: 1048576 bytes
Jun 12 10:37:49.523499 localhost kernel: printk: early log buf free: 245560(93%)
Jun 12 10:37:49.523510 localhost kernel: Fallback order for Node 0: 0 1 
Jun 12 10:37:49.523522 localhost kernel: Fallback order for Node 1: 1 0 
Jun 12 10:37:49.523534 localhost kernel: Built 2 zonelists, mobility grouping on.  Total pages: 33519263
Jun 12 10:37:49.523545 localhost kernel: Policy zone: Normal
Jun 12 10:37:49.523557 localhost kernel: mem auto-init: stack:off, heap alloc:off, heap free:off
Jun 12 10:37:49.523568 localhost kernel: software IO TLB: area num 32.
Jun 12 10:37:49.523583 localhost kernel: SLUB: HWalign=64, Order=0-3, MinObjects=0, CPUs=24, Nodes=2
Jun 12 10:37:49.523595 localhost kernel: Kernel/User page tables isolation: enabled
Jun 12 10:37:49.523607 localhost kernel: ftrace: allocating 48577 entries in 190 pages
Jun 12 10:37:49.523618 localhost kernel: ftrace: allocated 190 pages with 6 groups
Jun 12 10:37:49.523647 localhost kernel: Dynamic Preempt: voluntary
Jun 12 10:37:49.523659 localhost kernel: rcu: Preemptible hierarchical RCU implementation.
Jun 12 10:37:49.523672 localhost kernel: rcu:         RCU event tracing is enabled.
Jun 12 10:37:49.523684 localhost kernel: rcu:         RCU restricting CPUs from NR_CPUS=8192 to nr_cpu_ids=24.
Jun 12 10:37:49.523696 localhost kernel:         Trampoline variant of Tasks RCU enabled.
Jun 12 10:37:49.523711 localhost kernel:         Rude variant of Tasks RCU enabled.
Jun 12 10:37:49.523723 localhost kernel:         Tracing variant of Tasks RCU enabled.
Jun 12 10:37:49.523734 localhost kernel: rcu: RCU calculated value of scheduler-enlistment delay is 100 jiffies.
Jun 12 10:37:49.523746 localhost kernel: rcu: Adjusting geometry for rcu_fanout_leaf=16, nr_cpu_ids=24
Jun 12 10:37:49.523758 localhost kernel: RCU Tasks: Setting shift to 5 and lim to 1 rcu_task_cb_adjust=1 rcu_task_cpu_ids=24.
Jun 12 10:37:49.523791 localhost kernel: RCU Tasks Rude: Setting shift to 5 and lim to 1 rcu_task_cb_adjust=1 rcu_task_cpu_ids=24.
Jun 12 10:37:49.523803 localhost kernel: RCU Tasks Trace: Setting shift to 5 and lim to 1 rcu_task_cb_adjust=1 rcu_task_cpu_ids=24.
Jun 12 10:37:49.523815 localhost kernel: NR_IRQS: 524544, nr_irqs: 1432, preallocated irqs: 16
Jun 12 10:37:49.523830 localhost kernel: rcu: srcu_init: Setting srcu_struct sizes based on contention.
Jun 12 10:37:49.523842 localhost kernel: Console: colour dummy device 80x25
Jun 12 10:37:49.523853 localhost kernel: printk: legacy console [tty1] enabled
Jun 12 10:37:49.523866 localhost kernel: mempolicy: Enabling automatic NUMA balancing. Configure with numa_balancing= or the kernel.numa_balancing sysctl
Jun 12 10:37:49.523877 localhost kernel: ACPI: Core revision 20240827
Jun 12 10:37:49.523889 localhost kernel: clocksource: hpet: mask: 0xffffffff max_cycles: 0xffffffff, max_idle_ns: 133484882848 ns
Jun 12 10:37:49.523901 localhost kernel: APIC: Switch to symmetric I/O mode setup
Jun 12 10:37:49.523913 localhost kernel: DMAR: Host address width 46
Jun 12 10:37:49.523924 localhost kernel: DMAR: DRHD base: 0x000000fbffc000 flags: 0x0
Jun 12 10:37:49.523939 localhost kernel: DMAR: dmar0: reg_base_addr fbffc000 ver 1:0 cap d2078c106f0466 ecap f020df
Jun 12 10:37:49.523951 localhost kernel: DMAR: DRHD base: 0x000000c7ffc000 flags: 0x1
Jun 12 10:37:49.523963 localhost kernel: DMAR: dmar1: reg_base_addr c7ffc000 ver 1:0 cap d2078c106f0466 ecap f020df
Jun 12 10:37:49.523975 localhost kernel: DMAR: RMRR base: 0x00000079170000 end: 0x00000079172fff
Jun 12 10:37:49.523986 localhost kernel: DMAR: RMRR base: 0x000000791f4000 end: 0x000000791f7fff
Jun 12 10:37:49.523998 localhost kernel: DMAR: RMRR base: 0x000000791de000 end: 0x000000791f3fff
Jun 12 10:37:49.524010 localhost kernel: DMAR: RMRR base: 0x000000791cb000 end: 0x000000791dbfff
Jun 12 10:37:49.524021 localhost kernel: DMAR: RMRR base: 0x000000791dc000 end: 0x000000791ddfff
Jun 12 10:37:49.524033 localhost kernel: DMAR-IR: IOAPIC id 10 under DRHD base  0xfbffc000 IOMMU 0
Jun 12 10:37:49.524048 localhost kernel: DMAR-IR: IOAPIC id 8 under DRHD base  0xc7ffc000 IOMMU 1
Jun 12 10:37:49.524059 localhost kernel: DMAR-IR: IOAPIC id 9 under DRHD base  0xc7ffc000 IOMMU 1
Jun 12 10:37:49.524071 localhost kernel: DMAR-IR: HPET id 0 under DRHD base 0xc7ffc000
Jun 12 10:37:49.524083 localhost kernel: DMAR-IR: Queued invalidation will be enabled to support x2apic and Intr-remapping.
Jun 12 10:37:49.524095 localhost kernel: DMAR-IR: Enabled IRQ remapping in x2apic mode
Jun 12 10:37:49.524106 localhost kernel: x2apic enabled
Jun 12 10:37:49.524118 localhost kernel: APIC: Switched APIC routing to: cluster x2apic
Jun 12 10:37:49.524130 localhost kernel: ..TIMER: vector=0x30 apic1=0 pin1=2 apic2=-1 pin2=-1
Jun 12 10:37:49.524145 localhost kernel: clocksource: tsc-early: mask: 0xffffffffffffffff max_cycles: 0x19ea652b554, max_idle_ns: 440795267155 ns
Jun 12 10:37:49.524157 localhost kernel: Calibrating delay loop (skipped), value calculated using timer frequency.. 3595.79 BogoMIPS (lpj=1797895)
Jun 12 10:37:49.524169 localhost kernel: CPU0: Thermal monitoring enabled (TM1)
Jun 12 10:37:49.524188 localhost kernel: Last level iTLB entries: 4KB 1024, 2MB 1024, 4MB 1024
Jun 12 10:37:49.524200 localhost kernel: Last level dTLB entries: 4KB 1024, 2MB 1024, 4MB 1024, 1GB 4
Jun 12 10:37:49.524212 localhost kernel: process: using mwait in idle threads
Jun 12 10:37:49.524223 localhost kernel: mitigations: Enabled attack vectors: user_kernel, user_user, guest_host, guest_guest, SMT mitigations: auto
Jun 12 10:37:49.524235 localhost kernel: Speculative Store Bypass: Mitigation: Speculative Store Bypass disabled via prctl
Jun 12 10:37:49.524247 localhost kernel: Spectre V2 : Mitigation: Retpolines
Jun 12 10:37:49.524272 localhost kernel: MDS: Mitigation: Clear CPU buffers
Jun 12 10:37:49.524284 localhost kernel: MMIO Stale Data: Mitigation: Clear CPU buffers
Jun 12 10:37:49.524296 localhost kernel: VMSCAPE: Mitigation: IBPB before exit to userspace
Jun 12 10:37:49.524308 localhost kernel: Spectre V1 : Mitigation: usercopy/swapgs barriers and __user pointer sanitization
Jun 12 10:37:49.524319 localhost kernel: Spectre V2 : Spectre v2 / SpectreRSB: Filling RSB on context switch and VMEXIT
Jun 12 10:37:49.524331 localhost kernel: Spectre V2 : Enabling Restricted Speculation for firmware calls
Jun 12 10:37:49.524361 localhost kernel: Spectre V2 : mitigation: Enabling conditional Indirect Branch Prediction Barrier
Jun 12 10:37:49.524373 localhost kernel: x86/fpu: Supporting XSAVE feature 0x001: 'x87 floating point registers'
Jun 12 10:37:49.524403 localhost kernel: x86/fpu: Supporting XSAVE feature 0x002: 'SSE registers'
Jun 12 10:37:49.524415 localhost kernel: x86/fpu: Supporting XSAVE feature 0x004: 'AVX registers'
Jun 12 10:37:49.524426 localhost kernel: x86/fpu: xstate_offset[2]:  576, xstate_sizes[2]:  256
Jun 12 10:37:49.524446 localhost kernel: x86/fpu: Enabled xstate features 0x7, context size is 832 bytes, using 'standard' format.
Jun 12 10:37:49.524458 localhost kernel: Freeing SMP alternatives memory: 40K
Jun 12 10:37:49.524469 localhost kernel: pid_max: default: 32768 minimum: 301
Jun 12 10:37:49.524481 localhost kernel: LSM: initializing lsm=lockdown,capability,landlock,yama,selinux,bpf,ima,evm
Jun 12 10:37:49.524493 localhost kernel: landlock: Up and running.
Jun 12 10:37:49.524504 localhost kernel: Yama: becoming mindful.
Jun 12 10:37:49.524519 localhost kernel: SELinux:  Initializing.
Jun 12 10:37:49.524531 localhost kernel: LSM support for eBPF active
Jun 12 10:37:49.524542 localhost kernel: Dentry cache hash table entries: 8388608 (order: 14, 67108864 bytes, vmalloc hugepage)
Jun 12 10:37:49.524555 localhost kernel: Inode-cache hash table entries: 4194304 (order: 13, 33554432 bytes, vmalloc hugepage)
Jun 12 10:37:49.524566 localhost kernel: Mount-cache hash table entries: 131072 (order: 8, 1048576 bytes, vmalloc)
Jun 12 10:37:49.524578 localhost kernel: Mountpoint-cache hash table entries: 131072 (order: 8, 1048576 bytes, vmalloc)
Jun 12 10:37:49.524590 localhost kernel: smpboot: CPU0: Intel(R) Xeon(R) CPU E5-2650L v3 @ 1.80GHz (family: 0x6, model: 0x3f, stepping: 0x2)
Jun 12 10:37:49.524603 localhost kernel: Performance Events: PEBS fmt2+, Haswell events, 16-deep LBR, full-width counters, Broken BIOS detected, complain to your hardware vendor.
Jun 12 10:37:49.524618 localhost kernel: [Firmware Bug]: the BIOS has corrupted hw-PMU resources (MSR 38d is 330)
Jun 12 10:37:49.524630 localhost kernel: Intel PMU driver.
Jun 12 10:37:49.524646 localhost kernel: ... version:                3
Jun 12 10:37:49.524657 localhost kernel: ... bit width:              48
Jun 12 10:37:49.524669 localhost kernel: ... generic registers:      8
Jun 12 10:37:49.524681 localhost kernel: ... value mask:             0000ffffffffffff
Jun 12 10:37:49.524692 localhost kernel: ... max period:             00007fffffffffff
Jun 12 10:37:49.524704 localhost kernel: ... fixed-purpose events:   3
Jun 12 10:37:49.524716 localhost kernel: ... event mask:             00000007000000ff
Jun 12 10:37:49.524730 localhost kernel: signal: max sigframe size: 1776
Jun 12 10:37:49.524755 localhost kernel: Estimated ratio of average max frequency by base frequency (times 1024): 1024
Jun 12 10:37:49.524767 localhost kernel: rcu: Hierarchical SRCU implementation.
Jun 12 10:37:49.524779 localhost kernel: rcu:         Max phase no-delay instances is 400.
Jun 12 10:37:49.524790 localhost kernel: Timer migration: 3 hierarchy levels; 8 children per group; 2 crossnode level
Jun 12 10:37:49.524801 localhost kernel: NMI watchdog: Enabled. Permanently consumes one hw-PMU counter.
Jun 12 10:37:49.524813 localhost kernel: smp: Bringing up secondary CPUs ...
Jun 12 10:37:49.524836 localhost kernel: smpboot: x86: Booting SMP configuration:
Jun 12 10:37:49.524848 localhost kernel: .... node  #0, CPUs:        #1  #2  #3  #4  #5
Jun 12 10:37:49.524862 localhost kernel: .... node  #1, CPUs:    #6  #7  #8  #9 #10 #11
Jun 12 10:37:49.524874 localhost kernel: .... node  #0, CPUs:   #12 #13 #14 #15 #16 #17
Jun 12 10:37:49.524886 localhost kernel: .... node  #1, CPUs:   #18 #19 #20 #21 #22 #23
Jun 12 10:37:49.524897 localhost kernel: smp: Brought up 2 nodes, 24 CPUs
Jun 12 10:37:49.524909 localhost kernel: smpboot: Total of 24 processors activated (86298.96 BogoMIPS)
Jun 12 10:37:49.524920 localhost kernel: node 0 deferred pages initialised in 48ms
Jun 12 10:37:49.524932 localhost kernel: node 1 deferred pages initialised in 51ms
Jun 12 10:37:49.524944 localhost kernel: Memory: 131615296K/134077052K available (16384K kernel code, 3074K rwdata, 13756K rodata, 4180K init, 6220K bss, 2335528K reserved, 0K cma-reserved)
Jun 12 10:37:49.524956 localhost kernel: devtmpfs: initialized
Jun 12 10:37:49.524971 localhost kernel: x86/mm: Memory block size: 2048MB
Jun 12 10:37:49.524982 localhost kernel: ACPI: PM: Registering ACPI NVS region [mem 0x791ff000-0x7b5fefff] (37748736 bytes)
Jun 12 10:37:49.524994 localhost kernel: clocksource: jiffies: mask: 0xffffffff max_cycles: 0xffffffff, max_idle_ns: 1911260446275000 ns
Jun 12 10:37:49.525006 localhost kernel: futex hash table entries: 8192 (order: 7, 524288 bytes, vmalloc)
Jun 12 10:37:49.525018 localhost kernel: pinctrl core: initialized pinctrl subsystem
Jun 12 10:37:49.525034 localhost kernel: NET: Registered PF_NETLINK/PF_ROUTE protocol family
Jun 12 10:37:49.525045 localhost kernel: DMA: preallocated 4096 KiB GFP_KERNEL pool for atomic allocations
Jun 12 10:37:49.525060 localhost kernel: DMA: preallocated 4096 KiB GFP_KERNEL|GFP_DMA pool for atomic allocations
Jun 12 10:37:49.525076 localhost kernel: DMA: preallocated 4096 KiB GFP_KERNEL|GFP_DMA32 pool for atomic allocations
Jun 12 10:37:49.525105 localhost kernel: audit: initializing netlink subsys (enabled)
Jun 12 10:37:49.525117 localhost kernel: audit: type=2000 audit(1781260660.158:1): state=initialized audit_enabled=1 res=1
Jun 12 10:37:49.525145 localhost kernel: thermal_sys: Registered thermal governor 'fair_share'
Jun 12 10:37:49.525157 localhost kernel: thermal_sys: Registered thermal governor 'bang_bang'
Jun 12 10:37:49.525169 localhost kernel: thermal_sys: Registered thermal governor 'step_wise'
Jun 12 10:37:49.525181 localhost kernel: thermal_sys: Registered thermal governor 'user_space'
Jun 12 10:37:49.525193 localhost kernel: cpuidle: using governor ladder
Jun 12 10:37:49.525222 localhost kernel: cpuidle: using governor menu
Jun 12 10:37:49.525236 localhost kernel: Detected 1 PCC Subspaces
Jun 12 10:37:49.525250 localhost kernel: Registering PCC driver as Mailbox controller
Jun 12 10:37:49.525262 localhost kernel: ACPI FADT declares the system doesn't support PCIe ASPM, so disable it
Jun 12 10:37:49.525280 localhost kernel: acpiphp: ACPI Hot Plug PCI Controller Driver version: 0.5
Jun 12 10:37:49.525295 localhost kernel: PCI: ECAM [mem 0x80000000-0x8fffffff] (base 0x80000000) for domain 0000 [bus 00-ff]
Jun 12 10:37:49.525308 localhost kernel: PCI: Using configuration type 1 for base access
Jun 12 10:37:49.525323 localhost kernel: PCI: HP ProLiant DL360 detected, enabling pci=bfsort.
Jun 12 10:37:49.525335 localhost kernel: core: PMU erratum BJ122, BV98, HSD29 workaround disabled, HT off
Jun 12 10:37:49.525347 localhost kernel: kprobes: kprobe jump-optimization is enabled. All kprobes are optimized if possible.
Jun 12 10:37:49.525359 localhost kernel: HugeTLB: registered 1.00 GiB page size, pre-allocated 0 pages
Jun 12 10:37:49.525370 localhost kernel: HugeTLB: 16380 KiB vmemmap can be freed for a 1.00 GiB page
Jun 12 10:37:49.525381 localhost kernel: HugeTLB: registered 2.00 MiB page size, pre-allocated 0 pages
Jun 12 10:37:49.525393 localhost kernel: HugeTLB: 28 KiB vmemmap can be freed for a 2.00 MiB page
Jun 12 10:37:49.525405 localhost kernel: fbcon: Taking over console
Jun 12 10:37:49.525416 localhost kernel: ACPI: Added _OSI(Module Device)
Jun 12 10:37:49.525431 localhost kernel: ACPI: Added _OSI(Processor Device)
Jun 12 10:37:49.525442 localhost kernel: ACPI: Added _OSI(Processor Aggregator Device)
Jun 12 10:37:49.525454 localhost kernel: ACPI: 5 ACPI AML tables successfully acquired and loaded
Jun 12 10:37:49.525466 localhost kernel: ACPI: Interpreter enabled
Jun 12 10:37:49.525477 localhost kernel: ACPI: PM: (supports S0 S5)
Jun 12 10:37:49.525489 localhost kernel: ACPI: Using IOAPIC for interrupt routing
Jun 12 10:37:49.525501 localhost kernel: HEST: Table parsing has been initialized.
Jun 12 10:37:49.525512 localhost kernel: GHES: APEI firmware first mode is enabled by APEI bit and WHEA _OSC.
Jun 12 10:37:49.525524 localhost kernel: PCI: Using host bridge windows from ACPI; if necessary, use "pci=nocrs" and report a bug
Jun 12 10:37:49.525539 localhost kernel: PCI: Using E820 reservations for host bridge windows
Jun 12 10:37:49.525551 localhost kernel: ACPI: Enabled 10 GPEs in block 00 to 3F
Jun 12 10:37:49.525563 localhost kernel: ACPI: PCI Root Bridge [UNC0] (domain 0000 [bus 7f])
Jun 12 10:37:49.526010 localhost kernel: acpi PNP0A03:00: _OSC: OS supports [ExtendedConfig ASPM ClockPM Segments MSI EDR HPX-Type3]
Jun 12 10:37:49.526034 localhost kernel: PCI host bridge to bus 0000:7f
Jun 12 10:37:49.526300 localhost kernel: pci_bus 0000:7f: Unknown NUMA node; performance will be reduced
Jun 12 10:37:49.526582 localhost kernel: pci_bus 0000:7f: root bus resource [bus 7f]
Jun 12 10:37:49.526914 localhost kernel: pci 0000:7f:08.0: [8086:2f80] type 00 class 0x088000 conventional PCI endpoint
Jun 12 10:37:49.527183 localhost kernel: pci 0000:7f:08.2: [8086:2f32] type 00 class 0x110100 conventional PCI endpoint
Jun 12 10:37:49.527511 localhost kernel: pci 0000:7f:08.3: [8086:2f83] type 00 class 0x088000 conventional PCI endpoint
Jun 12 10:37:49.527772 localhost kernel: pci 0000:7f:08.6: [8086:2f86] type 00 class 0x088000 conventional PCI endpoint
Jun 12 10:37:49.528015 localhost kernel: pci 0000:7f:09.0: [8086:2f90] type 00 class 0x088000 conventional PCI endpoint
Jun 12 10:37:49.528281 localhost kernel: pci 0000:7f:09.2: [8086:2f33] type 00 class 0x110100 conventional PCI endpoint
Jun 12 10:37:49.528589 localhost kernel: pci 0000:7f:09.3: [8086:2f93] type 00 class 0x088000 conventional PCI endpoint
Jun 12 10:37:49.528882 localhost kernel: pci 0000:7f:09.6: [8086:2f96] type 00 class 0x088000 conventional PCI endpoint
Jun 12 10:37:49.529163 localhost kernel: pci 0000:7f:0b.0: [8086:2f81] type 00 class 0x088000 conventional PCI endpoint
Jun 12 10:37:49.529394 localhost kernel: pci 0000:7f:0b.1: [8086:2f36] type 00 class 0x110100 conventional PCI endpoint
Jun 12 10:37:49.529716 localhost kernel: pci 0000:7f:0b.2: [8086:2f37] type 00 class 0x110100 conventional PCI endpoint
Jun 12 10:37:49.529982 localhost kernel: pci 0000:7f:0b.5: [8086:2f3e] type 00 class 0x110100 conventional PCI endpoint
Jun 12 10:37:49.530236 localhost kernel: pci 0000:7f:0c.0: [8086:2fe0] type 00 class 0x088000 conventional PCI endpoint
Jun 12 10:37:49.530557 localhost kernel: pci 0000:7f:0c.1: [8086:2fe1] type 00 class 0x088000 conventional PCI endpoint
Jun 12 10:37:49.530904 localhost kernel: pci 0000:7f:0c.2: [8086:2fe2] type 00 class 0x088000 conventional PCI endpoint
Jun 12 10:37:49.531157 localhost kernel: pci 0000:7f:0c.3: [8086:2fe3] type 00 class 0x088000 conventional PCI endpoint
Jun 12 10:37:49.531411 localhost kernel: pci 0000:7f:0c.4: [8086:2fe4] type 00 class 0x088000 conventional PCI endpoint
Jun 12 10:37:49.531690 localhost kernel: pci 0000:7f:0c.5: [8086:2fe5] type 00 class 0x088000 conventional PCI endpoint
Jun 12 10:37:49.531972 localhost kernel: pci 0000:7f:0c.6: [8086:2fe6] type 00 class 0x088000 conventional PCI endpoint
Jun 12 10:37:49.532255 localhost kernel: pci 0000:7f:0c.7: [8086:2fe7] type 00 class 0x088000 conventional PCI endpoint
Jun 12 10:37:49.532545 localhost kernel: pci 0000:7f:0d.0: [8086:2fe8] type 00 class 0x088000 conventional PCI endpoint
Jun 12 10:37:49.532802 localhost kernel: pci 0000:7f:0d.1: [8086:2fe9] type 00 class 0x088000 conventional PCI endpoint
Jun 12 10:37:49.533118 localhost kernel: pci 0000:7f:0d.2: [8086:2fea] type 00 class 0x088000 conventional PCI endpoint
Jun 12 10:37:49.533400 localhost kernel: pci 0000:7f:0d.3: [8086:2feb] type 00 class 0x088000 conventional PCI endpoint
Jun 12 10:37:49.533687 localhost kernel: pci 0000:7f:0f.0: [8086:2ff8] type 00 class 0x088000 conventional PCI endpoint
Jun 12 10:37:49.533947 localhost kernel: pci 0000:7f:0f.1: [8086:2ff9] type 00 class 0x088000 conventional PCI endpoint
Jun 12 10:37:49.534222 localhost kernel: pci 0000:7f:0f.2: [8086:2ffa] type 00 class 0x088000 conventional PCI endpoint
Jun 12 10:37:49.534483 localhost kernel: pci 0000:7f:0f.3: [8086:2ffb] type 00 class 0x088000 conventional PCI endpoint
Jun 12 10:37:49.534832 localhost kernel: pci 0000:7f:0f.4: [8086:2ffc] type 00 class 0x088000 conventional PCI endpoint
Jun 12 10:37:49.535083 localhost kernel: pci 0000:7f:0f.5: [8086:2ffd] type 00 class 0x088000 conventional PCI endpoint
Jun 12 10:37:49.535381 localhost kernel: pci 0000:7f:0f.6: [8086:2ffe] type 00 class 0x088000 conventional PCI endpoint
Jun 12 10:37:49.535638 localhost kernel: pci 0000:7f:10.0: [8086:2f1d] type 00 class 0x088000 conventional PCI endpoint
Jun 12 10:37:49.535971 localhost kernel: pci 0000:7f:10.1: [8086:2f34] type 00 class 0x110100 conventional PCI endpoint
Jun 12 10:37:49.536271 localhost kernel: pci 0000:7f:10.5: [8086:2f1e] type 00 class 0x088000 conventional PCI endpoint
Jun 12 10:37:49.536510 localhost kernel: pci 0000:7f:10.6: [8086:2f7d] type 00 class 0x110100 conventional PCI endpoint
Jun 12 10:37:49.536817 localhost kernel: pci 0000:7f:10.7: [8086:2f1f] type 00 class 0x088000 conventional PCI endpoint
Jun 12 10:37:49.537133 localhost kernel: pci 0000:7f:12.0: [8086:2fa0] type 00 class 0x088000 conventional PCI endpoint
Jun 12 10:37:49.537428 localhost kernel: pci 0000:7f:12.1: [8086:2f30] type 00 class 0x110100 conventional PCI endpoint
Jun 12 10:37:49.537708 localhost kernel: pci 0000:7f:12.2: [8086:2f70] type 00 class 0x088000 conventional PCI endpoint
Jun 12 10:37:49.537976 localhost kernel: pci 0000:7f:12.4: [8086:2f60] type 00 class 0x088000 conventional PCI endpoint
Jun 12 10:37:49.538268 localhost kernel: pci 0000:7f:12.5: [8086:2f38] type 00 class 0x110100 conventional PCI endpoint
Jun 12 10:37:49.538565 localhost kernel: pci 0000:7f:12.6: [8086:2f78] type 00 class 0x088000 conventional PCI endpoint
Jun 12 10:37:49.538836 localhost kernel: pci 0000:7f:13.0: [8086:2fa8] type 00 class 0x088000 conventional PCI endpoint
Jun 12 10:37:49.539102 localhost kernel: pci 0000:7f:13.1: [8086:2f71] type 00 class 0x088000 conventional PCI endpoint
Jun 12 10:37:49.539474 localhost kernel: pci 0000:7f:13.2: [8086:2faa] type 00 class 0x088000 conventional PCI endpoint
Jun 12 10:37:49.539792 localhost kernel: pci 0000:7f:13.3: [8086:2fab] type 00 class 0x088000 conventional PCI endpoint
Jun 12 10:37:49.540129 localhost kernel: pci 0000:7f:13.6: [8086:2fae] type 00 class 0x088000 conventional PCI endpoint
Jun 12 10:37:49.540441 localhost kernel: pci 0000:7f:13.7: [8086:2faf] type 00 class 0x088000 conventional PCI endpoint
Jun 12 10:37:49.540712 localhost kernel: pci 0000:7f:14.0: [8086:2fb0] type 00 class 0x088000 conventional PCI endpoint
Jun 12 10:37:49.540990 localhost kernel: pci 0000:7f:14.1: [8086:2fb1] type 00 class 0x088000 conventional PCI endpoint
Jun 12 10:37:49.541237 localhost kernel: pci 0000:7f:14.2: [8086:2fb2] type 00 class 0x088000 conventional PCI endpoint
Jun 12 10:37:49.541502 localhost kernel: pci 0000:7f:14.3: [8086:2fb3] type 00 class 0x088000 conventional PCI endpoint
Jun 12 10:37:49.541778 localhost kernel: pci 0000:7f:14.4: [8086:2fbc] type 00 class 0x088000 conventional PCI endpoint
Jun 12 10:37:49.542043 localhost kernel: pci 0000:7f:14.5: [8086:2fbd] type 00 class 0x088000 conventional PCI endpoint
Jun 12 10:37:49.542347 localhost kernel: pci 0000:7f:14.6: [8086:2fbe] type 00 class 0x088000 conventional PCI endpoint
Jun 12 10:37:49.542652 localhost kernel: pci 0000:7f:14.7: [8086:2fbf] type 00 class 0x088000 conventional PCI endpoint
Jun 12 10:37:49.542994 localhost kernel: pci 0000:7f:15.0: [8086:2fb4] type 00 class 0x088000 conventional PCI endpoint
Jun 12 10:37:49.543273 localhost kernel: pci 0000:7f:15.1: [8086:2fb5] type 00 class 0x088000 conventional PCI endpoint
Jun 12 10:37:49.543526 localhost kernel: pci 0000:7f:16.0: [8086:2f68] type 00 class 0x088000 conventional PCI endpoint
Jun 12 10:37:49.543848 localhost kernel: pci 0000:7f:16.1: [8086:2f79] type 00 class 0x088000 conventional PCI endpoint
Jun 12 10:37:49.544118 localhost kernel: pci 0000:7f:16.2: [8086:2f6a] type 00 class 0x088000 conventional PCI endpoint
Jun 12 10:37:49.544400 localhost kernel: pci 0000:7f:16.3: [8086:2f6b] type 00 class 0x088000 conventional PCI endpoint
Jun 12 10:37:49.544651 localhost kernel: pci 0000:7f:16.6: [8086:2f6e] type 00 class 0x088000 conventional PCI endpoint
Jun 12 10:37:49.544907 localhost kernel: pci 0000:7f:16.7: [8086:2f6f] type 00 class 0x088000 conventional PCI endpoint
Jun 12 10:37:49.545208 localhost kernel: pci 0000:7f:17.0: [8086:2fd0] type 00 class 0x088000 conventional PCI endpoint
Jun 12 10:37:49.545478 localhost kernel: pci 0000:7f:17.1: [8086:2fd1] type 00 class 0x088000 conventional PCI endpoint
Jun 12 10:37:49.545768 localhost kernel: pci 0000:7f:17.2: [8086:2fd2] type 00 class 0x088000 conventional PCI endpoint
Jun 12 10:37:49.546078 localhost kernel: pci 0000:7f:17.3: [8086:2fd3] type 00 class 0x088000 conventional PCI endpoint
Jun 12 10:37:49.546358 localhost kernel: pci 0000:7f:17.4: [8086:2fb8] type 00 class 0x088000 conventional PCI endpoint
Jun 12 10:37:49.546632 localhost kernel: pci 0000:7f:17.5: [8086:2fb9] type 00 class 0x088000 conventional PCI endpoint
Jun 12 10:37:49.546982 localhost kernel: pci 0000:7f:17.6: [8086:2fba] type 00 class 0x088000 conventional PCI endpoint
Jun 12 10:37:49.547230 localhost kernel: pci 0000:7f:17.7: [8086:2fbb] type 00 class 0x088000 conventional PCI endpoint
Jun 12 10:37:49.547469 localhost kernel: pci 0000:7f:1e.0: [8086:2f98] type 00 class 0x088000 conventional PCI endpoint
Jun 12 10:37:49.547753 localhost kernel: pci 0000:7f:1e.1: [8086:2f99] type 00 class 0x088000 conventional PCI endpoint
Jun 12 10:37:49.547991 localhost kernel: pci 0000:7f:1e.2: [8086:2f9a] type 00 class 0x088000 conventional PCI endpoint
Jun 12 10:37:49.548242 localhost kernel: pci 0000:7f:1e.3: [8086:2fc0] type 00 class 0x088000 conventional PCI endpoint
Jun 12 10:37:49.548532 localhost kernel: pci 0000:7f:1e.4: [8086:2f9c] type 00 class 0x088000 conventional PCI endpoint
Jun 12 10:37:49.548812 localhost kernel: pci 0000:7f:1f.0: [8086:2f88] type 00 class 0x088000 conventional PCI endpoint
Jun 12 10:37:49.549050 localhost kernel: pci 0000:7f:1f.2: [8086:2f8a] type 00 class 0x088000 conventional PCI endpoint
Jun 12 10:37:49.549092 localhost kernel: ACPI: PCI Root Bridge [UNC1] (domain 0000 [bus ff])
Jun 12 10:37:49.549355 localhost kernel: acpi PNP0A03:01: _OSC: OS supports [ExtendedConfig ASPM ClockPM Segments MSI EDR HPX-Type3]
Jun 12 10:37:49.549402 localhost kernel: PCI host bridge to bus 0000:ff
Jun 12 10:37:49.549659 localhost kernel: pci_bus 0000:ff: Unknown NUMA node; performance will be reduced
Jun 12 10:37:49.549881 localhost kernel: pci_bus 0000:ff: root bus resource [bus ff]
Jun 12 10:37:49.550184 localhost kernel: pci 0000:ff:08.0: [8086:2f80] type 00 class 0x088000 conventional PCI endpoint
Jun 12 10:37:49.550492 localhost kernel: pci 0000:ff:08.2: [8086:2f32] type 00 class 0x110100 conventional PCI endpoint
Jun 12 10:37:49.550781 localhost kernel: pci 0000:ff:08.3: [8086:2f83] type 00 class 0x088000 conventional PCI endpoint
Jun 12 10:37:49.551033 localhost kernel: pci 0000:ff:08.6: [8086:2f86] type 00 class 0x088000 conventional PCI endpoint
Jun 12 10:37:49.551319 localhost kernel: pci 0000:ff:09.0: [8086:2f90] type 00 class 0x088000 conventional PCI endpoint
Jun 12 10:37:49.551595 localhost kernel: pci 0000:ff:09.2: [8086:2f33] type 00 class 0x110100 conventional PCI endpoint
Jun 12 10:37:49.551896 localhost kernel: pci 0000:ff:09.3: [8086:2f93] type 00 class 0x088000 conventional PCI endpoint
Jun 12 10:37:49.552148 localhost kernel: pci 0000:ff:09.6: [8086:2f96] type 00 class 0x088000 conventional PCI endpoint
Jun 12 10:37:49.552402 localhost kernel: pci 0000:ff:0b.0: [8086:2f81] type 00 class 0x088000 conventional PCI endpoint
Jun 12 10:37:49.552719 localhost kernel: pci 0000:ff:0b.1: [8086:2f36] type 00 class 0x110100 conventional PCI endpoint
Jun 12 10:37:49.553055 localhost kernel: pci 0000:ff:0b.2: [8086:2f37] type 00 class 0x110100 conventional PCI endpoint
Jun 12 10:37:49.553332 localhost kernel: pci 0000:ff:0b.5: [8086:2f3e] type 00 class 0x110100 conventional PCI endpoint
Jun 12 10:37:49.553576 localhost kernel: pci 0000:ff:0c.0: [8086:2fe0] type 00 class 0x088000 conventional PCI endpoint
Jun 12 10:37:49.553945 localhost kernel: pci 0000:ff:0c.1: [8086:2fe1] type 00 class 0x088000 conventional PCI endpoint
Jun 12 10:37:49.554211 localhost kernel: pci 0000:ff:0c.2: [8086:2fe2] type 00 class 0x088000 conventional PCI endpoint
Jun 12 10:37:49.554460 localhost kernel: pci 0000:ff:0c.3: [8086:2fe3] type 00 class 0x088000 conventional PCI endpoint
Jun 12 10:37:49.554760 localhost kernel: pci 0000:ff:0c.4: [8086:2fe4] type 00 class 0x088000 conventional PCI endpoint
Jun 12 10:37:49.555054 localhost kernel: pci 0000:ff:0c.5: [8086:2fe5] type 00 class 0x088000 conventional PCI endpoint
Jun 12 10:37:49.555326 localhost kernel: pci 0000:ff:0c.6: [8086:2fe6] type 00 class 0x088000 conventional PCI endpoint
Jun 12 10:37:49.555592 localhost kernel: pci 0000:ff:0c.7: [8086:2fe7] type 00 class 0x088000 conventional PCI endpoint
Jun 12 10:37:49.555902 localhost kernel: pci 0000:ff:0d.0: [8086:2fe8] type 00 class 0x088000 conventional PCI endpoint
Jun 12 10:37:49.556180 localhost kernel: pci 0000:ff:0d.1: [8086:2fe9] type 00 class 0x088000 conventional PCI endpoint
Jun 12 10:37:49.556429 localhost kernel: pci 0000:ff:0d.2: [8086:2fea] type 00 class 0x088000 conventional PCI endpoint
Jun 12 10:37:49.556687 localhost kernel: pci 0000:ff:0d.3: [8086:2feb] type 00 class 0x088000 conventional PCI endpoint
Jun 12 10:37:49.557023 localhost kernel: pci 0000:ff:0f.0: [8086:2ff8] type 00 class 0x088000 conventional PCI endpoint
Jun 12 10:37:49.557280 localhost kernel: pci 0000:ff:0f.1: [8086:2ff9] type 00 class 0x088000 conventional PCI endpoint
Jun 12 10:37:49.557710 localhost kernel: pci 0000:ff:0f.2: [8086:2ffa] type 00 class 0x088000 conventional PCI endpoint
Jun 12 10:37:49.558034 localhost kernel: pci 0000:ff:0f.3: [8086:2ffb] type 00 class 0x088000 conventional PCI endpoint
Jun 12 10:37:49.558304 localhost kernel: pci 0000:ff:0f.4: [8086:2ffc] type 00 class 0x088000 conventional PCI endpoint
Jun 12 10:37:49.558599 localhost kernel: pci 0000:ff:0f.5: [8086:2ffd] type 00 class 0x088000 conventional PCI endpoint
Jun 12 10:37:49.558977 localhost kernel: pci 0000:ff:0f.6: [8086:2ffe] type 00 class 0x088000 conventional PCI endpoint
Jun 12 10:37:49.559304 localhost kernel: pci 0000:ff:10.0: [8086:2f1d] type 00 class 0x088000 conventional PCI endpoint
Jun 12 10:37:49.559551 localhost kernel: pci 0000:ff:10.1: [8086:2f34] type 00 class 0x110100 conventional PCI endpoint
Jun 12 10:37:49.559990 localhost kernel: pci 0000:ff:10.5: [8086:2f1e] type 00 class 0x088000 conventional PCI endpoint
Jun 12 10:37:49.560304 localhost kernel: pci 0000:ff:10.6: [8086:2f7d] type 00 class 0x110100 conventional PCI endpoint
Jun 12 10:37:49.560571 localhost kernel: pci 0000:ff:10.7: [8086:2f1f] type 00 class 0x088000 conventional PCI endpoint
Jun 12 10:37:49.560886 localhost kernel: pci 0000:ff:12.0: [8086:2fa0] type 00 class 0x088000 conventional PCI endpoint
Jun 12 10:37:49.561168 localhost kernel: pci 0000:ff:12.1: [8086:2f30] type 00 class 0x110100 conventional PCI endpoint
Jun 12 10:37:49.561458 localhost kernel: pci 0000:ff:12.2: [8086:2f70] type 00 class 0x088000 conventional PCI endpoint
Jun 12 10:37:49.561807 localhost kernel: pci 0000:ff:12.4: [8086:2f60] type 00 class 0x088000 conventional PCI endpoint
Jun 12 10:37:49.562168 localhost kernel: pci 0000:ff:12.5: [8086:2f38] type 00 class 0x110100 conventional PCI endpoint
Jun 12 10:37:49.562452 localhost kernel: pci 0000:ff:12.6: [8086:2f78] type 00 class 0x088000 conventional PCI endpoint
Jun 12 10:37:49.562724 localhost kernel: pci 0000:ff:13.0: [8086:2fa8] type 00 class 0x088000 conventional PCI endpoint
Jun 12 10:37:49.562995 localhost kernel: pci 0000:ff:13.1: [8086:2f71] type 00 class 0x088000 conventional PCI endpoint
Jun 12 10:37:49.563246 localhost kernel: pci 0000:ff:13.2: [8086:2faa] type 00 class 0x088000 conventional PCI endpoint
Jun 12 10:37:49.563560 localhost kernel: pci 0000:ff:13.3: [8086:2fab] type 00 class 0x088000 conventional PCI endpoint
Jun 12 10:37:49.563904 localhost kernel: pci 0000:ff:13.6: [8086:2fae] type 00 class 0x088000 conventional PCI endpoint
Jun 12 10:37:49.564208 localhost kernel: pci 0000:ff:13.7: [8086:2faf] type 00 class 0x088000 conventional PCI endpoint
Jun 12 10:37:49.564487 localhost kernel: pci 0000:ff:14.0: [8086:2fb0] type 00 class 0x088000 conventional PCI endpoint
Jun 12 10:37:49.564795 localhost kernel: pci 0000:ff:14.1: [8086:2fb1] type 00 class 0x088000 conventional PCI endpoint
Jun 12 10:37:49.565135 localhost kernel: pci 0000:ff:14.2: [8086:2fb2] type 00 class 0x088000 conventional PCI endpoint
Jun 12 10:37:49.565406 localhost kernel: pci 0000:ff:14.3: [8086:2fb3] type 00 class 0x088000 conventional PCI endpoint
Jun 12 10:37:49.565728 localhost kernel: pci 0000:ff:14.4: [8086:2fbc] type 00 class 0x088000 conventional PCI endpoint
Jun 12 10:37:49.566012 localhost kernel: pci 0000:ff:14.5: [8086:2fbd] type 00 class 0x088000 conventional PCI endpoint
Jun 12 10:37:49.566337 localhost kernel: pci 0000:ff:14.6: [8086:2fbe] type 00 class 0x088000 conventional PCI endpoint
Jun 12 10:37:49.566674 localhost kernel: pci 0000:ff:14.7: [8086:2fbf] type 00 class 0x088000 conventional PCI endpoint
Jun 12 10:37:49.566962 localhost kernel: pci 0000:ff:15.0: [8086:2fb4] type 00 class 0x088000 conventional PCI endpoint
Jun 12 10:37:49.567221 localhost kernel: pci 0000:ff:15.1: [8086:2fb5] type 00 class 0x088000 conventional PCI endpoint
Jun 12 10:37:49.567540 localhost kernel: pci 0000:ff:16.0: [8086:2f68] type 00 class 0x088000 conventional PCI endpoint
Jun 12 10:37:49.567847 localhost kernel: pci 0000:ff:16.1: [8086:2f79] type 00 class 0x088000 conventional PCI endpoint
Jun 12 10:37:49.568239 localhost kernel: pci 0000:ff:16.2: [8086:2f6a] type 00 class 0x088000 conventional PCI endpoint
Jun 12 10:37:49.568563 localhost kernel: pci 0000:ff:16.3: [8086:2f6b] type 00 class 0x088000 conventional PCI endpoint
Jun 12 10:37:49.568897 localhost kernel: pci 0000:ff:16.6: [8086:2f6e] type 00 class 0x088000 conventional PCI endpoint
Jun 12 10:37:49.569178 localhost kernel: pci 0000:ff:16.7: [8086:2f6f] type 00 class 0x088000 conventional PCI endpoint
Jun 12 10:37:49.569423 localhost kernel: pci 0000:ff:17.0: [8086:2fd0] type 00 class 0x088000 conventional PCI endpoint
Jun 12 10:37:49.569694 localhost kernel: pci 0000:ff:17.1: [8086:2fd1] type 00 class 0x088000 conventional PCI endpoint
Jun 12 10:37:49.569975 localhost kernel: pci 0000:ff:17.2: [8086:2fd2] type 00 class 0x088000 conventional PCI endpoint
Jun 12 10:37:49.570238 localhost kernel: pci 0000:ff:17.3: [8086:2fd3] type 00 class 0x088000 conventional PCI endpoint
Jun 12 10:37:49.570475 localhost kernel: pci 0000:ff:17.4: [8086:2fb8] type 00 class 0x088000 conventional PCI endpoint
Jun 12 10:37:49.570766 localhost kernel: pci 0000:ff:17.5: [8086:2fb9] type 00 class 0x088000 conventional PCI endpoint
Jun 12 10:37:49.571006 localhost kernel: pci 0000:ff:17.6: [8086:2fba] type 00 class 0x088000 conventional PCI endpoint
Jun 12 10:37:49.571253 localhost kernel: pci 0000:ff:17.7: [8086:2fbb] type 00 class 0x088000 conventional PCI endpoint
Jun 12 10:37:49.571515 localhost kernel: pci 0000:ff:1e.0: [8086:2f98] type 00 class 0x088000 conventional PCI endpoint
Jun 12 10:37:49.571778 localhost kernel: pci 0000:ff:1e.1: [8086:2f99] type 00 class 0x088000 conventional PCI endpoint
Jun 12 10:37:49.572063 localhost kernel: pci 0000:ff:1e.2: [8086:2f9a] type 00 class 0x088000 conventional PCI endpoint
Jun 12 10:37:49.572389 localhost kernel: pci 0000:ff:1e.3: [8086:2fc0] type 00 class 0x088000 conventional PCI endpoint
Jun 12 10:37:49.572669 localhost kernel: pci 0000:ff:1e.4: [8086:2f9c] type 00 class 0x088000 conventional PCI endpoint
Jun 12 10:37:49.572998 localhost kernel: pci 0000:ff:1f.0: [8086:2f88] type 00 class 0x088000 conventional PCI endpoint
Jun 12 10:37:49.573279 localhost kernel: pci 0000:ff:1f.2: [8086:2f8a] type 00 class 0x088000 conventional PCI endpoint
Jun 12 10:37:49.573299 localhost kernel: ACPI: PCI Root Bridge [PCI0] (domain 0000 [bus 00-7e])
Jun 12 10:37:49.573593 localhost kernel: acpi PNP0A08:00: _OSC: OS supports [ExtendedConfig ASPM ClockPM Segments MSI EDR HPX-Type3]
Jun 12 10:37:49.573861 localhost kernel: acpi PNP0A08:00: _OSC: platform does not support [SHPCHotplug AER LTR DPC]
Jun 12 10:37:49.574103 localhost kernel: acpi PNP0A08:00: _OSC: OS now controls [PCIeHotplug PME PCIeCapability]
Jun 12 10:37:49.574375 localhost kernel: acpi PNP0A08:00: FADT indicates ASPM is unsupported, using BIOS configuration
Jun 12 10:37:49.574651 localhost kernel: acpi PNP0A08:00: ignoring host bridge window [mem 0x000c4000-0x000cbfff window] (conflicts with Video ROM [mem 0x000c0000-0x000c7fff])
Jun 12 10:37:49.574671 localhost kernel: PCI host bridge to bus 0000:00
Jun 12 10:37:49.574931 localhost kernel: pci_bus 0000:00: root bus resource [io  0x0000-0x03af window]
Jun 12 10:37:49.575173 localhost kernel: pci_bus 0000:00: root bus resource [io  0x03e0-0x0cf7 window]
Jun 12 10:37:49.575397 localhost kernel: pci_bus 0000:00: root bus resource [io  0x03b0-0x03bb window]
Jun 12 10:37:49.575601 localhost kernel: pci_bus 0000:00: root bus resource [io  0x03c0-0x03df window]
Jun 12 10:37:49.575909 localhost kernel: pci_bus 0000:00: root bus resource [mem 0x000a0000-0x000bffff window]
Jun 12 10:37:49.576126 localhost kernel: pci_bus 0000:00: root bus resource [io  0x1000-0x9fff window]
Jun 12 10:37:49.576358 localhost kernel: pci_bus 0000:00: root bus resource [mem 0x90000000-0xc7ffbfff window]
Jun 12 10:37:49.576646 localhost kernel: pci_bus 0000:00: root bus resource [mem 0x38000000000-0x39fffffffff window]
Jun 12 10:37:49.576886 localhost kernel: pci_bus 0000:00: root bus resource [bus 00-7e]
Jun 12 10:37:49.577143 localhost kernel: pci 0000:00:00.0: [8086:2f00] type 00 class 0x060000 PCIe Root Port
Jun 12 10:37:49.577413 localhost kernel: pci 0000:00:01.0: [8086:2f02] type 01 class 0x060400 PCIe Root Port
Jun 12 10:37:49.577684 localhost kernel: pci 0000:00:01.0: PCI bridge to [bus 03]
Jun 12 10:37:49.577983 localhost kernel: pci 0000:00:01.0:   bridge window [io  0x3000-0x3fff]
Jun 12 10:37:49.578302 localhost kernel: pci 0000:00:01.0:   bridge window [mem 0x93000000-0x931fffff]
Jun 12 10:37:49.578545 localhost kernel: pci 0000:00:01.0: PME# supported from D0 D3hot D3cold
Jun 12 10:37:49.578842 localhost kernel: pci 0000:00:01.1: [8086:2f03] type 01 class 0x060400 PCIe Root Port
Jun 12 10:37:49.579147 localhost kernel: pci 0000:00:01.1: PCI bridge to [bus 0c]
Jun 12 10:37:49.579392 localhost kernel: pci 0000:00:01.1: PME# supported from D0 D3hot D3cold
Jun 12 10:37:49.579703 localhost kernel: pci 0000:00:02.0: [8086:2f04] type 01 class 0x060400 PCIe Root Port
Jun 12 10:37:49.580047 localhost kernel: pci 0000:00:02.0: PCI bridge to [bus 05]
Jun 12 10:37:49.580308 localhost kernel: pci 0000:00:02.0: PME# supported from D0 D3hot D3cold
Jun 12 10:37:49.580559 localhost kernel: pci 0000:00:02.1: [8086:2f05] type 01 class 0x060400 PCIe Root Port
Jun 12 10:37:49.580861 localhost kernel: pci 0000:00:02.1: PCI bridge to [bus 0d]
Jun 12 10:37:49.581099 localhost kernel: pci 0000:00:02.1: PME# supported from D0 D3hot D3cold
Jun 12 10:37:49.581377 localhost kernel: pci 0000:00:02.2: [8086:2f06] type 01 class 0x060400 PCIe Root Port
Jun 12 10:37:49.581639 localhost kernel: pci 0000:00:02.2: PCI bridge to [bus 04]
Jun 12 10:37:49.581896 localhost kernel: pci 0000:00:02.2:   bridge window [io  0x2000-0x2fff]
Jun 12 10:37:49.582118 localhost kernel: pci 0000:00:02.2:   bridge window [mem 0x92d00000-0x92ffffff]
Jun 12 10:37:49.582369 localhost kernel: pci 0000:00:02.2:   bridge window [mem 0x39fffb00000-0x39fffefffff 64bit pref]
Jun 12 10:37:49.582636 localhost kernel: pci 0000:00:02.2: PME# supported from D0 D3hot D3cold
Jun 12 10:37:49.583011 localhost kernel: pci 0000:00:02.3: [8086:2f07] type 01 class 0x060400 PCIe Root Port
Jun 12 10:37:49.583283 localhost kernel: pci 0000:00:02.3: PCI bridge to [bus 0e]
Jun 12 10:37:49.583611 localhost kernel: pci 0000:00:02.3: PME# supported from D0 D3hot D3cold
Jun 12 10:37:49.583933 localhost kernel: pci 0000:00:03.0: [8086:2f08] type 01 class 0x060400 PCIe Root Port
Jun 12 10:37:49.584239 localhost kernel: pci 0000:00:03.0: PCI bridge to [bus 08]
Jun 12 10:37:49.584573 localhost kernel: pci 0000:00:03.0:   bridge window [mem 0x92c00000-0x92cfffff]
Jun 12 10:37:49.584837 localhost kernel: pci 0000:00:03.0: PME# supported from D0 D3hot D3cold
Jun 12 10:37:49.585386 localhost kernel: pci 0000:00:03.1: [8086:2f09] type 01 class 0x060400 PCIe Root Port
Jun 12 10:37:49.585670 localhost kernel: pci 0000:00:03.1: PCI bridge to [bus 0f]
Jun 12 10:37:49.585932 localhost kernel: pci 0000:00:03.1: PME# supported from D0 D3hot D3cold
Jun 12 10:37:49.586201 localhost kernel: pci 0000:00:03.2: [8086:2f0a] type 01 class 0x060400 PCIe Root Port
Jun 12 10:37:49.586465 localhost kernel: pci 0000:00:03.2: PCI bridge to [bus 0b]
Jun 12 10:37:49.586763 localhost kernel: pci 0000:00:03.2: PME# supported from D0 D3hot D3cold
Jun 12 10:37:49.587076 localhost kernel: pci 0000:00:03.3: [8086:2f0b] type 01 class 0x060400 PCIe Root Port
Jun 12 10:37:49.587312 localhost kernel: pci 0000:00:03.3: PCI bridge to [bus 10]
Jun 12 10:37:49.587563 localhost kernel: pci 0000:00:03.3: PME# supported from D0 D3hot D3cold
Jun 12 10:37:49.587961 localhost kernel: pci 0000:00:04.0: [8086:2f20] type 00 class 0x088000 PCIe Root Complex Integrated Endpoint
Jun 12 10:37:49.588302 localhost kernel: pci 0000:00:04.0: BAR 0 [mem 0x39ffff2c000-0x39ffff2ffff 64bit]
Jun 12 10:37:49.588580 localhost kernel: pci 0000:00:04.1: [8086:2f21] type 00 class 0x088000 PCIe Root Complex Integrated Endpoint
Jun 12 10:37:49.588901 localhost kernel: pci 0000:00:04.1: BAR 0 [mem 0x39ffff28000-0x39ffff2bfff 64bit]
Jun 12 10:37:49.589148 localhost kernel: pci 0000:00:04.2: [8086:2f22] type 00 class 0x088000 PCIe Root Complex Integrated Endpoint
Jun 12 10:37:49.589409 localhost kernel: pci 0000:00:04.2: BAR 0 [mem 0x39ffff24000-0x39ffff27fff 64bit]
Jun 12 10:37:49.589697 localhost kernel: pci 0000:00:04.3: [8086:2f23] type 00 class 0x088000 PCIe Root Complex Integrated Endpoint
Jun 12 10:37:49.589993 localhost kernel: pci 0000:00:04.3: BAR 0 [mem 0x39ffff20000-0x39ffff23fff 64bit]
Jun 12 10:37:49.590263 localhost kernel: pci 0000:00:04.4: [8086:2f24] type 00 class 0x088000 PCIe Root Complex Integrated Endpoint
Jun 12 10:37:49.590550 localhost kernel: pci 0000:00:04.4: BAR 0 [mem 0x39ffff1c000-0x39ffff1ffff 64bit]
Jun 12 10:37:49.590946 localhost kernel: pci 0000:00:04.5: [8086:2f25] type 00 class 0x088000 PCIe Root Complex Integrated Endpoint
Jun 12 10:37:49.591264 localhost kernel: pci 0000:00:04.5: BAR 0 [mem 0x39ffff18000-0x39ffff1bfff 64bit]
Jun 12 10:37:49.591597 localhost kernel: pci 0000:00:04.6: [8086:2f26] type 00 class 0x088000 PCIe Root Complex Integrated Endpoint
Jun 12 10:37:49.591877 localhost kernel: pci 0000:00:04.6: BAR 0 [mem 0x39ffff14000-0x39ffff17fff 64bit]
Jun 12 10:37:49.592130 localhost kernel: pci 0000:00:04.7: [8086:2f27] type 00 class 0x088000 PCIe Root Complex Integrated Endpoint
Jun 12 10:37:49.592413 localhost kernel: pci 0000:00:04.7: BAR 0 [mem 0x39ffff10000-0x39ffff13fff 64bit]
Jun 12 10:37:49.592716 localhost kernel: pci 0000:00:05.0: [8086:2f28] type 00 class 0x088000 PCIe Root Complex Integrated Endpoint
Jun 12 10:37:49.592975 localhost kernel: pci 0000:00:05.1: [8086:2f29] type 00 class 0x088000 PCIe Root Complex Integrated Endpoint
Jun 12 10:37:49.593220 localhost kernel: pci 0000:00:05.2: [8086:2f2a] type 00 class 0x088000 PCIe Root Complex Integrated Endpoint
Jun 12 10:37:49.593493 localhost kernel: pci 0000:00:05.4: [8086:2f2c] type 00 class 0x080020 PCIe Root Complex Integrated Endpoint
Jun 12 10:37:49.593783 localhost kernel: pci 0000:00:05.4: BAR 0 [mem 0x93203000-0x93203fff]
Jun 12 10:37:49.594059 localhost kernel: pci 0000:00:05.6: [8086:2f39] type 00 class 0x110100 PCIe Root Complex Integrated Endpoint
Jun 12 10:37:49.594321 localhost kernel: pci 0000:00:11.0: [8086:8d7c] type 00 class 0xff0000 PCIe Root Complex Integrated Endpoint
Jun 12 10:37:49.594610 localhost kernel: pci 0000:00:14.0: [8086:8d31] type 00 class 0x0c0330 conventional PCI endpoint
Jun 12 10:37:49.594868 localhost kernel: pci 0000:00:14.0: BAR 0 [mem 0x39ffff00000-0x39ffff0ffff 64bit]
Jun 12 10:37:49.595098 localhost kernel: pci 0000:00:14.0: PME# supported from D3hot D3cold
Jun 12 10:37:49.595379 localhost kernel: pci 0000:00:1a.0: [8086:8d2d] type 00 class 0x0c0320 conventional PCI endpoint
Jun 12 10:37:49.595613 localhost kernel: pci 0000:00:1a.0: BAR 0 [mem 0x93201000-0x932013ff]
Jun 12 10:37:49.595956 localhost kernel: pci 0000:00:1a.0: PME# supported from D0 D3hot D3cold
Jun 12 10:37:49.596238 localhost kernel: pci 0000:00:1c.0: [8086:8d10] type 01 class 0x060401 PCIe Root Port
Jun 12 10:37:49.596491 localhost kernel: pci 0000:00:1c.0: PCI bridge to [bus 11] (subtractive decode)
Jun 12 10:37:49.596766 localhost kernel: pci 0000:00:1c.0: PME# supported from D0 D3hot D3cold
Jun 12 10:37:49.597087 localhost kernel: pci 0000:00:1c.2: [8086:8d14] type 01 class 0x060400 PCIe Root Port
Jun 12 10:37:49.597361 localhost kernel: pci 0000:00:1c.2: PCI bridge to [bus 01]
Jun 12 10:37:49.597594 localhost kernel: pci 0000:00:1c.2:   bridge window [io  0x1000-0x1fff]
Jun 12 10:37:49.597900 localhost kernel: pci 0000:00:1c.2:   bridge window [mem 0x90000000-0x92afffff]
Jun 12 10:37:49.598137 localhost kernel: pci 0000:00:1c.2: PME# supported from D0 D3hot D3cold
Jun 12 10:37:49.598366 localhost kernel: pci 0000:00:1c.4: [8086:8d18] type 01 class 0x060400 PCIe Root Port
Jun 12 10:37:49.598600 localhost kernel: pci 0000:00:1c.4: PCI bridge to [bus 02]
Jun 12 10:37:49.598888 localhost kernel: pci 0000:00:1c.4:   bridge window [mem 0x92b00000-0x92bfffff 64bit pref]
Jun 12 10:37:49.599138 localhost kernel: pci 0000:00:1c.4: PME# supported from D0 D3hot D3cold
Jun 12 10:37:49.599452 localhost kernel: pci 0000:00:1c.6: [8086:8d1c] type 01 class 0x060400 PCIe Root Port
Jun 12 10:37:49.599724 localhost kernel: pci 0000:00:1c.6: PCI bridge to [bus 12]
Jun 12 10:37:49.599999 localhost kernel: pci 0000:00:1c.6: PME# supported from D0 D3hot D3cold
Jun 12 10:37:49.600281 localhost kernel: pci 0000:00:1c.7: [8086:8d1e] type 01 class 0x060400 PCIe Root Port
Jun 12 10:37:49.600553 localhost kernel: pci 0000:00:1c.7: PCI bridge to [bus 13]
Jun 12 10:37:49.600842 localhost kernel: pci 0000:00:1c.7: PME# supported from D0 D3hot D3cold
Jun 12 10:37:49.601127 localhost kernel: pci 0000:00:1d.0: [8086:8d26] type 00 class 0x0c0320 conventional PCI endpoint
Jun 12 10:37:49.601434 localhost kernel: pci 0000:00:1d.0: BAR 0 [mem 0x93200000-0x932003ff]
Jun 12 10:37:49.601729 localhost kernel: pci 0000:00:1d.0: PME# supported from D0 D3hot D3cold
Jun 12 10:37:49.602005 localhost kernel: pci 0000:00:1f.0: [8086:8d44] type 00 class 0x060100 conventional PCI endpoint
Jun 12 10:37:49.602279 localhost kernel: pci 0000:00:1f.3: [8086:8d22] type 00 class 0x0c0500 conventional PCI endpoint
Jun 12 10:37:49.602532 localhost kernel: pci 0000:00:1f.3: BAR 0 [mem 0x39ffff31000-0x39ffff310ff 64bit]
Jun 12 10:37:49.602829 localhost kernel: pci 0000:00:1f.3: BAR 4 [io  0x4000-0x401f]
Jun 12 10:37:49.603067 localhost kernel: pci 0000:03:00.0: [103c:3239] type 00 class 0x010400 PCIe Endpoint
Jun 12 10:37:49.603317 localhost kernel: pci 0000:03:00.0: BAR 0 [mem 0x93000000-0x930fffff 64bit]
Jun 12 10:37:49.603571 localhost kernel: pci 0000:03:00.0: BAR 2 [mem 0x93100000-0x931003ff 64bit]
Jun 12 10:37:49.603890 localhost kernel: pci 0000:03:00.0: BAR 4 [io  0x3000-0x30ff]
Jun 12 10:37:49.604157 localhost kernel: pci 0000:03:00.0: ROM [mem 0x00000000-0x0007ffff pref]
Jun 12 10:37:49.604414 localhost kernel: pci 0000:03:00.0: PME# supported from D0 D1 D3hot
Jun 12 10:37:49.604679 localhost kernel: pci 0000:00:01.0: PCI bridge to [bus 03]
Jun 12 10:37:49.604941 localhost kernel: pci 0000:00:01.1: PCI bridge to [bus 0c]
Jun 12 10:37:49.605159 localhost kernel: pci 0000:00:02.0: PCI bridge to [bus 05]
Jun 12 10:37:49.605449 localhost kernel: pci 0000:00:02.1: PCI bridge to [bus 0d]
Jun 12 10:37:49.605785 localhost kernel: pci 0000:04:00.0: [8086:10fb] type 00 class 0x020000 PCIe Endpoint
Jun 12 10:37:49.606087 localhost kernel: pci 0000:04:00.0: BAR 0 [mem 0x92e00000-0x92efffff]
Jun 12 10:37:49.606361 localhost kernel: pci 0000:04:00.0: BAR 2 [io  0x2020-0x203f]
Jun 12 10:37:49.606583 localhost kernel: pci 0000:04:00.0: BAR 3 [mem 0x92f04000-0x92f07fff]
Jun 12 10:37:49.606917 localhost kernel: pci 0000:04:00.0: ROM [mem 0x00000000-0x0007ffff pref]
Jun 12 10:37:49.607181 localhost kernel: pci 0000:04:00.0: PME# supported from D0 D3hot D3cold
Jun 12 10:37:49.607465 localhost kernel: pci 0000:04:00.0: VF BAR 0 [mem 0x39fffe00000-0x39fffe03fff 64bit pref]
Jun 12 10:37:49.607705 localhost kernel: pci 0000:04:00.0: VF BAR 0 [mem 0x39fffe00000-0x39fffefffff 64bit pref]: contains BAR 0 for 64 VFs
Jun 12 10:37:49.607945 localhost kernel: pci 0000:04:00.0: VF BAR 3 [mem 0x39fffd00000-0x39fffd03fff 64bit pref]
Jun 12 10:37:49.608197 localhost kernel: pci 0000:04:00.0: VF BAR 3 [mem 0x39fffd00000-0x39fffdfffff 64bit pref]: contains BAR 3 for 64 VFs
Jun 12 10:37:49.608478 localhost kernel: pci 0000:04:00.1: [8086:10fb] type 00 class 0x020000 PCIe Endpoint
Jun 12 10:37:49.608735 localhost kernel: pci 0000:04:00.1: BAR 0 [mem 0x92d00000-0x92dfffff]
Jun 12 10:37:49.608998 localhost kernel: pci 0000:04:00.1: BAR 2 [io  0x2000-0x201f]
Jun 12 10:37:49.609284 localhost kernel: pci 0000:04:00.1: BAR 3 [mem 0x92f00000-0x92f03fff]
Jun 12 10:37:49.609551 localhost kernel: pci 0000:04:00.1: ROM [mem 0x00000000-0x0007ffff pref]
Jun 12 10:37:49.609795 localhost kernel: pci 0000:04:00.1: PME# supported from D0 D3hot D3cold
Jun 12 10:37:49.610084 localhost kernel: pci 0000:04:00.1: VF BAR 0 [mem 0x39fffc00000-0x39fffc03fff 64bit pref]
Jun 12 10:37:49.610321 localhost kernel: pci 0000:04:00.1: VF BAR 0 [mem 0x39fffc00000-0x39fffcfffff 64bit pref]: contains BAR 0 for 64 VFs
Jun 12 10:37:49.610659 localhost kernel: pci 0000:04:00.1: VF BAR 3 [mem 0x39fffb00000-0x39fffb03fff 64bit pref]
Jun 12 10:37:49.610908 localhost kernel: pci 0000:04:00.1: VF BAR 3 [mem 0x39fffb00000-0x39fffbfffff 64bit pref]: contains BAR 3 for 64 VFs
Jun 12 10:37:49.611173 localhost kernel: pci 0000:00:02.2: PCI bridge to [bus 04]
Jun 12 10:37:49.611451 localhost kernel: pci 0000:00:02.3: PCI bridge to [bus 0e]
Jun 12 10:37:49.611796 localhost kernel: pci 0000:08:00.0: [144d:a808] type 00 class 0x010802 PCIe Endpoint
Jun 12 10:37:49.612054 localhost kernel: pci 0000:08:00.0: BAR 0 [mem 0x92c00000-0x92c03fff 64bit]
Jun 12 10:37:49.612348 localhost kernel: pci 0000:00:03.0: PCI bridge to [bus 08]
Jun 12 10:37:49.612607 localhost kernel: pci 0000:00:03.1: PCI bridge to [bus 0f]
Jun 12 10:37:49.612882 localhost kernel: pci 0000:00:03.2: PCI bridge to [bus 0b]
Jun 12 10:37:49.613121 localhost kernel: pci 0000:00:03.3: PCI bridge to [bus 10]
Jun 12 10:37:49.613349 localhost kernel: pci 0000:00:1c.0: PCI bridge to [bus 11] (subtractive decode)
Jun 12 10:37:49.613604 localhost kernel: pci 0000:00:1c.0:   bridge window [io  0x0000-0x03af window] (subtractive decode)
Jun 12 10:37:49.613912 localhost kernel: pci 0000:00:1c.0:   bridge window [io  0x03e0-0x0cf7 window] (subtractive decode)
Jun 12 10:37:49.614210 localhost kernel: pci 0000:00:1c.0:   bridge window [io  0x03b0-0x03bb window] (subtractive decode)
Jun 12 10:37:49.614431 localhost kernel: pci 0000:00:1c.0:   bridge window [io  0x03c0-0x03df window] (subtractive decode)
Jun 12 10:37:49.614700 localhost kernel: pci 0000:00:1c.0:   bridge window [mem 0x000a0000-0x000bffff window] (subtractive decode)
Jun 12 10:37:49.614988 localhost kernel: pci 0000:00:1c.0:   bridge window [io  0x1000-0x9fff window] (subtractive decode)
Jun 12 10:37:49.615222 localhost kernel: pci 0000:00:1c.0:   bridge window [mem 0x90000000-0xc7ffbfff window] (subtractive decode)
Jun 12 10:37:49.615475 localhost kernel: pci 0000:00:1c.0:   bridge window [mem 0x38000000000-0x39fffffffff window] (subtractive decode)
Jun 12 10:37:49.615770 localhost kernel: pci 0000:01:00.0: [103c:3306] type 00 class 0x088000 PCIe Legacy Endpoint
Jun 12 10:37:49.616056 localhost kernel: pci 0000:01:00.0: BAR 0 [io  0x1200-0x12ff]
Jun 12 10:37:49.616280 localhost kernel: pci 0000:01:00.0: BAR 1 [mem 0x92a8d000-0x92a8d1ff]
Jun 12 10:37:49.616502 localhost kernel: pci 0000:01:00.0: BAR 2 [io  0x1100-0x11ff]
Jun 12 10:37:49.616786 localhost kernel: pci 0000:01:00.1: [102b:0533] type 00 class 0x030000 PCIe Legacy Endpoint
Jun 12 10:37:49.617014 localhost kernel: pci 0000:01:00.1: BAR 0 [mem 0x91000000-0x91ffffff pref]
Jun 12 10:37:49.617271 localhost kernel: pci 0000:01:00.1: BAR 1 [mem 0x92a88000-0x92a8bfff]
Jun 12 10:37:49.617494 localhost kernel: pci 0000:01:00.1: BAR 2 [mem 0x92000000-0x927fffff]
Jun 12 10:37:49.617750 localhost kernel: pci 0000:01:00.1: Video device with shadowed ROM at [mem 0x000c0000-0x000dffff]
Jun 12 10:37:49.617986 localhost kernel: pci 0000:01:00.2: [103c:3307] type 00 class 0x088000 PCIe Legacy Endpoint
Jun 12 10:37:49.618245 localhost kernel: pci 0000:01:00.2: BAR 0 [io  0x1000-0x10ff]
Jun 12 10:37:49.618569 localhost kernel: pci 0000:01:00.2: BAR 1 [mem 0x92a8c000-0x92a8c0ff]
Jun 12 10:37:49.618856 localhost kernel: pci 0000:01:00.2: BAR 2 [mem 0x92900000-0x929fffff]
Jun 12 10:37:49.619100 localhost kernel: pci 0000:01:00.2: BAR 3 [mem 0x92a00000-0x92a7ffff]
Jun 12 10:37:49.619379 localhost kernel: pci 0000:01:00.2: BAR 4 [mem 0x92a80000-0x92a87fff]
Jun 12 10:37:49.619657 localhost kernel: pci 0000:01:00.2: BAR 5 [mem 0x92800000-0x928fffff]
Jun 12 10:37:49.619931 localhost kernel: pci 0000:01:00.2: ROM [mem 0x00000000-0x0000ffff pref]
Jun 12 10:37:49.620199 localhost kernel: pci 0000:01:00.2: PME# supported from D0 D3hot D3cold
Jun 12 10:37:49.620497 localhost kernel: pci 0000:01:00.4: [103c:3300] type 00 class 0x0c0300 PCIe Legacy Endpoint
Jun 12 10:37:49.620738 localhost kernel: pci 0000:01:00.4: BAR 4 [io  0x1300-0x131f]
Jun 12 10:37:49.621012 localhost kernel: pci 0000:00:1c.2: PCI bridge to [bus 01]
Jun 12 10:37:49.621295 localhost kernel: pci 0000:02:00.0: [14e4:1657] type 00 class 0x020000 PCIe Endpoint
Jun 12 10:37:49.621555 localhost kernel: pci 0000:02:00.0: BAR 0 [mem 0x92b90000-0x92b9ffff 64bit pref]
Jun 12 10:37:49.621805 localhost kernel: pci 0000:02:00.0: BAR 2 [mem 0x92ba0000-0x92baffff 64bit pref]
Jun 12 10:37:49.622051 localhost kernel: pci 0000:02:00.0: BAR 4 [mem 0x92bb0000-0x92bbffff 64bit pref]
Jun 12 10:37:49.622329 localhost kernel: pci 0000:02:00.0: ROM [mem 0x00000000-0x0003ffff pref]
Jun 12 10:37:49.622588 localhost kernel: pci 0000:02:00.0: PME# supported from D0 D3hot D3cold
Jun 12 10:37:49.622869 localhost kernel: pci 0000:02:00.0: 8.000 Gb/s available PCIe bandwidth, limited by 5.0 GT/s PCIe x2 link at 0000:00:1c.4 (capable of 16.000 Gb/s with 5.0 GT/s PCIe x4 link)
Jun 12 10:37:49.623147 localhost kernel: pci 0000:02:00.1: [14e4:1657] type 00 class 0x020000 PCIe Endpoint
Jun 12 10:37:49.623388 localhost kernel: pci 0000:02:00.1: BAR 0 [mem 0x92b60000-0x92b6ffff 64bit pref]
Jun 12 10:37:49.623628 localhost kernel: pci 0000:02:00.1: BAR 2 [mem 0x92b70000-0x92b7ffff 64bit pref]
Jun 12 10:37:49.623873 localhost kernel: pci 0000:02:00.1: BAR 4 [mem 0x92b80000-0x92b8ffff 64bit pref]
Jun 12 10:37:49.624160 localhost kernel: pci 0000:02:00.1: ROM [mem 0x00000000-0x0003ffff pref]
Jun 12 10:37:49.624407 localhost kernel: pci 0000:02:00.1: PME# supported from D0 D3hot D3cold
Jun 12 10:37:49.624777 localhost kernel: pci 0000:02:00.2: [14e4:1657] type 00 class 0x020000 PCIe Endpoint
Jun 12 10:37:49.625040 localhost kernel: pci 0000:02:00.2: BAR 0 [mem 0x92b30000-0x92b3ffff 64bit pref]
Jun 12 10:37:49.625328 localhost kernel: pci 0000:02:00.2: BAR 2 [mem 0x92b40000-0x92b4ffff 64bit pref]
Jun 12 10:37:49.625603 localhost kernel: pci 0000:02:00.2: BAR 4 [mem 0x92b50000-0x92b5ffff 64bit pref]
Jun 12 10:37:49.625856 localhost kernel: pci 0000:02:00.2: ROM [mem 0x00000000-0x0003ffff pref]
Jun 12 10:37:49.626139 localhost kernel: pci 0000:02:00.2: PME# supported from D0 D3hot D3cold
Jun 12 10:37:49.626395 localhost kernel: pci 0000:02:00.3: [14e4:1657] type 00 class 0x020000 PCIe Endpoint
Jun 12 10:37:49.626665 localhost kernel: pci 0000:02:00.3: BAR 0 [mem 0x92b00000-0x92b0ffff 64bit pref]
Jun 12 10:37:49.626900 localhost kernel: pci 0000:02:00.3: BAR 2 [mem 0x92b10000-0x92b1ffff 64bit pref]
Jun 12 10:37:49.627232 localhost kernel: pci 0000:02:00.3: BAR 4 [mem 0x92b20000-0x92b2ffff 64bit pref]
Jun 12 10:37:49.627457 localhost kernel: pci 0000:02:00.3: ROM [mem 0x00000000-0x0003ffff pref]
Jun 12 10:37:49.627790 localhost kernel: pci 0000:02:00.3: PME# supported from D0 D3hot D3cold
Jun 12 10:37:49.628056 localhost kernel: pci 0000:00:1c.4: PCI bridge to [bus 02]
Jun 12 10:37:49.628295 localhost kernel: pci 0000:00:1c.6: PCI bridge to [bus 12]
Jun 12 10:37:49.628574 localhost kernel: pci 0000:00:1c.7: PCI bridge to [bus 13]
Jun 12 10:37:49.628830 localhost kernel: pci_bus 0000:00: on NUMA node 0
Jun 12 10:37:49.628879 localhost kernel: ACPI: PCI: Interrupt link LNKA configured for IRQ 0
Jun 12 10:37:49.628892 localhost kernel: ACPI: PCI: Interrupt link LNKA disabled
Jun 12 10:37:49.628904 localhost kernel: ACPI: PCI: Interrupt link LNKB configured for IRQ 0
Jun 12 10:37:49.628916 localhost kernel: ACPI: PCI: Interrupt link LNKB disabled
Jun 12 10:37:49.628928 localhost kernel: ACPI: PCI: Interrupt link LNKC configured for IRQ 0
Jun 12 10:37:49.628940 localhost kernel: ACPI: PCI: Interrupt link LNKC disabled
Jun 12 10:37:49.628952 localhost kernel: ACPI: PCI: Interrupt link LNKD configured for IRQ 11
Jun 12 10:37:49.628964 localhost kernel: ACPI: PCI: Interrupt link LNKE configured for IRQ 0
Jun 12 10:37:49.628978 localhost kernel: ACPI: PCI: Interrupt link LNKE disabled
Jun 12 10:37:49.628990 localhost kernel: ACPI: PCI: Interrupt link LNKF configured for IRQ 0
Jun 12 10:37:49.629002 localhost kernel: ACPI: PCI: Interrupt link LNKF disabled
Jun 12 10:37:49.629014 localhost kernel: ACPI: PCI: Interrupt link LNKG configured for IRQ 0
Jun 12 10:37:49.629025 localhost kernel: ACPI: PCI: Interrupt link LNKG disabled
Jun 12 10:37:49.629037 localhost kernel: ACPI: PCI: Interrupt link LNKH configured for IRQ 0
Jun 12 10:37:49.629049 localhost kernel: ACPI: PCI: Interrupt link LNKH disabled
Jun 12 10:37:49.629060 localhost kernel: ACPI: PCI Root Bridge [PCI1] (domain 0000 [bus 80-fe])
Jun 12 10:37:49.629318 localhost kernel: acpi PNP0A08:01: _OSC: OS supports [ExtendedConfig ASPM ClockPM Segments MSI EDR HPX-Type3]
Jun 12 10:37:49.629585 localhost kernel: acpi PNP0A08:01: _OSC: platform does not support [SHPCHotplug AER LTR DPC]
Jun 12 10:37:49.629842 localhost kernel: acpi PNP0A08:01: _OSC: OS now controls [PCIeHotplug PME PCIeCapability]
Jun 12 10:37:49.630085 localhost kernel: acpi PNP0A08:01: FADT indicates ASPM is unsupported, using BIOS configuration
Jun 12 10:37:49.630104 localhost kernel: PCI host bridge to bus 0000:80
Jun 12 10:37:49.630370 localhost kernel: pci_bus 0000:80: root bus resource [io  0xa000-0xffff window]
Jun 12 10:37:49.630657 localhost kernel: pci_bus 0000:80: root bus resource [mem 0xc8000000-0xfbffbfff window]
Jun 12 10:37:49.630888 localhost kernel: pci_bus 0000:80: root bus resource [mem 0x3a000000000-0x3bfffffffff window]
Jun 12 10:37:49.631114 localhost kernel: pci_bus 0000:80: root bus resource [bus 80-fe]
Jun 12 10:37:49.631443 localhost kernel: pci 0000:80:00.0: [8086:2f01] type 01 class 0x060400 PCIe Root Port
Jun 12 10:37:49.631724 localhost kernel: pci 0000:80:00.0: PCI bridge to [bus 8b]
Jun 12 10:37:49.631982 localhost kernel: pci 0000:80:00.0: PME# supported from D0 D3hot D3cold
Jun 12 10:37:49.632296 localhost kernel: pci 0000:80:01.0: [8086:2f02] type 01 class 0x060400 PCIe Root Port
Jun 12 10:37:49.632568 localhost kernel: pci 0000:80:01.0: PCI bridge to [bus 81]
Jun 12 10:37:49.632851 localhost kernel: pci 0000:80:01.0: PME# supported from D0 D3hot D3cold
Jun 12 10:37:49.633114 localhost kernel: pci 0000:80:01.1: [8086:2f03] type 01 class 0x060400 PCIe Root Port
Jun 12 10:37:49.633360 localhost kernel: pci 0000:80:01.1: PCI bridge to [bus 88]
Jun 12 10:37:49.633650 localhost kernel: pci 0000:80:01.1: PME# supported from D0 D3hot D3cold
Jun 12 10:37:49.633889 localhost kernel: pci 0000:80:02.0: [8086:2f04] type 01 class 0x060400 PCIe Root Port
Jun 12 10:37:49.634110 localhost kernel: pci 0000:80:02.0: PCI bridge to [bus 82]
Jun 12 10:37:49.634363 localhost kernel: pci 0000:80:02.0: PME# supported from D0 D3hot D3cold
Jun 12 10:37:49.634685 localhost kernel: pci 0000:80:02.1: [8086:2f05] type 01 class 0x060400 PCIe Root Port
Jun 12 10:37:49.634970 localhost kernel: pci 0000:80:02.1: PCI bridge to [bus 89]
Jun 12 10:37:49.635203 localhost kernel: pci 0000:80:02.1: PME# supported from D0 D3hot D3cold
Jun 12 10:37:49.635440 localhost kernel: pci 0000:80:02.2: [8086:2f06] type 01 class 0x060400 PCIe Root Port
Jun 12 10:37:49.635706 localhost kernel: pci 0000:80:02.2: PCI bridge to [bus 83]
Jun 12 10:37:49.635976 localhost kernel: pci 0000:80:02.2: PME# supported from D0 D3hot D3cold
Jun 12 10:37:49.636255 localhost kernel: pci 0000:80:02.3: [8086:2f07] type 01 class 0x060400 PCIe Root Port
Jun 12 10:37:49.636489 localhost kernel: pci 0000:80:02.3: PCI bridge to [bus 8a]
Jun 12 10:37:49.636738 localhost kernel: pci 0000:80:02.3: PME# supported from D0 D3hot D3cold
Jun 12 10:37:49.636968 localhost kernel: pci 0000:80:03.0: [8086:2f08] type 01 class 0x060400 PCIe Root Port
Jun 12 10:37:49.637212 localhost kernel: pci 0000:80:03.0: PCI bridge to [bus 84]
Jun 12 10:37:49.637496 localhost kernel: pci 0000:80:03.0: PME# supported from D0 D3hot D3cold
Jun 12 10:37:49.637789 localhost kernel: pci 0000:80:03.1: [8086:2f09] type 01 class 0x060400 PCIe Root Port
Jun 12 10:37:49.638011 localhost kernel: pci 0000:80:03.1: PCI bridge to [bus 85]
Jun 12 10:37:49.638278 localhost kernel: pci 0000:80:03.1: PME# supported from D0 D3hot D3cold
Jun 12 10:37:49.638522 localhost kernel: pci 0000:80:03.2: [8086:2f0a] type 01 class 0x060400 PCIe Root Port
Jun 12 10:37:49.638781 localhost kernel: pci 0000:80:03.2: PCI bridge to [bus 86]
Jun 12 10:37:49.639019 localhost kernel: pci 0000:80:03.2: PME# supported from D0 D3hot D3cold
Jun 12 10:37:49.639289 localhost kernel: pci 0000:80:03.3: [8086:2f0b] type 01 class 0x060400 PCIe Root Port
Jun 12 10:37:49.639563 localhost kernel: pci 0000:80:03.3: PCI bridge to [bus 87]
Jun 12 10:37:49.639874 localhost kernel: pci 0000:80:03.3: PME# supported from D0 D3hot D3cold
Jun 12 10:37:49.640114 localhost kernel: pci 0000:80:04.0: [8086:2f20] type 00 class 0x088000 PCIe Root Complex Integrated Endpoint
Jun 12 10:37:49.640378 localhost kernel: pci 0000:80:04.0: BAR 0 [mem 0x3bffff1c000-0x3bffff1ffff 64bit]
Jun 12 10:37:49.640638 localhost kernel: pci 0000:80:04.1: [8086:2f21] type 00 class 0x088000 PCIe Root Complex Integrated Endpoint
Jun 12 10:37:49.640928 localhost kernel: pci 0000:80:04.1: BAR 0 [mem 0x3bffff18000-0x3bffff1bfff 64bit]
Jun 12 10:37:49.641217 localhost kernel: pci 0000:80:04.2: [8086:2f22] type 00 class 0x088000 PCIe Root Complex Integrated Endpoint
Jun 12 10:37:49.641445 localhost kernel: pci 0000:80:04.2: BAR 0 [mem 0x3bffff14000-0x3bffff17fff 64bit]
Jun 12 10:37:49.641743 localhost kernel: pci 0000:80:04.3: [8086:2f23] type 00 class 0x088000 PCIe Root Complex Integrated Endpoint
Jun 12 10:37:49.642019 localhost kernel: pci 0000:80:04.3: BAR 0 [mem 0x3bffff10000-0x3bffff13fff 64bit]
Jun 12 10:37:49.642255 localhost kernel: pci 0000:80:04.4: [8086:2f24] type 00 class 0x088000 PCIe Root Complex Integrated Endpoint
Jun 12 10:37:49.642530 localhost kernel: pci 0000:80:04.4: BAR 0 [mem 0x3bffff0c000-0x3bffff0ffff 64bit]
Jun 12 10:37:49.642843 localhost kernel: pci 0000:80:04.5: [8086:2f25] type 00 class 0x088000 PCIe Root Complex Integrated Endpoint
Jun 12 10:37:49.643085 localhost kernel: pci 0000:80:04.5: BAR 0 [mem 0x3bffff08000-0x3bffff0bfff 64bit]
Jun 12 10:37:49.643349 localhost kernel: pci 0000:80:04.6: [8086:2f26] type 00 class 0x088000 PCIe Root Complex Integrated Endpoint
Jun 12 10:37:49.643574 localhost kernel: pci 0000:80:04.6: BAR 0 [mem 0x3bffff04000-0x3bffff07fff 64bit]
Jun 12 10:37:49.643844 localhost kernel: pci 0000:80:04.7: [8086:2f27] type 00 class 0x088000 PCIe Root Complex Integrated Endpoint
Jun 12 10:37:49.644129 localhost kernel: pci 0000:80:04.7: BAR 0 [mem 0x3bffff00000-0x3bffff03fff 64bit]
Jun 12 10:37:49.644442 localhost kernel: pci 0000:80:05.0: [8086:2f28] type 00 class 0x088000 PCIe Root Complex Integrated Endpoint
Jun 12 10:37:49.644706 localhost kernel: pci 0000:80:05.1: [8086:2f29] type 00 class 0x088000 PCIe Root Complex Integrated Endpoint
Jun 12 10:37:49.644978 localhost kernel: pci 0000:80:05.2: [8086:2f2a] type 00 class 0x088000 PCIe Root Complex Integrated Endpoint
Jun 12 10:37:49.645278 localhost kernel: pci 0000:80:05.4: [8086:2f2c] type 00 class 0x080020 PCIe Root Complex Integrated Endpoint
Jun 12 10:37:49.645532 localhost kernel: pci 0000:80:05.4: BAR 0 [mem 0xc8000000-0xc8000fff]
Jun 12 10:37:49.645792 localhost kernel: pci 0000:80:05.6: [8086:2f39] type 00 class 0x110100 PCIe Root Complex Integrated Endpoint
Jun 12 10:37:49.646056 localhost kernel: pci 0000:80:00.0: PCI bridge to [bus 8b]
Jun 12 10:37:49.646315 localhost kernel: pci 0000:80:01.0: PCI bridge to [bus 81]
Jun 12 10:37:49.646556 localhost kernel: pci 0000:80:01.1: PCI bridge to [bus 88]
Jun 12 10:37:49.646844 localhost kernel: pci 0000:80:02.0: PCI bridge to [bus 82]
Jun 12 10:37:49.647079 localhost kernel: pci 0000:80:02.1: PCI bridge to [bus 89]
Jun 12 10:37:49.647350 localhost kernel: pci 0000:80:02.2: PCI bridge to [bus 83]
Jun 12 10:37:49.647619 localhost kernel: pci 0000:80:02.3: PCI bridge to [bus 8a]
Jun 12 10:37:49.647895 localhost kernel: pci 0000:80:03.0: PCI bridge to [bus 84]
Jun 12 10:37:49.648132 localhost kernel: pci 0000:80:03.1: PCI bridge to [bus 85]
Jun 12 10:37:49.648407 localhost kernel: pci 0000:80:03.2: PCI bridge to [bus 86]
Jun 12 10:37:49.648701 localhost kernel: pci 0000:80:03.3: PCI bridge to [bus 87]
Jun 12 10:37:49.648952 localhost kernel: pci_bus 0000:80: on NUMA node 1
Jun 12 10:37:49.648972 localhost kernel: iommu: Default domain type: Passthrough (set via kernel command line)
Jun 12 10:37:49.648985 localhost kernel: pps_core: LinuxPPS API ver. 1 registered
Jun 12 10:37:49.648997 localhost kernel: pps_core: Software ver. 5.3.6 - Copyright 2005-2007 Rodolfo Giometti <giometti@linux.it>
Jun 12 10:37:49.649008 localhost kernel: PTP clock support registered
Jun 12 10:37:49.649019 localhost kernel: EDAC MC: Ver: 3.0.0
Jun 12 10:37:49.649030 localhost kernel: efivars: Registered efivars operations
Jun 12 10:37:49.649042 localhost kernel: NetLabel: Initializing
Jun 12 10:37:49.649054 localhost kernel: NetLabel:  domain hash size = 128
Jun 12 10:37:49.649066 localhost kernel: NetLabel:  protocols = UNLABELED CIPSOv4 CALIPSO
Jun 12 10:37:49.649078 localhost kernel: NetLabel:  unlabeled traffic allowed by default
Jun 12 10:37:49.649095 localhost kernel: audit: type=1409 audit(1781260660.232:2): netlabel: auid=0 ses=0 subj=kernel nlbl_domain=(default) nlbl_protocol=unlbl res=1
Jun 12 10:37:49.649108 localhost kernel: mctp: management component transport protocol core
Jun 12 10:37:49.649120 localhost kernel: audit: type=1406 audit(1781260660.232:3): netlabel: auid=0 ses=0 subj=kernel unlbl_accept=1 old=0
Jun 12 10:37:49.649132 localhost kernel: NET: Registered PF_MCTP protocol family
Jun 12 10:37:49.649144 localhost kernel: PCI: Using ACPI for IRQ routing
Jun 12 10:37:49.649156 localhost kernel: PCI: pci_cache_line_size set to 64 bytes
Jun 12 10:37:49.649168 localhost kernel: e820: reserve RAM buffer [mem 0x5a6a1000-0x5bffffff]
Jun 12 10:37:49.649180 localhost kernel: e820: reserve RAM buffer [mem 0x70a3a000-0x73ffffff]
Jun 12 10:37:49.649195 localhost kernel: e820: reserve RAM buffer [mem 0x76d20018-0x77ffffff]
Jun 12 10:37:49.649207 localhost kernel: e820: reserve RAM buffer [mem 0x76d53018-0x77ffffff]
Jun 12 10:37:49.649218 localhost kernel: e820: reserve RAM buffer [mem 0x76d86018-0x77ffffff]
Jun 12 10:37:49.649230 localhost kernel: e820: reserve RAM buffer [mem 0x76db9018-0x77ffffff]
Jun 12 10:37:49.649242 localhost kernel: e820: reserve RAM buffer [mem 0x76dec018-0x77ffffff]
Jun 12 10:37:49.649254 localhost kernel: e820: reserve RAM buffer [mem 0x76e37018-0x77ffffff]
Jun 12 10:37:49.649266 localhost kernel: e820: reserve RAM buffer [mem 0x770b9018-0x77ffffff]
Jun 12 10:37:49.649277 localhost kernel: e820: reserve RAM buffer [mem 0x770c4018-0x77ffffff]
Jun 12 10:37:49.649289 localhost kernel: e820: reserve RAM buffer [mem 0x770ea018-0x77ffffff]
Jun 12 10:37:49.649304 localhost kernel: e820: reserve RAM buffer [mem 0x784ff000-0x7bffffff]
Jun 12 10:37:49.649316 localhost kernel: e820: reserve RAM buffer [mem 0x7b800000-0x7bffffff]
Jun 12 10:37:49.649558 localhost kernel: pci 0000:01:00.1: vgaarb: setting as boot VGA device
Jun 12 10:37:49.649804 localhost kernel: pci 0000:01:00.1: vgaarb: bridge control possible
Jun 12 10:37:49.650063 localhost kernel: pci 0000:01:00.1: vgaarb: VGA device added: decodes=io+mem,owns=io+mem,locks=none
Jun 12 10:37:49.650081 localhost kernel: vgaarb: loaded
Jun 12 10:37:49.650092 localhost kernel: hpet0: at MMIO 0xfed00000, IRQs 2, 8, 0, 0, 0, 0, 0, 0
Jun 12 10:37:49.650105 localhost kernel: hpet0: 8 comparators, 64-bit 14.318180 MHz counter
Jun 12 10:37:49.650117 localhost kernel: clocksource: Switched to clocksource tsc-early
Jun 12 10:37:49.650129 localhost kernel: VFS: Disk quotas dquot_6.6.0
Jun 12 10:37:49.650147 localhost kernel: VFS: Dquot-cache hash table entries: 512 (order 0, 4096 bytes)
Jun 12 10:37:49.650158 localhost kernel: pnp: PnP ACPI init
Jun 12 10:37:49.650399 localhost kernel: system 00:01: [io  0x0500-0x053f] has been reserved
Jun 12 10:37:49.650682 localhost kernel: system 00:01: [io  0x0400-0x047f] has been reserved
Jun 12 10:37:49.650897 localhost kernel: system 00:01: [io  0x0540-0x057f] has been reserved
Jun 12 10:37:49.651103 localhost kernel: system 00:01: [io  0x0600-0x061f] has been reserved
Jun 12 10:37:49.651355 localhost kernel: system 00:01: [io  0x0880-0x0883] has been reserved
Jun 12 10:37:49.651559 localhost kernel: system 00:01: [io  0x0800-0x081f] has been reserved
Jun 12 10:37:49.651875 localhost kernel: system 00:01: [mem 0xfed1c000-0xfed3ffff] has been reserved
Jun 12 10:37:49.652110 localhost kernel: system 00:01: [mem 0xfed45000-0xfed8bfff] has been reserved
Jun 12 10:37:49.652365 localhost kernel: system 00:01: [mem 0xff000000-0xffffffff] has been reserved
Jun 12 10:37:49.652653 localhost kernel: system 00:01: [mem 0xfee00000-0xfeefffff] has been reserved
Jun 12 10:37:49.652883 localhost kernel: system 00:01: [mem 0xfed12000-0xfed1200f] has been reserved
Jun 12 10:37:49.653087 localhost kernel: system 00:01: [mem 0xfed12010-0xfed1201f] has been reserved
Jun 12 10:37:49.653338 localhost kernel: system 00:01: [mem 0xfed1b000-0xfed1bfff] has been reserved
Jun 12 10:37:49.653357 localhost kernel: pnp: PnP ACPI: found 4 devices
Jun 12 10:37:49.653380 localhost kernel: clocksource: acpi_pm: mask: 0xffffff max_cycles: 0xffffff, max_idle_ns: 2085701024 ns
Jun 12 10:37:49.653394 localhost kernel: NET: Registered PF_INET protocol family
Jun 12 10:37:49.653418 localhost kernel: IP idents hash table entries: 262144 (order: 9, 2097152 bytes, vmalloc hugepage)
Jun 12 10:37:49.653434 localhost kernel: tcp_listen_portaddr_hash hash table entries: 65536 (order: 8, 1048576 bytes, vmalloc)
Jun 12 10:37:49.653449 localhost kernel: Table-perturb hash table entries: 65536 (order: 6, 262144 bytes, vmalloc)
Jun 12 10:37:49.653462 localhost kernel: TCP established hash table entries: 524288 (order: 10, 4194304 bytes, vmalloc hugepage)
Jun 12 10:37:49.653475 localhost kernel: TCP bind hash table entries: 65536 (order: 9, 2097152 bytes, vmalloc hugepage)
Jun 12 10:37:49.653486 localhost kernel: TCP: Hash tables configured (established 524288 bind 65536)
Jun 12 10:37:49.653502 localhost kernel: MPTCP token hash table entries: 65536 (order: 9, 1572864 bytes, vmalloc)
Jun 12 10:37:49.653518 localhost kernel: UDP hash table entries: 65536 (order: 9, 2097152 bytes, vmalloc hugepage)
Jun 12 10:37:49.653530 localhost kernel: UDP-Lite hash table entries: 65536 (order: 9, 2097152 bytes, vmalloc hugepage)
Jun 12 10:37:49.653542 localhost kernel: NET: Registered PF_UNIX/PF_LOCAL protocol family
Jun 12 10:37:49.653554 localhost kernel: NET: Registered PF_XDP protocol family
Jun 12 10:37:49.653853 localhost kernel: pci 0000:00:1c.4: bridge window [mem 0x93300000-0x933fffff]: assigned
Jun 12 10:37:49.654099 localhost kernel: pci 0000:03:00.0: ROM [mem 0x93180000-0x931fffff pref]: assigned
Jun 12 10:37:49.654360 localhost kernel: pci 0000:00:01.0: PCI bridge to [bus 03]
Jun 12 10:37:49.654585 localhost kernel: pci 0000:00:01.0:   bridge window [io  0x3000-0x3fff]
Jun 12 10:37:49.654883 localhost kernel: pci 0000:00:01.0:   bridge window [mem 0x93000000-0x931fffff]
Jun 12 10:37:49.655176 localhost kernel: pci 0000:00:01.1: PCI bridge to [bus 0c]
Jun 12 10:37:49.655428 localhost kernel: pci 0000:00:02.0: PCI bridge to [bus 05]
Jun 12 10:37:49.655717 localhost kernel: pci 0000:00:02.1: PCI bridge to [bus 0d]
Jun 12 10:37:49.656005 localhost kernel: pci 0000:04:00.0: ROM [mem 0x92f80000-0x92ffffff pref]: assigned
Jun 12 10:37:49.656267 localhost kernel: pci 0000:04:00.1: ROM [mem size 0x00080000 pref]: can't assign; no space
Jun 12 10:37:49.656565 localhost kernel: pci 0000:04:00.1: ROM [mem size 0x00080000 pref]: failed to assign
Jun 12 10:37:49.656872 localhost kernel: pci 0000:00:02.2: PCI bridge to [bus 04]
Jun 12 10:37:49.657108 localhost kernel: pci 0000:00:02.2:   bridge window [io  0x2000-0x2fff]
Jun 12 10:37:49.657325 localhost kernel: pci 0000:00:02.2:   bridge window [mem 0x92d00000-0x92ffffff]
Jun 12 10:37:49.657572 localhost kernel: pci 0000:00:02.2:   bridge window [mem 0x39fffb00000-0x39fffefffff 64bit pref]
Jun 12 10:37:49.657865 localhost kernel: pci 0000:00:02.3: PCI bridge to [bus 0e]
Jun 12 10:37:49.658123 localhost kernel: pci 0000:00:03.0: PCI bridge to [bus 08]
Jun 12 10:37:49.658355 localhost kernel: pci 0000:00:03.0:   bridge window [mem 0x92c00000-0x92cfffff]
Jun 12 10:37:49.658652 localhost kernel: pci 0000:00:03.1: PCI bridge to [bus 0f]
Jun 12 10:37:49.658966 localhost kernel: pci 0000:00:03.2: PCI bridge to [bus 0b]
Jun 12 10:37:49.659235 localhost kernel: pci 0000:00:03.3: PCI bridge to [bus 10]
Jun 12 10:37:49.659451 localhost kernel: pci 0000:00:1c.0: PCI bridge to [bus 11]
Jun 12 10:37:49.659755 localhost kernel: pci 0000:01:00.2: ROM [mem 0x90000000-0x9000ffff pref]: assigned
Jun 12 10:37:49.660013 localhost kernel: pci 0000:00:1c.2: PCI bridge to [bus 01]
Jun 12 10:37:49.660314 localhost kernel: pci 0000:00:1c.2:   bridge window [io  0x1000-0x1fff]
Jun 12 10:37:49.660573 localhost kernel: pci 0000:00:1c.2:   bridge window [mem 0x90000000-0x92afffff]
Jun 12 10:37:49.660895 localhost kernel: pci 0000:02:00.0: ROM [mem 0x93300000-0x9333ffff pref]: assigned
Jun 12 10:37:49.661232 localhost kernel: pci 0000:02:00.1: ROM [mem 0x93340000-0x9337ffff pref]: assigned
Jun 12 10:37:49.661536 localhost kernel: pci 0000:02:00.2: ROM [mem 0x93380000-0x933bffff pref]: assigned
Jun 12 10:37:49.661826 localhost kernel: pci 0000:02:00.3: ROM [mem 0x933c0000-0x933fffff pref]: assigned
Jun 12 10:37:49.662069 localhost kernel: pci 0000:00:1c.4: PCI bridge to [bus 02]
Jun 12 10:37:49.662440 localhost kernel: pci 0000:00:1c.4:   bridge window [mem 0x93300000-0x933fffff]
Jun 12 10:37:49.662697 localhost kernel: pci 0000:00:1c.4:   bridge window [mem 0x92b00000-0x92bfffff 64bit pref]
Jun 12 10:37:49.662995 localhost kernel: pci 0000:00:1c.6: PCI bridge to [bus 12]
Jun 12 10:37:49.663221 localhost kernel: pci 0000:00:1c.7: PCI bridge to [bus 13]
Jun 12 10:37:49.663519 localhost kernel: pci_bus 0000:00: resource 4 [io  0x0000-0x03af window]
Jun 12 10:37:49.663767 localhost kernel: pci_bus 0000:00: resource 5 [io  0x03e0-0x0cf7 window]
Jun 12 10:37:49.663986 localhost kernel: pci_bus 0000:00: resource 6 [io  0x03b0-0x03bb window]
Jun 12 10:37:49.664202 localhost kernel: pci_bus 0000:00: resource 7 [io  0x03c0-0x03df window]
Jun 12 10:37:49.664400 localhost kernel: pci_bus 0000:00: resource 8 [mem 0x000a0000-0x000bffff window]
Jun 12 10:37:49.664597 localhost kernel: pci_bus 0000:00: resource 9 [io  0x1000-0x9fff window]
Jun 12 10:37:49.664827 localhost kernel: pci_bus 0000:00: resource 10 [mem 0x90000000-0xc7ffbfff window]
Jun 12 10:37:49.665097 localhost kernel: pci_bus 0000:00: resource 11 [mem 0x38000000000-0x39fffffffff window]
Jun 12 10:37:49.665358 localhost kernel: pci_bus 0000:03: resource 0 [io  0x3000-0x3fff]
Jun 12 10:37:49.665566 localhost kernel: pci_bus 0000:03: resource 1 [mem 0x93000000-0x931fffff]
Jun 12 10:37:49.665845 localhost kernel: pci_bus 0000:04: resource 0 [io  0x2000-0x2fff]
Jun 12 10:37:49.666054 localhost kernel: pci_bus 0000:04: resource 1 [mem 0x92d00000-0x92ffffff]
Jun 12 10:37:49.666260 localhost kernel: pci_bus 0000:04: resource 2 [mem 0x39fffb00000-0x39fffefffff 64bit pref]
Jun 12 10:37:49.666562 localhost kernel: pci_bus 0000:08: resource 1 [mem 0x92c00000-0x92cfffff]
Jun 12 10:37:49.666887 localhost kernel: pci_bus 0000:11: resource 4 [io  0x0000-0x03af window]
Jun 12 10:37:49.667163 localhost kernel: pci_bus 0000:11: resource 5 [io  0x03e0-0x0cf7 window]
Jun 12 10:37:49.667405 localhost kernel: pci_bus 0000:11: resource 6 [io  0x03b0-0x03bb window]
Jun 12 10:37:49.667681 localhost kernel: pci_bus 0000:11: resource 7 [io  0x03c0-0x03df window]
Jun 12 10:37:49.667903 localhost kernel: pci_bus 0000:11: resource 8 [mem 0x000a0000-0x000bffff window]
Jun 12 10:37:49.668148 localhost kernel: pci_bus 0000:11: resource 9 [io  0x1000-0x9fff window]
Jun 12 10:37:49.668369 localhost kernel: pci_bus 0000:11: resource 10 [mem 0x90000000-0xc7ffbfff window]
Jun 12 10:37:49.668574 localhost kernel: pci_bus 0000:11: resource 11 [mem 0x38000000000-0x39fffffffff window]
Jun 12 10:37:49.668911 localhost kernel: pci_bus 0000:01: resource 0 [io  0x1000-0x1fff]
Jun 12 10:37:49.669157 localhost kernel: pci_bus 0000:01: resource 1 [mem 0x90000000-0x92afffff]
Jun 12 10:37:49.669518 localhost kernel: pci_bus 0000:02: resource 1 [mem 0x93300000-0x933fffff]
Jun 12 10:37:49.669735 localhost kernel: pci_bus 0000:02: resource 2 [mem 0x92b00000-0x92bfffff 64bit pref]
Jun 12 10:37:49.669997 localhost kernel: pci 0000:80:00.0: PCI bridge to [bus 8b]
Jun 12 10:37:49.670235 localhost kernel: pci 0000:80:01.0: PCI bridge to [bus 81]
Jun 12 10:37:49.670472 localhost kernel: pci 0000:80:01.1: PCI bridge to [bus 88]
Jun 12 10:37:49.670765 localhost kernel: pci 0000:80:02.0: PCI bridge to [bus 82]
Jun 12 10:37:49.671030 localhost kernel: pci 0000:80:02.1: PCI bridge to [bus 89]
Jun 12 10:37:49.671285 localhost kernel: pci 0000:80:02.2: PCI bridge to [bus 83]
Jun 12 10:37:49.671550 localhost kernel: pci 0000:80:02.3: PCI bridge to [bus 8a]
Jun 12 10:37:49.671886 localhost kernel: pci 0000:80:03.0: PCI bridge to [bus 84]
Jun 12 10:37:49.672176 localhost kernel: pci 0000:80:03.1: PCI bridge to [bus 85]
Jun 12 10:37:49.672424 localhost kernel: pci 0000:80:03.2: PCI bridge to [bus 86]
Jun 12 10:37:49.672710 localhost kernel: pci 0000:80:03.3: PCI bridge to [bus 87]
Jun 12 10:37:49.672930 localhost kernel: pci_bus 0000:80: resource 4 [io  0xa000-0xffff window]
Jun 12 10:37:49.673163 localhost kernel: pci_bus 0000:80: resource 5 [mem 0xc8000000-0xfbffbfff window]
Jun 12 10:37:49.673403 localhost kernel: pci_bus 0000:80: resource 6 [mem 0x3a000000000-0x3bfffffffff window]
Jun 12 10:37:49.673741 localhost kernel: pci 0000:00:05.0: disabled boot interrupts on device [8086:2f28]
Jun 12 10:37:49.673970 localhost kernel: pci 0000:00:14.0: enabling device (0140 -> 0142)
Jun 12 10:37:49.674231 localhost kernel: pci 0000:80:05.0: disabled boot interrupts on device [8086:2f28]
Jun 12 10:37:49.674250 localhost kernel: PCI: CLS 64 bytes, default 64
Jun 12 10:37:49.674263 localhost kernel: Trying to unpack rootfs image as initramfs...
Jun 12 10:37:49.674275 localhost kernel: DMAR: No ATSR found
Jun 12 10:37:49.674287 localhost kernel: DMAR: No SATC found
Jun 12 10:37:49.674299 localhost kernel: DMAR: dmar0: Using Queued invalidation
Jun 12 10:37:49.674317 localhost kernel: DMAR: dmar1: Using Queued invalidation
Jun 12 10:37:49.674588 localhost kernel: pci 0000:80:00.0: Adding to iommu group 0
Jun 12 10:37:49.674870 localhost kernel: pci 0000:80:01.0: Adding to iommu group 1
Jun 12 10:37:49.675109 localhost kernel: pci 0000:80:01.1: Adding to iommu group 1
Jun 12 10:37:49.675350 localhost kernel: pci 0000:80:02.0: Adding to iommu group 2
Jun 12 10:37:49.675634 localhost kernel: pci 0000:80:02.1: Adding to iommu group 2
Jun 12 10:37:49.675880 localhost kernel: pci 0000:80:02.2: Adding to iommu group 2
Jun 12 10:37:49.676113 localhost kernel: pci 0000:80:02.3: Adding to iommu group 2
Jun 12 10:37:49.676352 localhost kernel: pci 0000:80:03.0: Adding to iommu group 3
Jun 12 10:37:49.676624 localhost kernel: pci 0000:80:03.1: Adding to iommu group 3
Jun 12 10:37:49.676893 localhost kernel: pci 0000:80:03.2: Adding to iommu group 3
Jun 12 10:37:49.677145 localhost kernel: pci 0000:80:03.3: Adding to iommu group 3
Jun 12 10:37:49.677394 localhost kernel: pci 0000:80:04.0: Adding to iommu group 4
Jun 12 10:37:49.677707 localhost kernel: pci 0000:80:04.1: Adding to iommu group 5
Jun 12 10:37:49.677970 localhost kernel: pci 0000:80:04.2: Adding to iommu group 6
Jun 12 10:37:49.678280 localhost kernel: pci 0000:80:04.3: Adding to iommu group 7
Jun 12 10:37:49.678555 localhost kernel: pci 0000:80:04.4: Adding to iommu group 8
Jun 12 10:37:49.678830 localhost kernel: pci 0000:80:04.5: Adding to iommu group 9
Jun 12 10:37:49.679048 localhost kernel: pci 0000:80:04.6: Adding to iommu group 10
Jun 12 10:37:49.679303 localhost kernel: pci 0000:80:04.7: Adding to iommu group 11
Jun 12 10:37:49.679559 localhost kernel: pci 0000:00:00.0: Adding to iommu group 12
Jun 12 10:37:49.679804 localhost kernel: pci 0000:00:01.0: Adding to iommu group 13
Jun 12 10:37:49.680041 localhost kernel: pci 0000:00:01.1: Adding to iommu group 13
Jun 12 10:37:49.680316 localhost kernel: pci 0000:00:02.0: Adding to iommu group 14
Jun 12 10:37:49.680587 localhost kernel: pci 0000:00:02.1: Adding to iommu group 14
Jun 12 10:37:49.680857 localhost kernel: pci 0000:00:02.2: Adding to iommu group 14
Jun 12 10:37:49.681130 localhost kernel: pci 0000:00:02.3: Adding to iommu group 14
Jun 12 10:37:49.681395 localhost kernel: pci 0000:00:03.0: Adding to iommu group 15
Jun 12 10:37:49.681684 localhost kernel: pci 0000:00:03.1: Adding to iommu group 15
Jun 12 10:37:49.681906 localhost kernel: pci 0000:00:03.2: Adding to iommu group 15
Jun 12 10:37:49.682160 localhost kernel: pci 0000:00:03.3: Adding to iommu group 15
Jun 12 10:37:49.682461 localhost kernel: pci 0000:00:04.0: Adding to iommu group 16
Jun 12 10:37:49.682692 localhost kernel: pci 0000:00:04.1: Adding to iommu group 17
Jun 12 10:37:49.682931 localhost kernel: pci 0000:00:04.2: Adding to iommu group 18
Jun 12 10:37:49.683208 localhost kernel: pci 0000:00:04.3: Adding to iommu group 19
Jun 12 10:37:49.683510 localhost kernel: pci 0000:00:04.4: Adding to iommu group 20
Jun 12 10:37:49.683760 localhost kernel: pci 0000:00:04.5: Adding to iommu group 21
Jun 12 10:37:49.684022 localhost kernel: pci 0000:00:04.6: Adding to iommu group 22
Jun 12 10:37:49.684266 localhost kernel: pci 0000:00:04.7: Adding to iommu group 23
Jun 12 10:37:49.684539 localhost kernel: pci 0000:00:05.0: Adding to iommu group 24
Jun 12 10:37:49.684798 localhost kernel: pci 0000:00:05.1: Adding to iommu group 25
Jun 12 10:37:49.685035 localhost kernel: pci 0000:00:05.2: Adding to iommu group 26
Jun 12 10:37:49.685311 localhost kernel: pci 0000:00:05.4: Adding to iommu group 27
Jun 12 10:37:49.685602 localhost kernel: pci 0000:00:05.6: Adding to iommu group 28
Jun 12 10:37:49.685884 localhost kernel: pci 0000:00:11.0: Adding to iommu group 29
Jun 12 10:37:49.686118 localhost kernel: pci 0000:00:14.0: Adding to iommu group 30
Jun 12 10:37:49.686423 localhost kernel: pci 0000:00:1a.0: Adding to iommu group 31
Jun 12 10:37:49.686738 localhost kernel: pci 0000:00:1c.0: Adding to iommu group 32
Jun 12 10:37:49.687021 localhost kernel: pci 0000:00:1c.2: Adding to iommu group 32
Jun 12 10:37:49.687334 localhost kernel: pci 0000:00:1c.4: Adding to iommu group 32
Jun 12 10:37:49.687550 localhost kernel: pci 0000:00:1c.6: Adding to iommu group 32
Jun 12 10:37:49.687854 localhost kernel: pci 0000:00:1c.7: Adding to iommu group 32
Jun 12 10:37:49.688073 localhost kernel: pci 0000:00:1d.0: Adding to iommu group 33
Jun 12 10:37:49.688342 localhost kernel: pci 0000:00:1f.0: Adding to iommu group 34
Jun 12 10:37:49.688613 localhost kernel: pci 0000:00:1f.3: Adding to iommu group 34
Jun 12 10:37:49.688913 localhost kernel: pci 0000:01:00.0: Adding to iommu group 32
Jun 12 10:37:49.689168 localhost kernel: pci 0000:01:00.1: Adding to iommu group 32
Jun 12 10:37:49.689484 localhost kernel: pci 0000:01:00.2: Adding to iommu group 32
Jun 12 10:37:49.689715 localhost kernel: pci 0000:01:00.4: Adding to iommu group 32
Jun 12 10:37:49.690017 localhost kernel: pci 0000:02:00.0: Adding to iommu group 32
Jun 12 10:37:49.690274 localhost kernel: pci 0000:02:00.1: Adding to iommu group 32
Jun 12 10:37:49.690517 localhost kernel: pci 0000:02:00.2: Adding to iommu group 32
Jun 12 10:37:49.690838 localhost kernel: pci 0000:02:00.3: Adding to iommu group 32
Jun 12 10:37:49.691155 localhost kernel: pci 0000:03:00.0: Adding to iommu group 13
Jun 12 10:37:49.691414 localhost kernel: pci 0000:04:00.0: Adding to iommu group 14
Jun 12 10:37:49.691669 localhost kernel: pci 0000:04:00.1: Adding to iommu group 14
Jun 12 10:37:49.691891 localhost kernel: pci 0000:08:00.0: Adding to iommu group 15
Jun 12 10:37:49.692132 localhost kernel: pci 0000:7f:08.0: Adding to iommu group 35
Jun 12 10:37:49.692405 localhost kernel: pci 0000:7f:08.2: Adding to iommu group 35
Jun 12 10:37:49.692695 localhost kernel: pci 0000:7f:08.3: Adding to iommu group 35
Jun 12 10:37:49.692934 localhost kernel: pci 0000:7f:08.6: Adding to iommu group 35
Jun 12 10:37:49.693229 localhost kernel: pci 0000:7f:09.0: Adding to iommu group 36
Jun 12 10:37:49.693479 localhost kernel: pci 0000:7f:09.2: Adding to iommu group 36
Jun 12 10:37:49.693755 localhost kernel: pci 0000:7f:09.3: Adding to iommu group 36
Jun 12 10:37:49.694046 localhost kernel: pci 0000:7f:09.6: Adding to iommu group 36
Jun 12 10:37:49.694317 localhost kernel: pci 0000:7f:0b.0: Adding to iommu group 37
Jun 12 10:37:49.694556 localhost kernel: pci 0000:7f:0b.1: Adding to iommu group 37
Jun 12 10:37:49.694811 localhost kernel: pci 0000:7f:0b.2: Adding to iommu group 37
Jun 12 10:37:49.695068 localhost kernel: pci 0000:7f:0b.5: Adding to iommu group 37
Jun 12 10:37:49.695393 localhost kernel: pci 0000:7f:0c.0: Adding to iommu group 38
Jun 12 10:37:49.695661 localhost kernel: pci 0000:7f:0c.1: Adding to iommu group 38
Jun 12 10:37:49.695945 localhost kernel: pci 0000:7f:0c.2: Adding to iommu group 38
Jun 12 10:37:49.696260 localhost kernel: pci 0000:7f:0c.3: Adding to iommu group 38
Jun 12 10:37:49.696522 localhost kernel: pci 0000:7f:0c.4: Adding to iommu group 38
Jun 12 10:37:49.696798 localhost kernel: pci 0000:7f:0c.5: Adding to iommu group 38
Jun 12 10:37:49.697072 localhost kernel: pci 0000:7f:0c.6: Adding to iommu group 38
Jun 12 10:37:49.697355 localhost kernel: pci 0000:7f:0c.7: Adding to iommu group 38
Jun 12 10:37:49.697619 localhost kernel: pci 0000:7f:0d.0: Adding to iommu group 39
Jun 12 10:37:49.697866 localhost kernel: pci 0000:7f:0d.1: Adding to iommu group 39
Jun 12 10:37:49.698119 localhost kernel: pci 0000:7f:0d.2: Adding to iommu group 39
Jun 12 10:37:49.698381 localhost kernel: pci 0000:7f:0d.3: Adding to iommu group 39
Jun 12 10:37:49.698717 localhost kernel: pci 0000:7f:0f.0: Adding to iommu group 40
Jun 12 10:37:49.699007 localhost kernel: pci 0000:7f:0f.1: Adding to iommu group 40
Jun 12 10:37:49.699242 localhost kernel: pci 0000:7f:0f.2: Adding to iommu group 40
Jun 12 10:37:49.699508 localhost kernel: pci 0000:7f:0f.3: Adding to iommu group 40
Jun 12 10:37:49.699735 localhost kernel: pci 0000:7f:0f.4: Adding to iommu group 40
Jun 12 10:37:49.699994 localhost kernel: pci 0000:7f:0f.5: Adding to iommu group 40
Jun 12 10:37:49.700279 localhost kernel: pci 0000:7f:0f.6: Adding to iommu group 40
Jun 12 10:37:49.700498 localhost kernel: pci 0000:7f:10.0: Adding to iommu group 41
Jun 12 10:37:49.700792 localhost kernel: pci 0000:7f:10.1: Adding to iommu group 41
Jun 12 10:37:49.701045 localhost kernel: pci 0000:7f:10.5: Adding to iommu group 41
Jun 12 10:37:49.701318 localhost kernel: pci 0000:7f:10.6: Adding to iommu group 41
Jun 12 10:37:49.701544 localhost kernel: pci 0000:7f:10.7: Adding to iommu group 41
Jun 12 10:37:49.701771 localhost kernel: pci 0000:7f:12.0: Adding to iommu group 42
Jun 12 10:37:49.702015 localhost kernel: pci 0000:7f:12.1: Adding to iommu group 42
Jun 12 10:37:49.702316 localhost kernel: pci 0000:7f:12.2: Adding to iommu group 42
Jun 12 10:37:49.702621 localhost kernel: pci 0000:7f:12.4: Adding to iommu group 42
Jun 12 10:37:49.702901 localhost kernel: pci 0000:7f:12.5: Adding to iommu group 42
Jun 12 10:37:49.703269 localhost kernel: pci 0000:7f:12.6: Adding to iommu group 42
Jun 12 10:37:49.703605 localhost kernel: pci 0000:7f:13.0: Adding to iommu group 43
Jun 12 10:37:49.703834 localhost kernel: pci 0000:7f:13.1: Adding to iommu group 43
Jun 12 10:37:49.704069 localhost kernel: pci 0000:7f:13.2: Adding to iommu group 43
Jun 12 10:37:49.704334 localhost kernel: pci 0000:7f:13.3: Adding to iommu group 43
Jun 12 10:37:49.704601 localhost kernel: pci 0000:7f:13.6: Adding to iommu group 43
Jun 12 10:37:49.704875 localhost kernel: pci 0000:7f:13.7: Adding to iommu group 43
Jun 12 10:37:49.705144 localhost kernel: pci 0000:7f:14.0: Adding to iommu group 44
Jun 12 10:37:49.705381 localhost kernel: pci 0000:7f:14.1: Adding to iommu group 44
Jun 12 10:37:49.705668 localhost kernel: pci 0000:7f:14.2: Adding to iommu group 44
Jun 12 10:37:49.705941 localhost kernel: pci 0000:7f:14.3: Adding to iommu group 44
Jun 12 10:37:49.706186 localhost kernel: pci 0000:7f:14.4: Adding to iommu group 44
Jun 12 10:37:49.706426 localhost kernel: pci 0000:7f:14.5: Adding to iommu group 44
Jun 12 10:37:49.706654 localhost kernel: pci 0000:7f:14.6: Adding to iommu group 44
Jun 12 10:37:49.706888 localhost kernel: pci 0000:7f:14.7: Adding to iommu group 44
Jun 12 10:37:49.707160 localhost kernel: pci 0000:7f:15.0: Adding to iommu group 45
Jun 12 10:37:49.707466 localhost kernel: pci 0000:7f:15.1: Adding to iommu group 45
Jun 12 10:37:49.707702 localhost kernel: pci 0000:7f:16.0: Adding to iommu group 46
Jun 12 10:37:49.707945 localhost kernel: pci 0000:7f:16.1: Adding to iommu group 46
Jun 12 10:37:49.708239 localhost kernel: pci 0000:7f:16.2: Adding to iommu group 46
Jun 12 10:37:49.708492 localhost kernel: pci 0000:7f:16.3: Adding to iommu group 46
Jun 12 10:37:49.708768 localhost kernel: pci 0000:7f:16.6: Adding to iommu group 46
Jun 12 10:37:49.709043 localhost kernel: pci 0000:7f:16.7: Adding to iommu group 46
Jun 12 10:37:49.709329 localhost kernel: pci 0000:7f:17.0: Adding to iommu group 47
Jun 12 10:37:49.709566 localhost kernel: pci 0000:7f:17.1: Adding to iommu group 47
Jun 12 10:37:49.709852 localhost kernel: pci 0000:7f:17.2: Adding to iommu group 47
Jun 12 10:37:49.710401 localhost kernel: pci 0000:7f:17.3: Adding to iommu group 47
Jun 12 10:37:49.710699 localhost kernel: pci 0000:7f:17.4: Adding to iommu group 47
Jun 12 10:37:49.710969 localhost kernel: pci 0000:7f:17.5: Adding to iommu group 47
Jun 12 10:37:49.711240 localhost kernel: pci 0000:7f:17.6: Adding to iommu group 47
Jun 12 10:37:49.711477 localhost kernel: pci 0000:7f:17.7: Adding to iommu group 47
Jun 12 10:37:49.711725 localhost kernel: pci 0000:7f:1e.0: Adding to iommu group 48
Jun 12 10:37:49.711978 localhost kernel: pci 0000:7f:1e.1: Adding to iommu group 48
Jun 12 10:37:49.712293 localhost kernel: pci 0000:7f:1e.2: Adding to iommu group 48
Jun 12 10:37:49.712531 localhost kernel: pci 0000:7f:1e.3: Adding to iommu group 48
Jun 12 10:37:49.712888 localhost kernel: pci 0000:7f:1e.4: Adding to iommu group 48
Jun 12 10:37:49.713140 localhost kernel: pci 0000:7f:1f.0: Adding to iommu group 49
Jun 12 10:37:49.713392 localhost kernel: pci 0000:7f:1f.2: Adding to iommu group 49
Jun 12 10:37:49.713663 localhost kernel: pci 0000:80:05.0: Adding to iommu group 50
Jun 12 10:37:49.713953 localhost kernel: pci 0000:80:05.1: Adding to iommu group 51
Jun 12 10:37:49.714227 localhost kernel: pci 0000:80:05.2: Adding to iommu group 52
Jun 12 10:37:49.714563 localhost kernel: pci 0000:80:05.4: Adding to iommu group 53
Jun 12 10:37:49.714789 localhost kernel: pci 0000:80:05.6: Adding to iommu group 54
Jun 12 10:37:49.715067 localhost kernel: pci 0000:ff:08.0: Adding to iommu group 55
Jun 12 10:37:49.715350 localhost kernel: pci 0000:ff:08.2: Adding to iommu group 55
Jun 12 10:37:49.715688 localhost kernel: pci 0000:ff:08.3: Adding to iommu group 55
Jun 12 10:37:49.715956 localhost kernel: pci 0000:ff:08.6: Adding to iommu group 55
Jun 12 10:37:49.716226 localhost kernel: pci 0000:ff:09.0: Adding to iommu group 56
Jun 12 10:37:49.716479 localhost kernel: pci 0000:ff:09.2: Adding to iommu group 56
Jun 12 10:37:49.716714 localhost kernel: pci 0000:ff:09.3: Adding to iommu group 56
Jun 12 10:37:49.716937 localhost kernel: pci 0000:ff:09.6: Adding to iommu group 56
Jun 12 10:37:49.717156 localhost kernel: pci 0000:ff:0b.0: Adding to iommu group 57
Jun 12 10:37:49.717377 localhost kernel: pci 0000:ff:0b.1: Adding to iommu group 57
Jun 12 10:37:49.717597 localhost kernel: pci 0000:ff:0b.2: Adding to iommu group 57
Jun 12 10:37:49.717824 localhost kernel: pci 0000:ff:0b.5: Adding to iommu group 57
Jun 12 10:37:49.718043 localhost kernel: pci 0000:ff:0c.0: Adding to iommu group 58
Jun 12 10:37:49.718270 localhost kernel: pci 0000:ff:0c.1: Adding to iommu group 58
Jun 12 10:37:49.718491 localhost kernel: pci 0000:ff:0c.2: Adding to iommu group 58
Jun 12 10:37:49.718718 localhost kernel: pci 0000:ff:0c.3: Adding to iommu group 58
Jun 12 10:37:49.718937 localhost kernel: pci 0000:ff:0c.4: Adding to iommu group 58
Jun 12 10:37:49.719156 localhost kernel: pci 0000:ff:0c.5: Adding to iommu group 58
Jun 12 10:37:49.719377 localhost kernel: pci 0000:ff:0c.6: Adding to iommu group 58
Jun 12 10:37:49.719597 localhost kernel: pci 0000:ff:0c.7: Adding to iommu group 58
Jun 12 10:37:49.719831 localhost kernel: pci 0000:ff:0d.0: Adding to iommu group 59
Jun 12 10:37:49.720057 localhost kernel: pci 0000:ff:0d.1: Adding to iommu group 59
Jun 12 10:37:49.720276 localhost kernel: pci 0000:ff:0d.2: Adding to iommu group 59
Jun 12 10:37:49.720495 localhost kernel: pci 0000:ff:0d.3: Adding to iommu group 59
Jun 12 10:37:49.720720 localhost kernel: pci 0000:ff:0f.0: Adding to iommu group 60
Jun 12 10:37:49.720941 localhost kernel: pci 0000:ff:0f.1: Adding to iommu group 60
Jun 12 10:37:49.721160 localhost kernel: pci 0000:ff:0f.2: Adding to iommu group 60
Jun 12 10:37:49.721379 localhost kernel: pci 0000:ff:0f.3: Adding to iommu group 60
Jun 12 10:37:49.721606 localhost kernel: pci 0000:ff:0f.4: Adding to iommu group 60
Jun 12 10:37:49.721834 localhost kernel: pci 0000:ff:0f.5: Adding to iommu group 60
Jun 12 10:37:49.722070 localhost kernel: pci 0000:ff:0f.6: Adding to iommu group 60
Jun 12 10:37:49.722304 localhost kernel: pci 0000:ff:10.0: Adding to iommu group 61
Jun 12 10:37:49.722529 localhost kernel: pci 0000:ff:10.1: Adding to iommu group 61
Jun 12 10:37:49.722757 localhost kernel: pci 0000:ff:10.5: Adding to iommu group 61
Jun 12 10:37:49.722979 localhost kernel: pci 0000:ff:10.6: Adding to iommu group 61
Jun 12 10:37:49.723208 localhost kernel: pci 0000:ff:10.7: Adding to iommu group 61
Jun 12 10:37:49.723429 localhost kernel: pci 0000:ff:12.0: Adding to iommu group 62
Jun 12 10:37:49.723660 localhost kernel: pci 0000:ff:12.1: Adding to iommu group 62
Jun 12 10:37:49.723884 localhost kernel: pci 0000:ff:12.2: Adding to iommu group 62
Jun 12 10:37:49.724104 localhost kernel: pci 0000:ff:12.4: Adding to iommu group 62
Jun 12 10:37:49.724326 localhost kernel: pci 0000:ff:12.5: Adding to iommu group 62
Jun 12 10:37:49.724545 localhost kernel: pci 0000:ff:12.6: Adding to iommu group 62
Jun 12 10:37:49.724773 localhost kernel: pci 0000:ff:13.0: Adding to iommu group 63
Jun 12 10:37:49.725003 localhost kernel: pci 0000:ff:13.1: Adding to iommu group 63
Jun 12 10:37:49.725224 localhost kernel: pci 0000:ff:13.2: Adding to iommu group 63
Jun 12 10:37:49.725445 localhost kernel: pci 0000:ff:13.3: Adding to iommu group 63
Jun 12 10:37:49.725671 localhost kernel: pci 0000:ff:13.6: Adding to iommu group 63
Jun 12 10:37:49.725894 localhost kernel: pci 0000:ff:13.7: Adding to iommu group 63
Jun 12 10:37:49.726115 localhost kernel: pci 0000:ff:14.0: Adding to iommu group 64
Jun 12 10:37:49.726337 localhost kernel: pci 0000:ff:14.1: Adding to iommu group 64
Jun 12 10:37:49.726567 localhost kernel: pci 0000:ff:14.2: Adding to iommu group 64
Jun 12 10:37:49.726795 localhost kernel: pci 0000:ff:14.3: Adding to iommu group 64
Jun 12 10:37:49.727015 localhost kernel: pci 0000:ff:14.4: Adding to iommu group 64
Jun 12 10:37:49.727235 localhost kernel: pci 0000:ff:14.5: Adding to iommu group 64
Jun 12 10:37:49.727455 localhost kernel: pci 0000:ff:14.6: Adding to iommu group 64
Jun 12 10:37:49.727683 localhost kernel: pci 0000:ff:14.7: Adding to iommu group 64
Jun 12 10:37:49.727906 localhost kernel: pci 0000:ff:15.0: Adding to iommu group 65
Jun 12 10:37:49.728127 localhost kernel: pci 0000:ff:15.1: Adding to iommu group 65
Jun 12 10:37:49.728355 localhost kernel: pci 0000:ff:16.0: Adding to iommu group 66
Jun 12 10:37:49.728576 localhost kernel: pci 0000:ff:16.1: Adding to iommu group 66
Jun 12 10:37:49.728807 localhost kernel: pci 0000:ff:16.2: Adding to iommu group 66
Jun 12 10:37:49.729029 localhost kernel: pci 0000:ff:16.3: Adding to iommu group 66
Jun 12 10:37:49.729248 localhost kernel: pci 0000:ff:16.6: Adding to iommu group 66
Jun 12 10:37:49.729474 localhost kernel: pci 0000:ff:16.7: Adding to iommu group 66
Jun 12 10:37:49.729704 localhost kernel: pci 0000:ff:17.0: Adding to iommu group 67
Jun 12 10:37:49.729936 localhost kernel: pci 0000:ff:17.1: Adding to iommu group 67
Jun 12 10:37:49.730157 localhost kernel: pci 0000:ff:17.2: Adding to iommu group 67
Jun 12 10:37:49.730377 localhost kernel: pci 0000:ff:17.3: Adding to iommu group 67
Jun 12 10:37:49.730597 localhost kernel: pci 0000:ff:17.4: Adding to iommu group 67
Jun 12 10:37:49.730824 localhost kernel: pci 0000:ff:17.5: Adding to iommu group 67
Jun 12 10:37:49.731044 localhost kernel: pci 0000:ff:17.6: Adding to iommu group 67
Jun 12 10:37:49.731264 localhost kernel: pci 0000:ff:17.7: Adding to iommu group 67
Jun 12 10:37:49.731493 localhost kernel: pci 0000:ff:1e.0: Adding to iommu group 68
Jun 12 10:37:49.731720 localhost kernel: pci 0000:ff:1e.1: Adding to iommu group 68
Jun 12 10:37:49.731940 localhost kernel: pci 0000:ff:1e.2: Adding to iommu group 68
Jun 12 10:37:49.732160 localhost kernel: pci 0000:ff:1e.3: Adding to iommu group 68
Jun 12 10:37:49.732380 localhost kernel: pci 0000:ff:1e.4: Adding to iommu group 68
Jun 12 10:37:49.732599 localhost kernel: pci 0000:ff:1f.0: Adding to iommu group 69
Jun 12 10:37:49.732826 localhost kernel: pci 0000:ff:1f.2: Adding to iommu group 69
Jun 12 10:37:49.732845 localhost kernel: DMAR: Intel(R) Virtualization Technology for Directed I/O
Jun 12 10:37:49.732864 localhost kernel: PCI-DMA: Using software bounce buffering for IO (SWIOTLB)
Jun 12 10:37:49.732876 localhost kernel: software IO TLB: mapped [mem 0x000000004feeb000-0x0000000053eeb000] (64MB)
Jun 12 10:37:49.732888 localhost kernel: RAPL PMU: API unit is 2^-32 Joules, 2 fixed counters, 655360 ms ovfl timer
Jun 12 10:37:49.732900 localhost kernel: RAPL PMU: hw unit of domain package 2^-14 Joules
Jun 12 10:37:49.732913 localhost kernel: RAPL PMU: hw unit of domain dram 2^-16 Joules
Jun 12 10:37:49.732925 localhost kernel: Initialise system trusted keyrings
Jun 12 10:37:49.732937 localhost kernel: Key type blacklist registered
Jun 12 10:37:49.732949 localhost kernel: workingset: timestamp_bits=36 max_order=25 bucket_order=0
Jun 12 10:37:49.732961 localhost kernel: zbud: loaded
Jun 12 10:37:49.732976 localhost kernel: integrity: Platform Keyring initialized
Jun 12 10:37:49.732988 localhost kernel: integrity: Machine keyring initialized
Jun 12 10:37:49.733001 localhost kernel: Allocating IMA blacklist keyring.
Jun 12 10:37:49.733013 localhost kernel: tsc: Refined TSC clocksource calibration: 1797.916 MHz
Jun 12 10:37:49.733026 localhost kernel: clocksource: tsc: mask: 0xffffffffffffffff max_cycles: 0x19ea7902822, max_idle_ns: 440795268112 ns
Jun 12 10:37:49.733039 localhost kernel: clocksource: Switched to clocksource tsc
Jun 12 10:37:49.733051 localhost kernel: Freeing initrd memory: 106200K
Jun 12 10:37:49.733063 localhost kernel: Key type asymmetric registered
Jun 12 10:37:49.733078 localhost kernel: Asymmetric key parser 'x509' registered
Jun 12 10:37:49.733090 localhost kernel: Block layer SCSI generic (bsg) driver version 0.4 loaded (major 246)
Jun 12 10:37:49.733102 localhost kernel: io scheduler mq-deadline registered
Jun 12 10:37:49.733114 localhost kernel: io scheduler kyber registered
Jun 12 10:37:49.733126 localhost kernel: io scheduler bfq registered
Jun 12 10:37:49.733138 localhost kernel: ledtrig-cpu: registered to indicate activity on CPUs
Jun 12 10:37:49.733355 localhost kernel: pcieport 0000:00:01.0: PME: Signaling with IRQ 27
Jun 12 10:37:49.733574 localhost kernel: pcieport 0000:00:01.1: PME: Signaling with IRQ 28
Jun 12 10:37:49.733799 localhost kernel: pcieport 0000:00:02.0: PME: Signaling with IRQ 30
Jun 12 10:37:49.734026 localhost kernel: pcieport 0000:00:02.1: PME: Signaling with IRQ 31
Jun 12 10:37:49.734259 localhost kernel: pcieport 0000:00:02.2: PME: Signaling with IRQ 32
Jun 12 10:37:49.734491 localhost kernel: pcieport 0000:00:02.3: PME: Signaling with IRQ 33
Jun 12 10:37:49.734718 localhost kernel: pcieport 0000:00:03.0: PME: Signaling with IRQ 35
Jun 12 10:37:49.734936 localhost kernel: pcieport 0000:00:03.1: PME: Signaling with IRQ 36
Jun 12 10:37:49.735153 localhost kernel: pcieport 0000:00:03.2: PME: Signaling with IRQ 37
Jun 12 10:37:49.735370 localhost kernel: pcieport 0000:00:03.3: PME: Signaling with IRQ 38
Jun 12 10:37:49.735587 localhost kernel: pcieport 0000:00:1c.0: Enabling MPC IRBNCE
Jun 12 10:37:49.735819 localhost kernel: pcieport 0000:00:1c.0: Intel PCH root port ACS workaround enabled
Jun 12 10:37:49.736037 localhost kernel: pcieport 0000:00:1c.0: PME: Signaling with IRQ 39
Jun 12 10:37:49.736253 localhost kernel: pcieport 0000:00:1c.2: Enabling MPC IRBNCE
Jun 12 10:37:49.736471 localhost kernel: pcieport 0000:00:1c.2: Intel PCH root port ACS workaround enabled
Jun 12 10:37:49.736700 localhost kernel: pcieport 0000:00:1c.2: PME: Signaling with IRQ 40
Jun 12 10:37:49.736919 localhost kernel: pcieport 0000:00:1c.4: Enabling MPC IRBNCE
Jun 12 10:37:49.737135 localhost kernel: pcieport 0000:00:1c.4: Intel PCH root port ACS workaround enabled
Jun 12 10:37:49.737352 localhost kernel: pcieport 0000:00:1c.4: PME: Signaling with IRQ 41
Jun 12 10:37:49.737569 localhost kernel: pcieport 0000:00:1c.6: Enabling MPC IRBNCE
Jun 12 10:37:49.737803 localhost kernel: pcieport 0000:00:1c.6: Intel PCH root port ACS workaround enabled
Jun 12 10:37:49.738021 localhost kernel: pcieport 0000:00:1c.6: PME: Signaling with IRQ 42
Jun 12 10:37:49.738238 localhost kernel: pcieport 0000:00:1c.7: Enabling MPC IRBNCE
Jun 12 10:37:49.738455 localhost kernel: pcieport 0000:00:1c.7: Intel PCH root port ACS workaround enabled
Jun 12 10:37:49.738679 localhost kernel: pcieport 0000:00:1c.7: PME: Signaling with IRQ 43
Jun 12 10:37:49.738898 localhost kernel: pcieport 0000:80:00.0: PME: Signaling with IRQ 44
Jun 12 10:37:49.739120 localhost kernel: pcieport 0000:80:01.0: can't derive routing for PCI INT A
Jun 12 10:37:49.739338 localhost kernel: pcieport 0000:80:01.0: PCI INT A: not connected
Jun 12 10:37:49.739563 localhost kernel: pcieport 0000:80:01.0: PME: Signaling with IRQ 45
Jun 12 10:37:49.739796 localhost kernel: pcieport 0000:80:01.1: can't derive routing for PCI INT A
Jun 12 10:37:49.740015 localhost kernel: pcieport 0000:80:01.1: PCI INT A: not connected
Jun 12 10:37:49.740232 localhost kernel: pcieport 0000:80:01.1: PME: Signaling with IRQ 46
Jun 12 10:37:49.740450 localhost kernel: pcieport 0000:80:02.0: can't derive routing for PCI INT A
Jun 12 10:37:49.740674 localhost kernel: pcieport 0000:80:02.0: PCI INT A: not connected
Jun 12 10:37:49.740892 localhost kernel: pcieport 0000:80:02.0: PME: Signaling with IRQ 47
Jun 12 10:37:49.741110 localhost kernel: pcieport 0000:80:02.1: can't derive routing for PCI INT A
Jun 12 10:37:49.741327 localhost kernel: pcieport 0000:80:02.1: PCI INT A: not connected
Jun 12 10:37:49.741552 localhost kernel: pcieport 0000:80:02.1: PME: Signaling with IRQ 48
Jun 12 10:37:49.741780 localhost kernel: pcieport 0000:80:02.2: can't derive routing for PCI INT A
Jun 12 10:37:49.741998 localhost kernel: pcieport 0000:80:02.2: PCI INT A: not connected
Jun 12 10:37:49.742214 localhost kernel: pcieport 0000:80:02.2: PME: Signaling with IRQ 49
Jun 12 10:37:49.742431 localhost kernel: pcieport 0000:80:02.3: can't derive routing for PCI INT A
Jun 12 10:37:49.742655 localhost kernel: pcieport 0000:80:02.3: PCI INT A: not connected
Jun 12 10:37:49.742875 localhost kernel: pcieport 0000:80:02.3: PME: Signaling with IRQ 50
Jun 12 10:37:49.743092 localhost kernel: pcieport 0000:80:03.0: can't derive routing for PCI INT A
Jun 12 10:37:49.743316 localhost kernel: pcieport 0000:80:03.0: PCI INT A: not connected
Jun 12 10:37:49.743533 localhost kernel: pcieport 0000:80:03.0: PME: Signaling with IRQ 51
Jun 12 10:37:49.743759 localhost kernel: pcieport 0000:80:03.1: can't derive routing for PCI INT A
Jun 12 10:37:49.743977 localhost kernel: pcieport 0000:80:03.1: PCI INT A: not connected
Jun 12 10:37:49.744194 localhost kernel: pcieport 0000:80:03.1: PME: Signaling with IRQ 52
Jun 12 10:37:49.744411 localhost kernel: pcieport 0000:80:03.2: can't derive routing for PCI INT A
Jun 12 10:37:49.744627 localhost kernel: pcieport 0000:80:03.2: PCI INT A: not connected
Jun 12 10:37:49.744852 localhost kernel: pcieport 0000:80:03.2: PME: Signaling with IRQ 53
Jun 12 10:37:49.745070 localhost kernel: pcieport 0000:80:03.3: can't derive routing for PCI INT A
Jun 12 10:37:49.745296 localhost kernel: pcieport 0000:80:03.3: PCI INT A: not connected
Jun 12 10:37:49.745515 localhost kernel: pcieport 0000:80:03.3: PME: Signaling with IRQ 54
Jun 12 10:37:49.745534 localhost kernel: shpchp: Standard Hot Plug PCI Controller Driver version: 0.4
Jun 12 10:37:49.745546 localhost kernel: ERST: Error Record Serialization Table (ERST) support is initialized.
Jun 12 10:37:49.745559 localhost kernel: pstore: Using crash dump compression: deflate
Jun 12 10:37:49.745571 localhost kernel: pstore: Registered erst as persistent store backend
Jun 12 10:37:49.745583 localhost kernel: Serial: 8250/16550 driver, 32 ports, IRQ sharing enabled
Jun 12 10:37:49.745596 localhost kernel: 00:02: ttyS0 at I/O 0x3f8 (irq = 4, base_baud = 115200) is a 16550A
Jun 12 10:37:49.745612 localhost kernel: 00:03: ttyS1 at I/O 0x2f8 (irq = 3, base_baud = 115200) is a 16550A
Jun 12 10:37:49.745625 localhost kernel: Non-volatile memory driver v1.3
Jun 12 10:37:49.745637 localhost kernel: Linux agpgart interface v0.103
Jun 12 10:37:49.745655 localhost kernel: ACPI: bus type drm_connector registered
Jun 12 10:37:49.745667 localhost kernel: i8042: PNP: No PS/2 controller found.
Jun 12 10:37:49.745679 localhost kernel: i8042: Probing ports directly.
Jun 12 10:37:49.745691 localhost kernel: i8042: Can't read CTR while initializing i8042
Jun 12 10:37:49.745928 localhost kernel: i8042 i8042: probe with driver i8042 failed with error -5
Jun 12 10:37:49.745955 localhost kernel: mousedev: PS/2 mouse device common for all mice
Jun 12 10:37:49.746173 localhost kernel: rtc_cmos 00:00: RTC can wake from S4
Jun 12 10:37:49.746385 localhost kernel: rtc_cmos 00:00: registered as rtc0
Jun 12 10:37:49.746592 localhost kernel: rtc_cmos 00:00: setting system clock to 2026-06-12T10:37:48 UTC (1781260668)
Jun 12 10:37:49.746808 localhost kernel: rtc_cmos 00:00: alarms up to one month, y3k, 114 bytes nvram
Jun 12 10:37:49.746827 localhost kernel: intel_pstate: Intel P-state driver initializing
Jun 12 10:37:49.747066 localhost kernel: simple-framebuffer simple-framebuffer.0: [drm] Registered 1 planes with drm panic
Jun 12 10:37:49.747093 localhost kernel: [drm] Initialized simpledrm 1.0.0 for simple-framebuffer.0 on minor 0
Jun 12 10:37:49.747105 localhost kernel: Console: switching to colour frame buffer device 128x48
Jun 12 10:37:49.747325 localhost kernel: simple-framebuffer simple-framebuffer.0: [drm] fb0: simpledrmdrmfb frame buffer device
Jun 12 10:37:49.747345 localhost kernel: hid: raw HID events driver (C) Jiri Kosina
Jun 12 10:37:49.747357 localhost kernel: drop_monitor: Initializing network drop monitor service
Jun 12 10:37:49.747369 localhost kernel: NET: Registered PF_INET6 protocol family
Jun 12 10:37:49.747381 localhost kernel: Segment Routing with IPv6
Jun 12 10:37:49.747393 localhost kernel: RPL Segment Routing with IPv6
Jun 12 10:37:49.747405 localhost kernel: In-situ OAM (IOAM) with IPv6
Jun 12 10:37:49.747422 localhost kernel: microcode: Current revision: 0x00000049
Jun 12 10:37:49.747434 localhost kernel: resctrl: L3 monitoring detected
Jun 12 10:37:49.747446 localhost kernel: IPI shorthand broadcast: enabled
Jun 12 10:37:49.747458 localhost kernel: sched_clock: Marking stable (8278002775, 1339125)->(8309209740, -29867840)
Jun 12 10:37:49.747470 localhost kernel: registered taskstats version 1
Jun 12 10:37:49.747482 localhost kernel: Loading compiled-in X.509 certificates
Jun 12 10:37:49.747494 localhost kernel: Loaded X.509 cert 'SUSE Linux Products GmbH: ALP Secure Boot Signkey: 939dd72e1ee1ba7b2e5c14b8180da819d7822c79'
Jun 12 10:37:49.747507 localhost kernel: Demotion targets for Node 0: null
Jun 12 10:37:49.747518 localhost kernel: Demotion targets for Node 1: null
Jun 12 10:37:49.747533 localhost kernel: page_owner is disabled
Jun 12 10:37:49.747545 localhost kernel: Key type .fscrypt registered
Jun 12 10:37:49.747557 localhost kernel: Key type fscrypt-provisioning registered
Jun 12 10:37:49.747569 localhost kernel: cryptd: max_cpu_qlen set to 1000
Jun 12 10:37:49.747581 localhost kernel: AES CTR mode by8 optimization enabled
Jun 12 10:37:49.747593 localhost kernel: Key type encrypted registered
Jun 12 10:37:49.747605 localhost kernel: integrity: Loading X.509 certificate: UEFI:db
Jun 12 10:37:49.747618 localhost kernel: integrity: Loaded X.509 cert 'Hewlett-Packard Company: HP UEFI Secure Boot 2013 DB key: 1d7cf2c2b92673f69c8ee1ec7063967ab9b62bec'
Jun 12 10:37:49.747630 localhost kernel: integrity: Loading X.509 certificate: UEFI:db
Jun 12 10:37:49.747651 localhost kernel: integrity: Loaded X.509 cert 'Microsoft Corporation UEFI CA 2011: 13adbf4309bd82709c8cd54f316ed522988a1bd4'
Jun 12 10:37:49.747663 localhost kernel: integrity: Loading X.509 certificate: UEFI:db
Jun 12 10:37:49.747675 localhost kernel: integrity: Loaded X.509 cert 'Microsoft Windows Production PCA 2011: a92902398e16c49778cd90f99e4f9ae17c55af53'
Jun 12 10:37:49.747687 localhost kernel: integrity: Loading X.509 certificate: UEFI:db
Jun 12 10:37:49.747699 localhost kernel: integrity: Loaded X.509 cert 'SUSE Linux Enterprise Secure Boot Signkey: 3fb077b6cebc6ff2522e1c148c57c777c788e3e7'
Jun 12 10:37:49.747711 localhost kernel: integrity: Loading X.509 certificate: UEFI:db
Jun 12 10:37:49.747723 localhost kernel: integrity: Loaded X.509 cert 'Hewlett Packard Enterprise Company: HPE UEFI Secure Boot 2016 DB Key: a068bfe686eec826df935e3bb1cd36f1c2772560'
Jun 12 10:37:49.747735 localhost kernel: ima: No TPM chip found, activating TPM-bypass!
Jun 12 10:37:49.747747 localhost kernel: Loading compiled-in module X.509 certificates
Jun 12 10:37:49.747763 localhost kernel: Loaded X.509 cert 'SUSE Linux Products GmbH: ALP Secure Boot Signkey: 939dd72e1ee1ba7b2e5c14b8180da819d7822c79'
Jun 12 10:37:49.747775 localhost kernel: ima: Allocated hash algorithm: sha256
Jun 12 10:37:49.747787 localhost kernel: ima: No architecture policies found
Jun 12 10:37:49.747799 localhost kernel: evm: Initialising EVM extended attributes:
Jun 12 10:37:49.747811 localhost kernel: evm: security.selinux
Jun 12 10:37:49.747823 localhost kernel: evm: security.SMACK64 (disabled)
Jun 12 10:37:49.747835 localhost kernel: evm: security.SMACK64EXEC (disabled)
Jun 12 10:37:49.747847 localhost kernel: evm: security.SMACK64TRANSMUTE (disabled)
Jun 12 10:37:49.747859 localhost kernel: evm: security.SMACK64MMAP (disabled)
Jun 12 10:37:49.747874 localhost kernel: evm: security.apparmor
Jun 12 10:37:49.747886 localhost kernel: evm: security.ima
Jun 12 10:37:49.747898 localhost kernel: evm: security.capability
Jun 12 10:37:49.747910 localhost kernel: evm: HMAC attrs: 0x1
Jun 12 10:37:49.747922 localhost kernel: Running certificate verification RSA selftest
Jun 12 10:37:49.747934 localhost kernel: Loaded X.509 cert 'Certificate verification self-testing key: f58703bb33ce1b73ee02eccdee5b8817518fe3db'
Jun 12 10:37:49.747947 localhost kernel: Running certificate verification ECDSA selftest
Jun 12 10:37:49.747959 localhost kernel: Loaded X.509 cert 'Certificate verification ECDSA self-testing key: 2900bcea1deb7bc8479a84a23d758efdfdd2b2d3'
Jun 12 10:37:49.747971 localhost kernel: RAS: Correctable Errors collector initialized.
Jun 12 10:37:49.747986 localhost kernel: clk: Disabling unused clocks
Jun 12 10:37:49.747998 localhost kernel: PM: genpd: Disabling unused power domains
Jun 12 10:37:49.748010 localhost kernel: Freeing unused decrypted memory: 2028K
Jun 12 10:37:49.748022 localhost kernel: Freeing unused kernel image (initmem) memory: 4180K
Jun 12 10:37:49.748034 localhost kernel: Write protecting the kernel read-only data: 30720k
Jun 12 10:37:49.748046 localhost kernel: Freeing unused kernel image (rodata/data gap) memory: 580K
Jun 12 10:37:49.748058 localhost kernel: x86/mm: Checked W+X mappings: passed, no W+X pages found.
Jun 12 10:37:49.748070 localhost kernel: x86/mm: Checking user space page tables
Jun 12 10:37:49.748082 localhost kernel: x86/mm: Checked W+X mappings: passed, no W+X pages found.
Jun 12 10:37:49.748097 localhost kernel: Run /init as init process
Jun 12 10:37:49.748109 localhost kernel:   with arguments:
Jun 12 10:37:49.748121 localhost kernel:     /init
Jun 12 10:37:49.748133 localhost kernel:   with environment:
Jun 12 10:37:49.748145 localhost kernel:     HOME=/
Jun 12 10:37:49.748156 localhost kernel:     TERM=linux
Jun 12 10:37:49.748168 localhost kernel:     BOOT_IMAGE=(loop0)/boot/vmlinuz
Jun 12 10:37:49.748181 localhost kernel:     cos-img/filename=/cOS/active.img
Jun 12 10:37:49.748195 localhost kernel:     multipath=off
Jun 12 10:37:49.748208 localhost kernel:     ifname=netboot:5c:b9:01:88:d0:44
Jun 12 10:37:49.748220 localhost kernel: ERST: [Firmware Warn]: Firmware does not respond in time.
Jun 12 10:37:49.748234 localhost systemd[1]: Successfully made /usr/ read-only.
Jun 12 10:37:49.748252 localhost systemd[1]: systemd 257.13+suse.38.gd349fc5cd4 running in system mode (+PAM +AUDIT +SELINUX -APPARMOR +IMA +IPE -SMACK +SECCOMP +GCRYPT +GNUTLS +OPENSSL +ACL +BLKID +CURL +ELFUTILS +FIDO2 +IDN2 -IDN +IPTC +KMOD +LIBCRYPTSETUP +LIBCRYPTSETUP_PLUGINS +LIBFDISK +PCRE2 +PWQUALITY +P11KIT +QRENCODE +TPM2 +BZIP2 +LZ4 +XZ +ZLIB +ZSTD +BPF_FRAMEWORK -BTF -XKBCOMMON -UTMP +SYSVINIT +LIBARCHIVE)
Jun 12 10:37:49.748267 localhost systemd[1]: Detected architecture x86-64.
Jun 12 10:37:49.748280 localhost systemd[1]: Running in initrd.
Jun 12 10:37:49.748293 localhost systemd[1]: No hostname configured, using default hostname.
Jun 12 10:37:49.748310 localhost systemd[1]: Hostname set to <localhost>.
Jun 12 10:37:49.748324 localhost systemd[1]: Initializing machine ID from random generator.
Jun 12 10:37:49.748337 localhost kernel: audit: type=1334 audit(1781260669.131:4): prog-id=1 op=LOAD
Jun 12 10:37:49.748351 localhost kernel: audit: type=1300 audit(1781260669.131:4): arch=c000003e syscall=321 success=yes exit=8 a0=5 a1=7ffd13a53790 a2=98 a3=0 items=0 ppid=0 pid=1 auid=4294967295 uid=0 gid=0 euid=0 suid=0 fsuid=0 egid=0 sgid=0 fsgid=0 tty=(none) ses=4294967295 comm="systemd" exe="/usr/lib/systemd/systemd" subj=kernel key=(null)
Jun 12 10:37:49.748363 localhost kernel: audit: type=1327 audit(1781260669.131:4): proctitle="/init"
Jun 12 10:37:49.748376 localhost kernel: audit: type=1334 audit(1781260669.131:5): prog-id=1 op=UNLOAD
Jun 12 10:37:49.748389 localhost kernel: audit: type=1300 audit(1781260669.131:5): arch=c000003e syscall=3 success=yes exit=0 a0=8 a1=7ffd13a53870 a2=98 a3=200000008 items=0 ppid=0 pid=1 auid=4294967295 uid=0 gid=0 euid=0 suid=0 fsuid=0 egid=0 sgid=0 fsgid=0 tty=(none) ses=4294967295 comm="systemd" exe="/usr/lib/systemd/systemd" subj=kernel key=(null)
Jun 12 10:37:49.748405 localhost kernel: audit: type=1327 audit(1781260669.131:5): proctitle="/init"
Jun 12 10:37:49.748417 localhost kernel: audit: type=1334 audit(1781260669.131:6): prog-id=2 op=LOAD
Jun 12 10:37:49.748430 localhost kernel: audit: type=1300 audit(1781260669.131:6): arch=c000003e syscall=321 success=yes exit=8 a0=5 a1=7ffd13a53840 a2=98 a3=0 items=0 ppid=0 pid=1 auid=4294967295 uid=0 gid=0 euid=0 suid=0 fsuid=0 egid=0 sgid=0 fsgid=0 tty=(none) ses=4294967295 comm="systemd" exe="/usr/lib/systemd/systemd" subj=kernel key=(null)
Jun 12 10:37:49.748443 localhost kernel: audit: type=1327 audit(1781260669.131:6): proctitle="/init"
Jun 12 10:37:49.748455 localhost kernel: audit: type=1334 audit(1781260669.131:7): prog-id=2 op=UNLOAD
Jun 12 10:37:49.748467 localhost systemd[1]: bpf-restrict-fs: LSM BPF program attached
Jun 12 10:37:49.748480 localhost systemd[1]: Queued start job for default target Initrd Default Target.
Jun 12 10:37:49.748496 localhost systemd[1]: Created slice Slice /system/rdma-load-modules.
Jun 12 10:37:49.748509 localhost systemd[1]: Started Dispatch Password Requests to Console Directory Watch.
Jun 12 10:37:49.748522 localhost systemd[1]: Expecting device /dev/disk/by-label/COS_OEM...
Jun 12 10:37:49.748535 localhost systemd[1]: Expecting device /dev/disk/by-label/COS_STATE...
Jun 12 10:37:49.748548 localhost systemd[1]: Reached target Local Encrypted Volumes.
Jun 12 10:37:49.748562 localhost systemd[1]: Reached target Initrd /usr File System.
Jun 12 10:37:49.748575 localhost systemd[1]: Reached target Path Units.
Jun 12 10:37:49.748587 localhost systemd[1]: Reached target Slice Units.
Jun 12 10:37:49.748603 localhost systemd[1]: Reached target Swaps.
Jun 12 10:37:49.748616 localhost systemd[1]: Reached target Timer Units.
Jun 12 10:37:49.748629 localhost systemd[1]: Listening on D-Bus System Message Bus Socket.
Jun 12 10:37:49.748646 localhost systemd[1]: Listening on Open-iSCSI iscsid Socket.
Jun 12 10:37:49.748660 localhost systemd[1]: Listening on Journal Socket (/dev/log).
Jun 12 10:37:49.748672 localhost systemd[1]: Listening on Journal Sockets.
Jun 12 10:37:49.748686 localhost systemd[1]: Listening on udev Control Socket.
Jun 12 10:37:49.748698 localhost systemd[1]: Listening on udev Kernel Socket.
Jun 12 10:37:49.748711 localhost systemd[1]: Reached target Socket Units.
Jun 12 10:37:49.748728 localhost systemd[1]: Starting Create List of Static Device Nodes...
Jun 12 10:37:49.748741 localhost systemd[1]: Device-Mapper Multipath Device Controller skipped, unmet condition check ConditionKernelCommandLine=!multipath=off
Jun 12 10:37:49.748754 localhost systemd[1]: Starting Load RDMA modules from /etc/rdma/modules/infiniband.conf...
Jun 12 10:37:49.748768 localhost systemd[1]: Starting Load RDMA modules from /etc/rdma/modules/rdma.conf...
Jun 12 10:37:49.748780 localhost systemd[1]: Starting Load RDMA modules from /etc/rdma/modules/roce.conf...
Jun 12 10:37:49.748793 localhost systemd[1]: Starting Journal Service...
Jun 12 10:37:49.748806 localhost systemd[1]: Starting Load Kernel Modules...
Jun 12 10:37:49.748819 localhost systemd[1]: Starting Virtual Console Setup...
Jun 12 10:37:49.748832 localhost systemd[1]: Finished Create List of Static Device Nodes.
Jun 12 10:37:49.748848 localhost systemd[1]: Finished Load RDMA modules from /etc/rdma/modules/roce.conf.
Jun 12 10:37:49.748861 localhost systemd[1]: Starting Create Static Device Nodes in /dev gracefully...
Jun 12 10:37:49.748874 localhost systemd[1]: Finished Create Static Device Nodes in /dev gracefully.
Jun 12 10:37:49.748927 localhost systemd-journald[540]: Collecting audit messages is disabled.
Jun 12 10:37:49.748969 localhost systemd[1]: Starting Create System Users...
Jun 12 10:37:49.748983 localhost systemd[1]: Finished Create System Users.
Jun 12 10:37:49.748998 localhost systemd[1]: Starting Create Static Device Nodes in /dev...
Jun 12 10:37:49.749011 localhost systemd[1]: Finished Create Static Device Nodes in /dev.
Jun 12 10:37:49.749024 localhost systemd[1]: Reached target Preparation for Local File Systems.
Jun 12 10:37:49.749036 localhost systemd[1]: Reached target Local File Systems.
Jun 12 10:37:49.749049 localhost kernel: SCSI subsystem initialized
Jun 12 10:37:49.749065 localhost kernel: NET: Registered PF_VSOCK protocol family
Jun 12 10:37:49.749077 localhost systemd[1]: Finished Virtual Console Setup.
Jun 12 10:37:49.749090 localhost systemd[1]: dracut ask for additional cmdline parameters skipped, no trigger condition checks were met.
Jun 12 10:37:49.749104 localhost systemd[1]: Starting dracut cmdline hook...
Jun 12 10:37:49.749116 localhost kernel: alua: device handler registered
Jun 12 10:37:49.749129 localhost kernel: Guest personality initialized and is inactive
Jun 12 10:37:49.749141 localhost kernel: VMCI host device registered (name=vmci, major=10, minor=261)
Jun 12 10:37:49.749153 localhost kernel: Initialized host personality
Jun 12 10:37:49.749165 localhost kernel: rdac: device handler registered
Jun 12 10:37:49.749180 localhost kernel: emc: device handler registered
Jun 12 10:37:49.749192 localhost systemd[1]: Finished Load Kernel Modules.
Jun 12 10:37:49.749206 localhost systemd[1]: Starting Apply Kernel Variables...
Jun 12 10:37:49.749219 localhost kernel: Loading iSCSI transport class v2.0-870.
Jun 12 10:37:49.749231 localhost systemd[1]: Finished Load RDMA modules from /etc/rdma/modules/infiniband.conf.
Jun 12 10:37:49.749244 localhost systemd[1]: Finished Apply Kernel Variables.
Jun 12 10:37:49.749257 localhost kernel: iscsi: registered transport (iser)
Jun 12 10:37:49.750758 localhost systemd[1]: Started Journal Service.
Jun 12 10:37:49.826709 localhost kernel: iscsi: registered transport (tcp)
Jun 12 10:37:49.838178 localhost kernel: RPC: Registered named UNIX socket transport module.
Jun 12 10:37:49.838271 localhost kernel: RPC: Registered udp transport module.
Jun 12 10:37:49.838308 localhost kernel: RPC: Registered tcp transport module.
Jun 12 10:37:49.839126 localhost kernel: RPC: Registered tcp-with-tls transport module.
Jun 12 10:37:49.839202 localhost kernel: RPC: Registered tcp NFSv4.1 backchannel transport module.
Jun 12 10:37:49.867671 localhost kernel: iscsi: registered transport (qla4xxx)
Jun 12 10:37:49.867751 localhost kernel: QLogic iSCSI HBA Driver
Jun 12 10:37:49.917715 localhost kernel: libcxgbi:libcxgbi_init_module: Chelsio iSCSI driver library libcxgbi v0.9.1-ko (Apr. 2015)
Jun 12 10:37:49.919650 localhost kernel: RPC: Registered rdma transport module.
Jun 12 10:37:49.919684 localhost kernel: RPC: Registered rdma backchannel transport module.
Jun 12 10:37:50.004674 localhost kernel: Chelsio T4-T6 iSCSI Driver cxgb4i v0.9.5-ko (Apr. 2015)
Jun 12 10:37:50.004716 localhost kernel: iscsi: registered transport (cxgb4i)
Jun 12 10:37:50.006657 localhost kernel: cxgb4i:cxgb4i_init_module: cxgb4i dcb enabled.
Jun 12 10:37:50.019658 localhost kernel: cnic: QLogic cnicDriver v2.5.22 (July 20, 2015)
Jun 12 10:37:50.027922 localhost kernel: QLogic NetXtreme II iSCSI Driver bnx2i v2.7.10.1 (Jul 16, 2014)
Jun 12 10:37:50.027962 localhost kernel: iscsi: registered transport (bnx2i)
Jun 12 10:37:50.087704 localhost kernel: iscsi: registered transport (be2iscsi)
Jun 12 10:37:50.087794 localhost kernel: In beiscsi_module_init, tt=00000000eaab2e63
Jun 12 10:37:50.303689 localhost kernel: device-mapper: uevent: version 1.0.3
Jun 12 10:37:50.317656 localhost kernel: device-mapper: ioctl: 4.49.0-ioctl (2025-01-17) initialised: dm-devel@lists.linux.dev
Jun 12 10:37:50.824665 localhost kernel: Key type psk registered
Jun 12 10:37:50.824732 localhost kernel: hpwdt 0000:01:00.0: HPE Watchdog Timer Driver: NMI decoding initialized
Jun 12 10:37:50.825107 localhost kernel: hpwdt 0000:01:00.0: HPE Watchdog Timer Driver: Version: 2.0.4
Jun 12 10:37:50.825837 localhost kernel: hpwdt 0000:01:00.0: timeout: 30 seconds (nowayout=0)
Jun 12 10:37:50.826170 localhost kernel: hpwdt 0000:01:00.0: pretimeout: on.
Jun 12 10:37:50.826464 localhost kernel: hpwdt 0000:01:00.0: kdumptimeout: -1.
Jun 12 10:37:50.841662 localhost kernel: HP HPSA Driver (v 3.4.20-200)
Jun 12 10:37:50.841704 localhost kernel: hpsa 0000:03:00.0: can't disable ASPM; OS doesn't have ASPM control
Jun 12 10:37:50.844676 localhost kernel: hpsa 0000:03:00.0: Logical aborts not supported
Jun 12 10:37:50.878087 localhost kernel: ACPI: bus type USB registered
Jun 12 10:37:50.878165 localhost kernel: usbcore: registered new interface driver usbfs
Jun 12 10:37:50.878186 localhost kernel: usbcore: registered new interface driver hub
Jun 12 10:37:50.878202 localhost kernel: usbcore: registered new device driver usb
Jun 12 10:37:50.879653 localhost kernel: dca service started, version 1.12.1
Jun 12 10:37:50.882655 localhost kernel: scsi host0: hpsa
Jun 12 10:37:50.883667 localhost kernel: hpsa can't handle SMP requests
Jun 12 10:37:50.886739 localhost kernel: nvme nvme0: pci function 0000:08:00.0
Jun 12 10:37:50.900679 localhost kernel: nvme nvme0: D3 entry latency set to 10 seconds
Jun 12 10:37:50.909137 localhost kernel: hpsa 0000:03:00.0: scsi 0:0:0:0: added RAID              HP       P440ar           controller SSDSmartPathCap- En- Exp=1
Jun 12 10:37:50.909499 localhost kernel: hpsa 0000:03:00.0: scsi 0:0:1:0: masked Direct-Access     HP       EG0300FCVBF      PHYS DRV SSDSmartPathCap- En- Exp=0
Jun 12 10:37:50.909810 localhost kernel: hpsa 0000:03:00.0: scsi 0:0:2:0: masked Direct-Access     HP       EG0300FCVBF      PHYS DRV SSDSmartPathCap- En- Exp=0
Jun 12 10:37:50.910096 localhost kernel: hpsa 0000:03:00.0: scsi 0:0:3:0: masked Direct-Access     HP       EG0300FCVBF      PHYS DRV SSDSmartPathCap- En- Exp=0
Jun 12 10:37:50.910366 localhost kernel: hpsa 0000:03:00.0: scsi 0:0:4:0: masked Direct-Access     HP       EG0300FCVBF      PHYS DRV SSDSmartPathCap- En- Exp=0
Jun 12 10:37:50.910634 localhost kernel: hpsa 0000:03:00.0: scsi 0:0:5:0: masked Direct-Access     HP       EG0300FCVBF      PHYS DRV SSDSmartPathCap- En- Exp=0
Jun 12 10:37:50.910917 localhost kernel: hpsa 0000:03:00.0: scsi 0:0:6:0: masked Direct-Access     HP       EG0300FCVBF      PHYS DRV SSDSmartPathCap- En- Exp=0
Jun 12 10:37:50.911180 localhost kernel: hpsa 0000:03:00.0: scsi 0:0:7:0: masked Direct-Access     ATA      Samsung SSD 870  PHYS DRV SSDSmartPathCap- En- Exp=0
Jun 12 10:37:50.911438 localhost kernel: hpsa 0000:03:00.0: scsi 0:1:0:0: added Direct-Access     HP       LOGICAL VOLUME   RAID-0 SSDSmartPathCap- En- Exp=1
Jun 12 10:37:50.911722 localhost kernel: hpsa can't handle SMP requests
Jun 12 10:37:50.911742 localhost kernel: scsi 0:0:0:0: RAID              HP       P440ar           7.00 PQ: 0 ANSI: 5
Jun 12 10:37:50.911892 localhost kernel: scsi 0:1:0:0: Direct-Access     HP       LOGICAL VOLUME   7.00 PQ: 0 ANSI: 5
Jun 12 10:37:50.913647 localhost kernel: scsi 0:0:0:0: Attached scsi generic sg0 type 12
Jun 12 10:37:50.913988 localhost kernel: sd 0:1:0:0: Attached scsi generic sg1 type 0
Jun 12 10:37:50.914279 localhost kernel: sd 0:1:0:0: [sda] 3515228764 512-byte logical blocks: (1.80 TB/1.64 TiB)
Jun 12 10:37:50.914557 localhost kernel: sd 0:1:0:0: [sda] Write Protect is off
Jun 12 10:37:50.914829 localhost kernel: sd 0:1:0:0: [sda] Mode Sense: 73 00 00 08
Jun 12 10:37:50.915084 localhost kernel: tg3 0000:02:00.0 eth0: Tigon3 [partno(N/A) rev 5719001] (PCI Express) MAC address ec:b1:d7:89:df:88
Jun 12 10:37:50.915364 localhost kernel: sd 0:1:0:0: [sda] Write cache: disabled, read cache: disabled, doesn't support DPO or FUA
Jun 12 10:37:50.915623 localhost kernel: tg3 0000:02:00.0 eth0: attached PHY is 5719C (10/100/1000Base-T Ethernet) (WireSpeed[1], EEE[1])
Jun 12 10:37:50.915897 localhost kernel: sd 0:1:0:0: [sda] Preferred minimum I/O size 262144 bytes
Jun 12 10:37:50.916876 localhost kernel: tg3 0000:02:00.0 eth0: RXcsums[1] LinkChgREG[0] MIirq[0] ASF[1] TSOcap[1]
Jun 12 10:37:50.917163 localhost kernel: sd 0:1:0:0: [sda] Optimal transfer size 1572864 bytes
Jun 12 10:37:50.918038 localhost kernel: tg3 0000:02:00.0 eth0: dma_rwctrl[00000001] dma_mask[64-bit]
Jun 12 10:37:50.921648 localhost kernel: nvme nvme0: 24/0/0 default/read/poll queues
Jun 12 10:37:50.929647 localhost kernel:  nvme0n1: p1 p2 p3 p4 p5 p6
Jun 12 10:37:50.950154 localhost kernel: tg3 0000:02:00.1 eth1: Tigon3 [partno(N/A) rev 5719001] (PCI Express) MAC address ec:b1:d7:89:df:89
Jun 12 10:37:50.950491 localhost kernel: tg3 0000:02:00.1 eth1: attached PHY is 5719C (10/100/1000Base-T Ethernet) (WireSpeed[1], EEE[1])
Jun 12 10:37:50.950786 localhost kernel: tg3 0000:02:00.1 eth1: RXcsums[1] LinkChgREG[0] MIirq[0] ASF[1] TSOcap[1]
Jun 12 10:37:50.951069 localhost kernel: tg3 0000:02:00.1 eth1: dma_rwctrl[00000001] dma_mask[64-bit]
Jun 12 10:37:50.953775 localhost kernel: ixgbe: Intel(R) 10 Gigabit PCI Express Network Driver
Jun 12 10:37:50.953799 localhost kernel: ixgbe: Copyright (c) 1999-2016 Intel Corporation.
Jun 12 10:37:50.979659 localhost kernel: sd 0:1:0:0: [sda] Attached SCSI disk
Jun 12 10:37:51.131179 localhost kernel: ehci-pci 0000:00:1d.0: EHCI Host Controller
Jun 12 10:37:51.131514 localhost kernel: ehci-pci 0000:00:1d.0: new USB bus registered, assigned bus number 1
Jun 12 10:37:51.131802 localhost kernel: ehci-pci 0000:00:1d.0: debug port 2
Jun 12 10:37:51.136681 localhost kernel: ehci-pci 0000:00:1d.0: irq 18, io mem 0x93200000
Jun 12 10:37:51.171961 localhost kernel: ehci-pci 0000:00:1d.0: USB 2.0 started, EHCI 1.00
Jun 12 10:37:51.172280 localhost kernel: usb usb1: New USB device found, idVendor=1d6b, idProduct=0002, bcdDevice= 6.12
Jun 12 10:37:51.172358 localhost kernel: usb usb1: New USB device strings: Mfr=3, Product=2, SerialNumber=1
Jun 12 10:37:51.173101 localhost kernel: usb usb1: Product: EHCI Host Controller
Jun 12 10:37:51.173199 localhost kernel: usb usb1: Manufacturer: Linux 6.12.0-160000.32-default ehci_hcd
Jun 12 10:37:51.174217 localhost kernel: usb usb1: SerialNumber: 0000:00:1d.0
Jun 12 10:37:51.195673 localhost kernel: hub 1-0:1.0: USB hub found
Jun 12 10:37:51.196020 localhost kernel: hub 1-0:1.0: 2 ports detected
Jun 12 10:37:51.196286 localhost kernel: ehci-pci 0000:00:1a.0: EHCI Host Controller
Jun 12 10:37:51.196559 localhost kernel: ehci-pci 0000:00:1a.0: new USB bus registered, assigned bus number 2
Jun 12 10:37:51.197676 localhost kernel: ehci-pci 0000:00:1a.0: debug port 2
Jun 12 10:37:51.202690 localhost kernel: ehci-pci 0000:00:1a.0: irq 18, io mem 0x93201000
Jun 12 10:37:51.236689 localhost kernel: ehci-pci 0000:00:1a.0: USB 2.0 started, EHCI 1.00
Jun 12 10:37:51.237007 localhost kernel: usb usb2: New USB device found, idVendor=1d6b, idProduct=0002, bcdDevice= 6.12
Jun 12 10:37:51.237083 localhost kernel: usb usb2: New USB device strings: Mfr=3, Product=2, SerialNumber=1
Jun 12 10:37:51.237151 localhost kernel: usb usb2: Product: EHCI Host Controller
Jun 12 10:37:51.238079 localhost kernel: usb usb2: Manufacturer: Linux 6.12.0-160000.32-default ehci_hcd
Jun 12 10:37:51.238176 localhost kernel: usb usb2: SerialNumber: 0000:00:1a.0
Jun 12 10:37:51.273681 localhost kernel: hub 2-0:1.0: USB hub found
Jun 12 10:37:51.274016 localhost kernel: hub 2-0:1.0: 2 ports detected
Jun 12 10:37:51.274290 localhost kernel: uhci_hcd 0000:01:00.4: UHCI Host Controller
Jun 12 10:37:51.274571 localhost kernel: uhci_hcd 0000:01:00.4: new USB bus registered, assigned bus number 3
Jun 12 10:37:51.274900 localhost kernel: uhci_hcd 0000:01:00.4: detected 8 ports
Jun 12 10:37:51.275179 localhost kernel: uhci_hcd 0000:01:00.4: port count misdetected? forcing to 2 ports
Jun 12 10:37:51.275997 localhost kernel: uhci_hcd 0000:01:00.4: irq 104, io port 0x00001300
Jun 12 10:37:51.276334 localhost kernel: xhci_hcd 0000:00:14.0: xHCI Host Controller
Jun 12 10:37:51.276634 localhost kernel: usb usb3: New USB device found, idVendor=1d6b, idProduct=0001, bcdDevice= 6.12
Jun 12 10:37:51.277772 localhost kernel: usb usb3: New USB device strings: Mfr=3, Product=2, SerialNumber=1
Jun 12 10:37:51.277851 localhost kernel: usb usb3: Product: UHCI Host Controller
Jun 12 10:37:51.277911 localhost kernel: usb usb3: Manufacturer: Linux 6.12.0-160000.32-default uhci_hcd
Jun 12 10:37:51.278651 localhost kernel: usb usb3: SerialNumber: 0000:01:00.4
Jun 12 10:37:51.313117 localhost kernel: hub 3-0:1.0: USB hub found
Jun 12 10:37:51.313888 localhost kernel: hub 3-0:1.0: 2 ports detected
Jun 12 10:37:51.314184 localhost kernel: xhci_hcd 0000:00:14.0: new USB bus registered, assigned bus number 4
Jun 12 10:37:51.316827 localhost kernel: xhci_hcd 0000:00:14.0: hcc params 0x200077c1 hci version 0x100 quirks 0x0000000000009810
Jun 12 10:37:51.317154 localhost kernel: xhci_hcd 0000:00:14.0: xHCI Host Controller
Jun 12 10:37:51.317436 localhost kernel: xhci_hcd 0000:00:14.0: new USB bus registered, assigned bus number 5
Jun 12 10:37:51.317731 localhost kernel: xhci_hcd 0000:00:14.0: Host supports USB 3.0 SuperSpeed
Jun 12 10:37:51.318011 localhost kernel: usb usb4: New USB device found, idVendor=1d6b, idProduct=0002, bcdDevice= 6.12
Jun 12 10:37:51.318084 localhost kernel: 8021q: 802.1Q VLAN Support v1.8
Jun 12 10:37:51.318671 localhost kernel: usb usb4: New USB device strings: Mfr=3, Product=2, SerialNumber=1
Jun 12 10:37:51.319664 localhost kernel: usb usb4: Product: xHCI Host Controller
Jun 12 10:37:51.319738 localhost kernel: usb usb4: Manufacturer: Linux 6.12.0-160000.32-default xhci-hcd
Jun 12 10:37:51.320691 localhost kernel: usb usb4: SerialNumber: 0000:00:14.0
Jun 12 10:37:51.380674 localhost kernel: hub 4-0:1.0: USB hub found
Jun 12 10:37:51.381016 localhost kernel: hub 4-0:1.0: 15 ports detected
Jun 12 10:37:51.382681 localhost kernel: ixgbe 0000:04:00.0: Multiqueue Enabled: Rx Queue count = 24, Tx Queue count = 24 XDP Queue count = 0
Jun 12 10:37:51.383010 localhost kernel: ixgbe 0000:04:00.0: 32.000 Gb/s available PCIe bandwidth (5.0 GT/s PCIe x8 link)
Jun 12 10:37:51.383290 localhost kernel: ixgbe 0000:04:00.0: MAC: 2, PHY: 14, SFP+: 4, PBA No: G42955-014
Jun 12 10:37:51.383559 localhost kernel: ixgbe 0000:04:00.0: 5c:b9:01:88:d0:44
Jun 12 10:37:51.384701 localhost kernel: usb usb5: New USB device found, idVendor=1d6b, idProduct=0003, bcdDevice= 6.12
Jun 12 10:37:51.384801 localhost kernel: usb usb5: New USB device strings: Mfr=3, Product=2, SerialNumber=1
Jun 12 10:37:51.385986 localhost kernel: usb usb5: Product: xHCI Host Controller
Jun 12 10:37:51.386091 localhost kernel: usb usb5: Manufacturer: Linux 6.12.0-160000.32-default xhci-hcd
Jun 12 10:37:51.386157 localhost kernel: usb usb5: SerialNumber: 0000:00:14.0
Jun 12 10:37:51.388935 localhost kernel: hub 5-0:1.0: USB hub found
Jun 12 10:37:51.389283 localhost kernel: hub 5-0:1.0: 6 ports detected
Jun 12 10:37:51.423685 localhost kernel: ixgbe 0000:04:00.0: Intel(R) 10 Gigabit Network Connection
Jun 12 10:37:51.489817 localhost kernel: tg3 0000:02:00.2 eth3: Tigon3 [partno(N/A) rev 5719001] (PCI Express) MAC address ec:b1:d7:89:df:8a
Jun 12 10:37:51.490152 localhost kernel: tg3 0000:02:00.2 eth3: attached PHY is 5719C (10/100/1000Base-T Ethernet) (WireSpeed[1], EEE[1])
Jun 12 10:37:51.490435 localhost kernel: tg3 0000:02:00.2 eth3: RXcsums[1] LinkChgREG[0] MIirq[0] ASF[1] TSOcap[1]
Jun 12 10:37:51.490729 localhost kernel: tg3 0000:02:00.2 eth3: dma_rwctrl[00000001] dma_mask[64-bit]
Jun 12 10:37:51.534723 localhost kernel: tg3 0000:02:00.3 eth4: Tigon3 [partno(N/A) rev 5719001] (PCI Express) MAC address ec:b1:d7:89:df:8b
Jun 12 10:37:51.535058 localhost kernel: tg3 0000:02:00.3 eth4: attached PHY is 5719C (10/100/1000Base-T Ethernet) (WireSpeed[1], EEE[1])
Jun 12 10:37:51.535339 localhost kernel: tg3 0000:02:00.3 eth4: RXcsums[1] LinkChgREG[0] MIirq[0] ASF[1] TSOcap[1]
Jun 12 10:37:51.535610 localhost kernel: tg3 0000:02:00.3 eth4: dma_rwctrl[00000001] dma_mask[64-bit]
Jun 12 10:37:51.536033 localhost kernel: usb 1-1: new high-speed USB device number 2 using ehci-pci
Jun 12 10:37:51.540688 localhost kernel: tg3 0000:02:00.1 eno2: renamed from eth1
Jun 12 10:37:51.541102 localhost kernel: tg3 0000:02:00.2 eno3: renamed from eth3
Jun 12 10:37:51.541418 localhost kernel: tg3 0000:02:00.0 eno1: renamed from eth0
Jun 12 10:37:51.543689 localhost kernel: tg3 0000:02:00.3 eno4: renamed from eth4
Jun 12 10:37:51.570698 localhost kernel: usb 2-1: new high-speed USB device number 2 using ehci-pci
Jun 12 10:37:51.680698 localhost kernel: usb 4-3: new high-speed USB device number 2 using xhci_hcd
Jun 12 10:37:51.715688 localhost kernel: ixgbe 0000:04:00.1: Multiqueue Enabled: Rx Queue count = 24, Tx Queue count = 24 XDP Queue count = 0
Jun 12 10:37:51.716190 localhost kernel: ixgbe 0000:04:00.1: 32.000 Gb/s available PCIe bandwidth (5.0 GT/s PCIe x8 link)
Jun 12 10:37:51.716499 localhost kernel: ixgbe 0000:04:00.1: MAC: 2, PHY: 14, SFP+: 3, PBA No: G42955-014
Jun 12 10:37:51.716824 localhost kernel: ixgbe 0000:04:00.1: 5c:b9:01:88:d0:45
Jun 12 10:37:51.752687 localhost kernel: ixgbe 0000:04:00.1: Intel(R) 10 Gigabit Network Connection
Jun 12 10:37:51.761687 localhost kernel: ixgbe 0000:04:00.0 netboot: renamed from eth2
Jun 12 10:37:51.762091 localhost kernel: ixgbe 0000:04:00.1 eno50: renamed from eth0
Jun 12 10:37:51.823718 localhost kernel: usb 1-1: New USB device found, idVendor=8087, idProduct=8002, bcdDevice= 0.05
Jun 12 10:37:51.823843 localhost kernel: usb 1-1: New USB device strings: Mfr=0, Product=0, SerialNumber=0
Jun 12 10:37:51.823915 localhost kernel: usb 2-1: New USB device found, idVendor=8087, idProduct=800a, bcdDevice= 0.05
Jun 12 10:37:51.824689 localhost kernel: usb 2-1: New USB device strings: Mfr=0, Product=0, SerialNumber=0
Jun 12 10:37:51.860112 localhost kernel: hub 2-1:1.0: USB hub found
Jun 12 10:37:51.860484 localhost kernel: hub 1-1:1.0: USB hub found
Jun 12 10:37:51.860843 localhost kernel: hub 2-1:1.0: 6 ports detected
Jun 12 10:37:51.861144 localhost kernel: hub 1-1:1.0: 8 ports detected
Jun 12 10:37:51.896686 localhost kernel: usb 4-3: New USB device found, idVendor=0424, idProduct=2660, bcdDevice= 8.01
Jun 12 10:37:51.896800 localhost kernel: usb 4-3: New USB device strings: Mfr=0, Product=0, SerialNumber=0
Jun 12 10:37:51.966678 localhost kernel: hub 4-3:1.0: USB hub found
Jun 12 10:37:52.001710 localhost kernel: hub 4-3:1.0: 2 ports detected
Jun 12 10:37:52.100659 localhost kernel: EXT4-fs (nvme0n1p4): INFO: recovery required on readonly filesystem
Jun 12 10:37:52.100700 localhost kernel: EXT4-fs (nvme0n1p4): write access will be enabled during recovery
Jun 12 10:37:52.109670 localhost kernel: EXT4-fs (nvme0n1p2): mounted filesystem 57bb0420-ce2b-4276-a676-bf01334457a8 r/w with ordered data mode. Quota mode: none.
Jun 12 10:37:52.172674 localhost kernel: EXT4-fs (nvme0n1p4): orphan cleanup on readonly fs
Jun 12 10:37:52.172714 localhost kernel: EXT4-fs (nvme0n1p4): recovery complete
Jun 12 10:37:52.185650 localhost kernel: EXT4-fs (nvme0n1p4): mounted filesystem 29aa4fc7-ce3b-49f8-a16f-200ae24ee9a4 ro with ordered data mode. Quota mode: none.
Jun 12 10:37:52.237659 localhost kernel: loop: module loaded
Jun 12 10:37:52.238658 localhost kernel: loop0: detected capacity change from 0 to 6291456
Jun 12 10:37:52.265654 localhost kernel: EXT4-fs (loop0): mounting ext2 file system using the ext4 subsystem
Jun 12 10:37:52.267677 localhost kernel: EXT4-fs (loop0): mounted filesystem f10c80c8-d904-44e5-8a47-3f0ecd77372a ro without journal. Quota mode: none.
Jun 12 10:37:52.465689 localhost kernel: EXT4-fs (nvme0n1p2): unmounting filesystem 57bb0420-ce2b-4276-a676-bf01334457a8.
Jun 12 10:37:52.616690 localhost kernel: EXT4-fs (nvme0n1p2): mounted filesystem 57bb0420-ce2b-4276-a676-bf01334457a8 r/w with ordered data mode. Quota mode: none.
Jun 12 10:37:55.150778 localhost kernel: EXT4-fs error (device nvme0n1p5): ext4_orphan_get:1416: comm mount: bad orphan inode 13
Jun 12 10:37:55.150846 localhost kernel: ext4_test_bit(bit=12, block=1060) = 0
Jun 12 10:37:55.152593 localhost kernel: EXT4-fs (nvme0n1p5): recovery complete
Jun 12 10:37:55.152679 localhost kernel: EXT4-fs (nvme0n1p5): mounted filesystem 256bd070-560e-4280-9986-10a1acfa6c88 r/w with ordered data mode. Quota mode: none.
Jun 12 10:37:55.236708 localhost kernel: EXT4-fs (nvme0n1p6): mounted filesystem 9582b57f-80af-4e52-99fd-f17ac12e9062 r/w with ordered data mode. Quota mode: none.
Jun 12 10:37:55.240693 localhost kernel: EXT4-fs (nvme0n1p6): unmounting filesystem 9582b57f-80af-4e52-99fd-f17ac12e9062.
Jun 12 10:37:56.805822 localhost kernel: kauditd_printk_skb: 155 callbacks suppressed
Jun 12 10:37:56.805876 localhost kernel: audit: type=1130 audit(1781260676.803:77): pid=1 uid=0 auid=4294967295 ses=4294967295 subj=kernel msg='unit=elemental-immutable-rootfs comm="systemd" exe="/usr/lib/systemd/systemd" hostname=? addr=? terminal=? res=success'
Jun 12 10:37:56.922731 localhost kernel: evm: overlay not supported
Jun 12 10:37:57.070677 localhost kernel: audit: type=1131 audit(1781260677.066:78): pid=1 uid=0 auid=4294967295 ses=4294967295 subj=kernel msg='unit=systemd-vconsole-setup comm="systemd" exe="/usr/lib/systemd/systemd" hostname=? addr=? terminal=? res=success'
Jun 12 10:37:57.183685 localhost kernel: audit: type=1130 audit(1781260677.180:79): pid=1 uid=0 auid=4294967295 ses=4294967295 subj=kernel msg='unit=systemd-vconsole-setup comm="systemd" exe="/usr/lib/systemd/systemd" hostname=? addr=? terminal=? res=success'
Jun 12 10:37:57.869671 rancher kernel: tun: Universal TUN/TAP device driver, 1.6
Jun 12 10:37:57.931689 rancher kernel: Key type ceph registered
Jun 12 10:37:57.936658 rancher kernel: libceph: loaded (mon/osd proto 15/24)
Jun 12 10:37:57.949662 rancher kernel: rbd: loaded (major 253)
Jun 12 10:37:58.012684 hp-117-tink-system kernel: audit: type=1130 audit(1781260678.008:80): pid=1 uid=0 auid=4294967295 ses=4294967295 subj=kernel msg='unit=elemental-setup-initramfs comm="systemd" exe="/usr/lib/systemd/systemd" hostname=? addr=? terminal=? res=success'
Jun 12 10:37:58.022173 hp-117-tink-system kernel: audit: type=1334 audit(1781260678.015:81): prog-id=27 op=LOAD
Jun 12 10:37:58.022255 hp-117-tink-system kernel: audit: type=1300 audit(1781260678.015:81): arch=c000003e syscall=321 success=yes exit=25 a0=5 a1=7ffd13a53590 a2=98 a3=0 items=0 ppid=0 pid=1 auid=4294967295 uid=0 gid=0 euid=0 suid=0 fsuid=0 egid=0 sgid=0 fsgid=0 tty=(none) ses=4294967295 comm="systemd" exe="/usr/lib/systemd/systemd" subj=kernel key=(null)
Jun 12 10:37:58.022302 hp-117-tink-system kernel: audit: type=1327 audit(1781260678.015:81): proctitle="/init"
Jun 12 10:37:58.022338 hp-117-tink-system kernel: audit: type=1334 audit(1781260678.016:82): prog-id=28 op=LOAD
Jun 12 10:37:58.022354 hp-117-tink-system kernel: audit: type=1300 audit(1781260678.016:82): arch=c000003e syscall=321 success=yes exit=37 a0=5 a1=7ffd13a53590 a2=98 a3=0 items=0 ppid=0 pid=1 auid=4294967295 uid=0 gid=0 euid=0 suid=0 fsuid=0 egid=0 sgid=0 fsgid=0 tty=(none) ses=4294967295 comm="systemd" exe="/usr/lib/systemd/systemd" subj=kernel key=(null)
Jun 12 10:37:58.022396 hp-117-tink-system kernel: audit: type=1327 audit(1781260678.016:82): proctitle="/init"
Jun 12 10:37:59.478092 hp-117-tink-system systemd-journald[540]: Received SIGTERM from PID 1 (systemd).
Jun 12 10:37:59.478189 hp-117-tink-system kernel: SELinux:  policy capability network_peer_controls=1
Jun 12 10:37:59.478215 hp-117-tink-system kernel: SELinux:  policy capability open_perms=1
Jun 12 10:37:59.478233 hp-117-tink-system kernel: SELinux:  policy capability extended_socket_class=1
Jun 12 10:37:59.478249 hp-117-tink-system kernel: SELinux:  policy capability always_check_network=0
Jun 12 10:37:59.478266 hp-117-tink-system kernel: SELinux:  policy capability cgroup_seclabel=1
Jun 12 10:37:59.478284 hp-117-tink-system kernel: SELinux:  policy capability nnp_nosuid_transition=1
Jun 12 10:37:59.478305 hp-117-tink-system kernel: SELinux:  policy capability genfs_seclabel_symlinks=1
Jun 12 10:37:59.478322 hp-117-tink-system kernel: SELinux:  policy capability ioctl_skip_cloexec=0
Jun 12 10:37:59.478338 hp-117-tink-system kernel: SELinux:  policy capability userspace_initial_context=0
Jun 12 10:37:59.478356 hp-117-tink-system systemd[1]: Successfully loaded SELinux policy in 260.013ms.
Jun 12 10:37:59.478376 hp-117-tink-system systemd[1]: Relabeled /dev/, /dev/shm/, /run/ in 28.855ms.
Jun 12 10:37:59.478396 hp-117-tink-system systemd[1]: systemd 257.13+suse.38.gd349fc5cd4 running in system mode (+PAM +AUDIT +SELINUX -APPARMOR +IMA +IPE -SMACK +SECCOMP +GCRYPT +GNUTLS +OPENSSL +ACL +BLKID +CURL +ELFUTILS +FIDO2 +IDN2 -IDN +IPTC +KMOD +LIBCRYPTSETUP +LIBCRYPTSETUP_PLUGINS +LIBFDISK +PCRE2 +PWQUALITY +P11KIT +QRENCODE +TPM2 +BZIP2 +LZ4 +XZ +ZLIB +ZSTD +BPF_FRAMEWORK -BTF -XKBCOMMON -UTMP +SYSVINIT +LIBARCHIVE)
Jun 12 10:37:59.478415 hp-117-tink-system systemd[1]: Detected architecture x86-64.
Jun 12 10:37:59.478439 hp-117-tink-system systemd[1]: bpf-restrict-fs: LSM BPF program attached
Jun 12 10:37:59.478457 hp-117-tink-system systemd[1]: initrd-switch-root.service: Deactivated successfully.
Jun 12 10:37:59.478476 hp-117-tink-system systemd[1]: Stopped Switch Root.
Jun 12 10:37:59.478494 hp-117-tink-system systemd[1]: systemd-journald.service: Scheduled restart job, restart counter is at 1.
Jun 12 10:37:59.478511 hp-117-tink-system systemd[1]: Created slice Slice /system/getty.
Jun 12 10:37:59.478529 hp-117-tink-system systemd[1]: Created slice User and Session Slice.
Jun 12 10:37:59.478546 hp-117-tink-system systemd[1]: Started Dispatch Password Requests to Console Directory Watch.
Jun 12 10:37:59.478567 hp-117-tink-system systemd[1]: Set up automount Arbitrary Executable File Formats File System Automount Point.
Jun 12 10:37:59.478585 hp-117-tink-system systemd[1]: Expecting device /dev/disk/by-label/HARV_LH_DEFAULT...
Jun 12 10:37:59.478602 hp-117-tink-system systemd[1]: Reached target Local Encrypted Volumes.
Jun 12 10:37:59.478621 hp-117-tink-system systemd[1]: Stopped target Switch Root.
Jun 12 10:37:59.478638 hp-117-tink-system systemd[1]: Stopped target Initrd File Systems.
Jun 12 10:37:59.478680 hp-117-tink-system systemd[1]: Reached target Local Integrity Protected Volumes.
Jun 12 10:37:59.478698 hp-117-tink-system systemd[1]: Stopped target Preparation for Remote File Systems.
Jun 12 10:37:59.478715 hp-117-tink-system systemd[1]: Reached target Slice Units.
Jun 12 10:37:59.478737 hp-117-tink-system systemd[1]: Reached target Swaps.
Jun 12 10:37:59.478755 hp-117-tink-system systemd[1]: Reached target Local Verity Protected Volumes.
Jun 12 10:37:59.478772 hp-117-tink-system systemd[1]: Listening on Device-mapper event daemon FIFOs.
Jun 12 10:37:59.478790 hp-117-tink-system systemd[1]: Listening on LVM2 poll daemon socket.
Jun 12 10:37:59.478807 hp-117-tink-system systemd[1]: Listening on Process Core Dump Socket.
Jun 12 10:37:59.478824 hp-117-tink-system systemd[1]: Listening on Credential Encryption/Decryption.
Jun 12 10:37:59.478842 hp-117-tink-system systemd[1]: Listening on udev Control Socket.
Jun 12 10:37:59.478859 hp-117-tink-system systemd[1]: Listening on udev Kernel Socket.
Jun 12 10:37:59.478877 hp-117-tink-system systemd[1]: Mounting Huge Pages File System...
Jun 12 10:37:59.478897 hp-117-tink-system systemd[1]: Mounting POSIX Message Queue File System...
Jun 12 10:37:59.478915 hp-117-tink-system systemd[1]: Mounting Kernel Debug File System...
Jun 12 10:37:59.478935 hp-117-tink-system systemd[1]: Mounting Kernel Trace File System...
Jun 12 10:37:59.478953 hp-117-tink-system systemd[1]: tmp.mount: Directory /tmp to mount over is not empty, mounting anyway.
Jun 12 10:37:59.478974 hp-117-tink-system systemd[1]: Mounting Temporary Directory /tmp...
Jun 12 10:37:59.478992 hp-117-tink-system systemd[1]: dracut-initqueue.service: Deactivated successfully.
Jun 12 10:37:59.479009 hp-117-tink-system systemd[1]: Stopped dracut initqueue hook.
Jun 12 10:37:59.479027 hp-117-tink-system systemd[1]: elemental-immutable-rootfs.service: Deactivated successfully.
Jun 12 10:37:59.479044 hp-117-tink-system systemd[1]: Stopped elemental-immutable-rootfs.service.
Jun 12 10:37:59.479062 hp-117-tink-system systemd[1]: elemental-setup-rootfs.service: Deactivated successfully.
Jun 12 10:37:59.479079 hp-117-tink-system systemd[1]: Stopped Elemental system early rootfs setup.
Jun 12 10:37:59.479096 hp-117-tink-system systemd[1]: Stopped target Initrd Root File System.
Jun 12 10:37:59.479118 hp-117-tink-system systemd[1]: Starting Create List of Static Device Nodes...
Jun 12 10:37:59.479136 hp-117-tink-system systemd[1]: Starting Load Kernel Module configfs...
Jun 12 10:37:59.479153 hp-117-tink-system systemd[1]: Starting Load Kernel Module drm...
Jun 12 10:37:59.479171 hp-117-tink-system systemd[1]: Starting Load Kernel Module efi_pstore...
Jun 12 10:37:59.479188 hp-117-tink-system systemd[1]: Starting Load Kernel Module fuse...
Jun 12 10:37:59.479206 hp-117-tink-system systemd[1]: Starting Load Kernel Module nvme_fabrics...
Jun 12 10:37:59.479224 hp-117-tink-system systemd[1]: Clear Stale Hibernate Storage Info skipped, unmet condition check ConditionPathExists=/sys/firmware/efi/efivars/HibernateLocation-8cf2644b-4b0b-428f-9387-6d876050dc67
Jun 12 10:37:59.479245 hp-117-tink-system systemd[1]: Starting Journal Service...
Jun 12 10:37:59.479262 hp-117-tink-system systemd[1]: Starting Load Kernel Modules...
Jun 12 10:37:59.479280 hp-117-tink-system systemd[1]: Starting Remount Root and Kernel File Systems...
Jun 12 10:37:59.479298 hp-117-tink-system systemd[1]: Starting Wait Until Kernel Time Synchronized...
Jun 12 10:37:59.479315 hp-117-tink-system systemd[1]: Starting Load udev Rules from Credentials...
Jun 12 10:37:59.479333 hp-117-tink-system systemd[1]: Starting Coldplug All udev Devices...
Jun 12 10:37:59.479350 hp-117-tink-system kernel: fuse: init (API version 7.41)
Jun 12 10:37:59.479367 hp-117-tink-system systemd[1]: Mounted Huge Pages File System.
Jun 12 10:37:59.479384 hp-117-tink-system systemd[1]: Mounted POSIX Message Queue File System.
Jun 12 10:37:59.479405 hp-117-tink-system systemd[1]: Mounted Kernel Debug File System.
Jun 12 10:37:59.479422 hp-117-tink-system kernel: EXT4-fs (loop0): re-mounted f10c80c8-d904-44e5-8a47-3f0ecd77372a ro. Quota mode: none.
Jun 12 10:37:59.479439 hp-117-tink-system systemd[1]: Mounted Kernel Trace File System.
Jun 12 10:37:59.479457 hp-117-tink-system systemd[1]: Mounted Temporary Directory /tmp.
Jun 12 10:37:59.479474 hp-117-tink-system systemd[1]: Finished Create List of Static Device Nodes.
Jun 12 10:37:59.479491 hp-117-tink-system systemd[1]: modprobe@configfs.service: Deactivated successfully.
Jun 12 10:37:59.479509 hp-117-tink-system systemd[1]: Finished Load Kernel Module configfs.
Jun 12 10:37:59.479526 hp-117-tink-system systemd[1]: modprobe@drm.service: Deactivated successfully.
Jun 12 10:37:59.479547 hp-117-tink-system systemd[1]: Finished Load Kernel Module drm.
Jun 12 10:37:59.479565 hp-117-tink-system systemd[1]: modprobe@efi_pstore.service: Deactivated successfully.
Jun 12 10:37:59.479582 hp-117-tink-system systemd[1]: Finished Load Kernel Module efi_pstore.
Jun 12 10:37:59.479601 hp-117-tink-system systemd[1]: modprobe@fuse.service: Deactivated successfully.
Jun 12 10:37:59.479619 hp-117-tink-system systemd[1]: Finished Load Kernel Module fuse.
Jun 12 10:37:59.479637 hp-117-tink-system systemd[1]: modprobe@nvme_fabrics.service: Deactivated successfully.
Jun 12 10:37:59.479677 hp-117-tink-system systemd[1]: Finished Load Kernel Module nvme_fabrics.
Jun 12 10:37:59.479728 hp-117-tink-system systemd-journald[1788]: Collecting audit messages is disabled.
Jun 12 10:37:59.479774 hp-117-tink-system systemd[1]: Finished Load Kernel Modules.
Jun 12 10:37:59.479793 hp-117-tink-system systemd[1]: Finished Remount Root and Kernel File Systems.
Jun 12 10:37:59.479811 hp-117-tink-system systemd[1]: Finished Load udev Rules from Credentials.
Jun 12 10:37:59.479829 hp-117-tink-system systemd[1]: Apply Kernel Variables for 6.12.0-160000.32-default from /boot skipped, unmet condition check ConditionPathExists=!/usr/lib/modules/6.12.0-160000.32-default/sysctl.conf
Jun 12 10:37:59.479847 hp-117-tink-system systemd[1]: One time configuration for iscsi.service skipped, unmet condition check ConditionPathExists=!/etc/iscsi/initiatorname.iscsi
Jun 12 10:37:59.481662 hp-117-tink-system systemd[1]: Starting Apply Kernel Variables for 6.12.0-160000.32-default...
Jun 12 10:37:59.485901 hp-117-tink-system systemd[1]: Starting Rebuild Hardware Database...
Jun 12 10:37:59.485967 hp-117-tink-system systemd[1]: Platform Persistent Storage Archival skipped, unmet condition check ConditionDirectoryNotEmpty=/sys/fs/pstore
Jun 12 10:37:59.504677 hp-117-tink-system systemd[1]: Starting Load/Save OS Random Seed...
Jun 12 10:37:59.507676 hp-117-tink-system systemd[1]: Starting Create Static Device Nodes in /dev gracefully...
Jun 12 10:37:59.509677 hp-117-tink-system systemd[1]: Started Journal Service.
Jun 12 10:37:59.655430 hp-117-tink-system systemd-journald[1788]: Received client request to flush runtime journal.
Jun 12 10:38:00.515669 hp-117-tink-system kernel: input: Power Button as /devices/LNXSYSTM:00/LNXPWRBN:00/input/input0
Jun 12 10:38:00.517681 hp-117-tink-system kernel: ACPI: button: Power Button [PWRF]
Jun 12 10:38:00.540680 hp-117-tink-system kernel: IPMI message handler: version 39.2
Jun 12 10:38:00.548652 hp-117-tink-system kernel: ipmi device interface
Jun 12 10:38:00.559652 hp-117-tink-system kernel: ioatdma: Intel(R) QuickData Technology Driver 5.00
Jun 12 10:38:00.586702 hp-117-tink-system kernel: i801_smbus 0000:00:1f.3: enabling device (0000 -> 0003)
Jun 12 10:38:00.588667 hp-117-tink-system kernel: i801_smbus 0000:00:1f.3: SMBus using PCI interrupt
Jun 12 10:38:00.626969 hp-117-tink-system kernel: ipmi_si: IPMI System Interface driver
Jun 12 10:38:00.627038 hp-117-tink-system kernel: ipmi_si dmi-ipmi-si.0: ipmi_platform: probing via SMBIOS
Jun 12 10:38:00.627377 hp-117-tink-system kernel: ipmi_platform: ipmi_si: SMBIOS: io 0xca2 regsize 1 spacing 1 irq 0
Jun 12 10:38:00.627931 hp-117-tink-system kernel: ipmi_si: Adding SMBIOS-specified kcs state machine
Jun 12 10:38:00.629023 hp-117-tink-system kernel: ipmi_si IPI0001:00: ipmi_platform: probing via ACPI
Jun 12 10:38:00.637675 hp-117-tink-system kernel: ipmi_si IPI0001:00: ipmi_platform: [io  0x0ca2-0x0ca3] regsize 1 spacing 1 irq 0
Jun 12 10:38:00.638691 hp-117-tink-system kernel: ipmi_si dmi-ipmi-si.0: Removing SMBIOS-specified kcs state machine in favor of ACPI
Jun 12 10:38:00.640100 hp-117-tink-system kernel: input: PC Speaker as /devices/platform/pcspkr/input/input1
Jun 12 10:38:00.640135 hp-117-tink-system kernel: ipmi_si: Adding ACPI-specified kcs state machine
Jun 12 10:38:00.640185 hp-117-tink-system kernel: ipmi_si: Trying ACPI-specified kcs state machine at i/o address 0xca2, slave address 0x20, irq 0
Jun 12 10:38:00.640212 hp-117-tink-system kernel: Console: switching to colour dummy device 80x25
Jun 12 10:38:00.664657 hp-117-tink-system kernel: mgag200 0000:01:00.1: vgaarb: deactivate vga console
Jun 12 10:38:00.672656 hp-117-tink-system kernel: mgag200 0000:01:00.1: [drm] Registered 1 planes with drm panic
Jun 12 10:38:00.673072 hp-117-tink-system kernel: [drm] Initialized mgag200 1.0.0 for 0000:01:00.1 on minor 0
Jun 12 10:38:00.676686 hp-117-tink-system kernel: fbcon: mgag200drmfb (fb0) is primary device
Jun 12 10:38:00.695050 hp-117-tink-system kernel: EXT4-fs (nvme0n1p6): mounted filesystem 9582b57f-80af-4e52-99fd-f17ac12e9062 r/w with ordered data mode. Quota mode: none.
Jun 12 10:38:00.725658 hp-117-tink-system kernel: iTCO_vendor_support: vendor-support=0
Jun 12 10:38:00.725754 hp-117-tink-system kernel: ipmi_si IPI0001:00: The BMC does not support clearing the recv irq bit, compensating, but the BMC needs to be fixed.
Jun 12 10:38:00.729650 hp-117-tink-system kernel: iTCO_wdt iTCO_wdt.1.auto: unable to reset NO_REBOOT flag, device disabled by hardware/BIOS
Jun 12 10:38:00.774675 hp-117-tink-system kernel: ipmi_si IPI0001:00: IPMI message handler: Found new BMC (man_id: 0x00000b, prod_id: 0x2000, dev_id: 0x13)
Jun 12 10:38:00.787651 hp-117-tink-system kernel: Console: switching to colour frame buffer device 128x48
Jun 12 10:38:00.791657 hp-117-tink-system kernel: EDAC sbridge: Seeking for: PCI ID 8086:2fa0
Jun 12 10:38:00.791728 hp-117-tink-system kernel: EDAC sbridge: Seeking for: PCI ID 8086:2fa0
Jun 12 10:38:00.791762 hp-117-tink-system kernel: EDAC sbridge: Seeking for: PCI ID 8086:2fa0
Jun 12 10:38:00.791786 hp-117-tink-system kernel: EDAC sbridge: Seeking for: PCI ID 8086:2f60
Jun 12 10:38:00.791817 hp-117-tink-system kernel: EDAC sbridge: Seeking for: PCI ID 8086:2f60
Jun 12 10:38:00.791840 hp-117-tink-system kernel: EDAC sbridge: Seeking for: PCI ID 8086:2f60
Jun 12 10:38:00.791863 hp-117-tink-system kernel: EDAC sbridge: Seeking for: PCI ID 8086:2fa8
Jun 12 10:38:00.791891 hp-117-tink-system kernel: EDAC sbridge: Seeking for: PCI ID 8086:2fa8
Jun 12 10:38:00.791914 hp-117-tink-system kernel: EDAC sbridge: Seeking for: PCI ID 8086:2fa8
Jun 12 10:38:00.791938 hp-117-tink-system kernel: EDAC sbridge: Seeking for: PCI ID 8086:2f71
Jun 12 10:38:00.791967 hp-117-tink-system kernel: EDAC sbridge: Seeking for: PCI ID 8086:2f71
Jun 12 10:38:00.791992 hp-117-tink-system kernel: EDAC sbridge: Seeking for: PCI ID 8086:2f71
Jun 12 10:38:00.792012 hp-117-tink-system kernel: EDAC sbridge: Seeking for: PCI ID 8086:2faa
Jun 12 10:38:00.792037 hp-117-tink-system kernel: EDAC sbridge: Seeking for: PCI ID 8086:2faa
Jun 12 10:38:00.792063 hp-117-tink-system kernel: EDAC sbridge: Seeking for: PCI ID 8086:2faa
Jun 12 10:38:00.792105 hp-117-tink-system kernel: EDAC sbridge: Seeking for: PCI ID 8086:2fab
Jun 12 10:38:00.792137 hp-117-tink-system kernel: EDAC sbridge: Seeking for: PCI ID 8086:2fab
Jun 12 10:38:00.792162 hp-117-tink-system kernel: EDAC sbridge: Seeking for: PCI ID 8086:2fab
Jun 12 10:38:00.792184 hp-117-tink-system kernel: EDAC sbridge: Seeking for: PCI ID 8086:2fac
Jun 12 10:38:00.792211 hp-117-tink-system kernel: EDAC sbridge: Seeking for: PCI ID 8086:2fad
Jun 12 10:38:00.792237 hp-117-tink-system kernel: EDAC sbridge: Seeking for: PCI ID 8086:2f68
Jun 12 10:38:00.792265 hp-117-tink-system kernel: EDAC sbridge: Seeking for: PCI ID 8086:2f68
Jun 12 10:38:00.792290 hp-117-tink-system kernel: EDAC sbridge: Seeking for: PCI ID 8086:2f68
Jun 12 10:38:00.792313 hp-117-tink-system kernel: EDAC sbridge: Seeking for: PCI ID 8086:2f79
Jun 12 10:38:00.792336 hp-117-tink-system kernel: EDAC sbridge: Seeking for: PCI ID 8086:2f79
Jun 12 10:38:00.792362 hp-117-tink-system kernel: EDAC sbridge: Seeking for: PCI ID 8086:2f79
Jun 12 10:38:00.792387 hp-117-tink-system kernel: EDAC sbridge: Seeking for: PCI ID 8086:2f6a
Jun 12 10:38:00.792415 hp-117-tink-system kernel: EDAC sbridge: Seeking for: PCI ID 8086:2f6a
Jun 12 10:38:00.792440 hp-117-tink-system kernel: EDAC sbridge: Seeking for: PCI ID 8086:2f6a
Jun 12 10:38:00.792466 hp-117-tink-system kernel: EDAC sbridge: Seeking for: PCI ID 8086:2f6b
Jun 12 10:38:00.792494 hp-117-tink-system kernel: EDAC sbridge: Seeking for: PCI ID 8086:2f6b
Jun 12 10:38:00.792516 hp-117-tink-system kernel: EDAC sbridge: Seeking for: PCI ID 8086:2f6b
Jun 12 10:38:00.792540 hp-117-tink-system kernel: EDAC sbridge: Seeking for: PCI ID 8086:2f6c
Jun 12 10:38:00.792564 hp-117-tink-system kernel: EDAC sbridge: Seeking for: PCI ID 8086:2f6d
Jun 12 10:38:00.792592 hp-117-tink-system kernel: EDAC sbridge: Seeking for: PCI ID 8086:2ffc
Jun 12 10:38:00.792625 hp-117-tink-system kernel: EDAC sbridge: Seeking for: PCI ID 8086:2ffc
Jun 12 10:38:00.792659 hp-117-tink-system kernel: EDAC sbridge: Seeking for: PCI ID 8086:2ffc
Jun 12 10:38:00.792686 hp-117-tink-system kernel: EDAC sbridge: Seeking for: PCI ID 8086:2ffd
Jun 12 10:38:00.792713 hp-117-tink-system kernel: EDAC sbridge: Seeking for: PCI ID 8086:2ffd
Jun 12 10:38:00.792738 hp-117-tink-system kernel: EDAC sbridge: Seeking for: PCI ID 8086:2ffd
Jun 12 10:38:00.792763 hp-117-tink-system kernel: EDAC sbridge: Seeking for: PCI ID 8086:2fbd
Jun 12 10:38:00.792788 hp-117-tink-system kernel: EDAC sbridge: Seeking for: PCI ID 8086:2fbd
Jun 12 10:38:00.792813 hp-117-tink-system kernel: EDAC sbridge: Seeking for: PCI ID 8086:2fbd
Jun 12 10:38:00.792835 hp-117-tink-system kernel: EDAC sbridge: Seeking for: PCI ID 8086:2fbf
Jun 12 10:38:00.792863 hp-117-tink-system kernel: EDAC sbridge: Seeking for: PCI ID 8086:2fbf
Jun 12 10:38:00.792891 hp-117-tink-system kernel: EDAC sbridge: Seeking for: PCI ID 8086:2fbf
Jun 12 10:38:00.792911 hp-117-tink-system kernel: EDAC sbridge: Seeking for: PCI ID 8086:2fb9
Jun 12 10:38:00.792938 hp-117-tink-system kernel: EDAC sbridge: Seeking for: PCI ID 8086:2fb9
Jun 12 10:38:00.792964 hp-117-tink-system kernel: EDAC sbridge: Seeking for: PCI ID 8086:2fb9
Jun 12 10:38:00.792986 hp-117-tink-system kernel: EDAC sbridge: Seeking for: PCI ID 8086:2fbb
Jun 12 10:38:00.793012 hp-117-tink-system kernel: EDAC sbridge: Seeking for: PCI ID 8086:2fbb
Jun 12 10:38:00.793037 hp-117-tink-system kernel: EDAC sbridge: Seeking for: PCI ID 8086:2fbb
Jun 12 10:38:00.793062 hp-117-tink-system kernel: EDAC MC0: Giving out device to module sb_edac controller Haswell SrcID#0_Ha#0: DEV 0000:7f:12.0 (INTERRUPT)
Jun 12 10:38:00.793095 hp-117-tink-system kernel: EDAC MC1: Giving out device to module sb_edac controller Haswell SrcID#1_Ha#0: DEV 0000:ff:12.0 (INTERRUPT)
Jun 12 10:38:00.793121 hp-117-tink-system kernel: EDAC MC2: Giving out device to module sb_edac controller Haswell SrcID#0_Ha#1: DEV 0000:7f:12.4 (INTERRUPT)
Jun 12 10:38:00.793156 hp-117-tink-system kernel: EDAC MC3: Giving out device to module sb_edac controller Haswell SrcID#1_Ha#1: DEV 0000:ff:12.4 (INTERRUPT)
Jun 12 10:38:00.793185 hp-117-tink-system kernel: EDAC sbridge:  Ver: 1.1.2 
Jun 12 10:38:00.799658 hp-117-tink-system kernel: intel_rapl_common: Found RAPL domain package
Jun 12 10:38:00.799723 hp-117-tink-system kernel: intel_rapl_common: Found RAPL domain dram
Jun 12 10:38:00.800652 hp-117-tink-system kernel: intel_rapl_common: Found RAPL domain package
Jun 12 10:38:00.800697 hp-117-tink-system kernel: intel_rapl_common: Found RAPL domain dram
Jun 12 10:38:00.847666 hp-117-tink-system kernel: ipmi_si IPI0001:00: IPMI kcs interface initialized
Jun 12 10:38:00.853708 hp-117-tink-system kernel: ipmi_ssif: IPMI SSIF Interface driver
Jun 12 10:38:00.883698 hp-117-tink-system kernel: mgag200 0000:01:00.1: [drm] fb0: mgag200drmfb frame buffer device
Jun 12 10:38:01.454692 hp-117-tink-system kernel: EXT4-fs (nvme0n1p4): re-mounted 29aa4fc7-ce3b-49f8-a16f-200ae24ee9a4 r/w. Quota mode: none.
Jun 12 10:38:01.483670 hp-117-tink-system kernel: nvme nvme0: using unchecked data buffer
Jun 12 10:38:01.517691 hp-117-tink-system kernel: EXT4-fs (nvme0n1p4): re-mounted 29aa4fc7-ce3b-49f8-a16f-200ae24ee9a4 ro. Quota mode: none.
Jun 12 10:38:02.355665 hp-117-tink-system kernel: ixgbe 0000:04:00.1: registered PHC device on eno50
Jun 12 10:38:02.459684 hp-117-tink-system kernel: 8021q: adding VLAN 0 to HW filter on device eno50
Jun 12 10:38:02.551691 hp-117-tink-system kernel: ixgbe 0000:04:00.1 eno50: detected SFP+: 3
Jun 12 10:38:02.590667 hp-117-tink-system kernel: ixgbe 0000:04:00.0: registered PHC device on netboot
Jun 12 10:38:02.699685 hp-117-tink-system kernel: 8021q: adding VLAN 0 to HW filter on device netboot
Jun 12 10:38:02.740677 hp-117-tink-system kernel: 8021q: adding VLAN 0 to HW filter on device mgmt-bo
Jun 12 10:38:02.783718 hp-117-tink-system kernel: bridge: filtering via arp/ip/ip6tables is no longer available by default. Update your scripts to load br_netfilter if you need this.
Jun 12 10:38:02.796666 hp-117-tink-system kernel: ixgbe 0000:04:00.0 netboot: detected SFP+: 4
Jun 12 10:38:02.798674 hp-117-tink-system kernel: ixgbe 0000:04:00.1 eno50: NIC Link is Up 10 Gbps, Flow Control: RX/TX
Jun 12 10:38:02.805712 hp-117-tink-system kernel: 8021q: adding VLAN 0 to HW filter on device mgmt-bo
Jun 12 10:38:02.814733 hp-117-tink-system kernel: 8021q: adding VLAN 0 to HW filter on device mgmt-bo
Jun 12 10:38:02.820679 hp-117-tink-system kernel: ixgbe 0000:04:00.0: removed PHC on netboot
Jun 12 10:38:02.989692 hp-117-tink-system kernel: ixgbe 0000:04:00.0: registered PHC device on netboot
Jun 12 10:38:03.091681 hp-117-tink-system kernel: 8021q: adding VLAN 0 to HW filter on device netboot
Jun 12 10:38:03.091745 hp-117-tink-system kernel: mgmt-bo: (slave netboot): Enslaving as an active interface with a down link
Jun 12 10:38:03.124664 hp-117-tink-system kernel: NET: Registered PF_PACKET protocol family
Jun 12 10:38:03.127704 hp-117-tink-system kernel: mgmt-br: port 1(mgmt-bo) entered blocking state
Jun 12 10:38:03.127771 hp-117-tink-system kernel: mgmt-br: port 1(mgmt-bo) entered disabled state
Jun 12 10:38:03.127800 hp-117-tink-system kernel: mgmt-bo: entered allmulticast mode
Jun 12 10:38:03.175984 hp-117-tink-system kernel: ixgbe 0000:04:00.0 netboot: detected SFP+: 4
Jun 12 10:38:03.402677 hp-117-tink-system kernel: ixgbe 0000:04:00.0 netboot: NIC Link is Up 10 Gbps, Flow Control: RX/TX
Jun 12 10:38:03.434891 hp-117-tink-system kernel: mgmt-bo: (slave netboot): link status definitely up, 10000 Mbps full duplex
Jun 12 10:38:03.434982 hp-117-tink-system kernel: mgmt-bo: (slave netboot): making interface the new active one
Jun 12 10:38:03.435007 hp-117-tink-system kernel: ixgbe 0000:04:00.0 netboot: entered allmulticast mode
Jun 12 10:38:03.452698 hp-117-tink-system kernel: mgmt-bo: active interface up!
Jun 12 10:38:03.452817 hp-117-tink-system kernel: mgmt-br: port 1(mgmt-bo) entered blocking state
Jun 12 10:38:03.452866 hp-117-tink-system kernel: mgmt-br: port 1(mgmt-bo) entered forwarding state
Jun 12 10:38:36.051704 hp-117-tink-system kernel: Bridge firewalling registered
Jun 12 10:39:17.595671 hp-117-tink-system kernel: wireguard: WireGuard 1.0.0 loaded. See www.wireguard.com for information.
Jun 12 10:39:17.595795 hp-117-tink-system kernel: wireguard: Copyright (C) 2015-2019 Jason A. Donenfeld <Jason@zx2c4.com>. All Rights Reserved.
Jun 12 11:03:56.699930 hp-117-tink-system kernel: VFIO - User Level meta-driver version: 0.3
Jun 12 11:04:04.608677 hp-117-tink-system kernel: Initializing XFRM netlink socket
Jun 12 11:21:24.590665 hp-117-tink-system kernel: 8021q: adding VLAN 0 to HW filter on device cnet-111938-bo
Jun 12 11:21:24.593652 hp-117-tink-system kernel: ixgbe 0000:04:00.1: removed PHC on eno50
Jun 12 11:21:24.808702 hp-117-tink-system kernel: ixgbe 0000:04:00.1: registered PHC device on eno50
Jun 12 11:21:24.916663 hp-117-tink-system kernel: 8021q: adding VLAN 0 to HW filter on device eno50
Jun 12 11:21:24.916811 hp-117-tink-system kernel: cnet-111938-bo: (slave eno50): Enslaving as a backup interface with a down link
Jun 12 11:21:24.918657 hp-117-tink-system kernel: cnet-111938-br: entered promiscuous mode
Jun 12 11:21:24.918718 hp-117-tink-system kernel: A link change request failed with some changes committed already. Interface cnet-111938-br may have been left with an inconsistent configuration, please check.
Jun 12 11:21:24.982693 hp-117-tink-system kernel: cnet-111938-br: port 1(cnet-111938-bo) entered blocking state
Jun 12 11:21:24.982740 hp-117-tink-system kernel: cnet-111938-br: port 1(cnet-111938-bo) entered disabled state
Jun 12 11:21:24.982783 hp-117-tink-system kernel: cnet-111938-bo: entered allmulticast mode
Jun 12 11:21:24.982814 hp-117-tink-system kernel: cnet-111938-bo: entered promiscuous mode
Jun 12 11:21:24.985674 hp-117-tink-system kernel: ixgbe 0000:04:00.1 eno50: detected SFP+: 3
Jun 12 11:21:25.227684 hp-117-tink-system kernel: ixgbe 0000:04:00.1 eno50: NIC Link is Up 10 Gbps, Flow Control: RX/TX
Jun 12 11:21:25.323254 hp-117-tink-system kernel: cnet-111938-bo: (slave eno50): link status definitely up, 10000 Mbps full duplex
Jun 12 11:21:25.323400 hp-117-tink-system kernel: cnet-111938-bo: (slave eno50): making interface the new active one
Jun 12 11:21:25.323435 hp-117-tink-system kernel: ixgbe 0000:04:00.1 eno50: entered promiscuous mode
Jun 12 11:21:25.323968 hp-117-tink-system kernel: ixgbe 0000:04:00.1 eno50: entered allmulticast mode
Jun 12 11:21:25.324339 hp-117-tink-system kernel: cnet-111938-bo: active interface up!
Jun 12 11:21:25.324383 hp-117-tink-system kernel: cnet-111938-br: port 1(cnet-111938-bo) entered blocking state
Jun 12 11:21:25.324413 hp-117-tink-system kernel: cnet-111938-br: port 1(cnet-111938-bo) entered forwarding state
Jun 12 11:21:35.611788 hp-117-tink-system kernel: cnet-111938-br: port 2(veth8322aa67) entered blocking state
Jun 12 11:21:35.611849 hp-117-tink-system kernel: cnet-111938-br: port 2(veth8322aa67) entered disabled state
Jun 12 11:21:35.611883 hp-117-tink-system kernel: veth8322aa67: entered allmulticast mode
Jun 12 11:21:35.611925 hp-117-tink-system kernel: veth8322aa67: entered promiscuous mode
Jun 12 11:21:35.691658 hp-117-tink-system kernel: cnet-111938-br: port 2(veth8322aa67) entered blocking state
Jun 12 11:21:35.691744 hp-117-tink-system kernel: cnet-111938-br: port 2(veth8322aa67) entered forwarding state
Jun 12 11:21:41.066685 hp-117-tink-system kernel: cnet-111938-br: port 2(veth8322aa67) entered disabled state
Jun 12 11:21:41.067667 hp-117-tink-system kernel: veth8322aa67 (unregistering): left allmulticast mode
Jun 12 11:21:41.067739 hp-117-tink-system kernel: veth8322aa67 (unregistering): left promiscuous mode
Jun 12 11:21:41.067791 hp-117-tink-system kernel: cnet-111938-br: port 2(veth8322aa67) entered disabled state
Jun 12 11:21:48.106670 hp-117-tink-system kernel: cnet-111938-bo: left allmulticast mode
Jun 12 11:21:48.106856 hp-117-tink-system kernel: ixgbe 0000:04:00.1 eno50: left allmulticast mode
Jun 12 11:21:48.107360 hp-117-tink-system kernel: cnet-111938-bo: left promiscuous mode
Jun 12 11:21:48.107413 hp-117-tink-system kernel: ixgbe 0000:04:00.1 eno50: left promiscuous mode
Jun 12 11:21:48.108890 hp-117-tink-system kernel: cnet-111938-br: port 1(cnet-111938-bo) entered disabled state
Jun 12 11:21:48.178708 hp-117-tink-system kernel: cnet-111938-bo (unregistering): (slave eno50): Releasing backup interface
Jun 12 11:21:48.188655 hp-117-tink-system kernel: ixgbe 0000:04:00.1: removed PHC on eno50
Jun 12 11:21:48.247697 hp-117-tink-system kernel: cnet-111938-bo (unregistering): Released all slaves
Jun 12 11:21:48.485700 hp-117-tink-system kernel: ixgbe 0000:04:00.1: registered PHC device on eno50
Jun 12 11:21:48.586658 hp-117-tink-system kernel: 8021q: adding VLAN 0 to HW filter on device eno50
Jun 12 11:21:48.655709 hp-117-tink-system kernel: ixgbe 0000:04:00.1 eno50: detected SFP+: 3
Jun 12 11:21:48.899698 hp-117-tink-system kernel: ixgbe 0000:04:00.1 eno50: NIC Link is Up 10 Gbps, Flow Control: RX/TX
Jun 12 11:26:13.801692 hp-117-tink-system kernel: 8021q: adding VLAN 0 to HW filter on device cnet-eno50-bo
Jun 12 11:26:13.804656 hp-117-tink-system kernel: ixgbe 0000:04:00.1: removed PHC on eno50
Jun 12 11:26:14.001694 hp-117-tink-system kernel: ixgbe 0000:04:00.1: registered PHC device on eno50
Jun 12 11:26:14.107680 hp-117-tink-system kernel: 8021q: adding VLAN 0 to HW filter on device eno50
Jun 12 11:26:14.108696 hp-117-tink-system kernel: cnet-eno50-bo: (slave eno50): Enslaving as a backup interface with a down link
Jun 12 11:26:14.112681 hp-117-tink-system kernel: cnet-eno50-br: entered promiscuous mode
Jun 12 11:26:14.112757 hp-117-tink-system kernel: A link change request failed with some changes committed already. Interface cnet-eno50-br may have been left with an inconsistent configuration, please check.
Jun 12 11:26:14.176729 hp-117-tink-system kernel: ixgbe 0000:04:00.1 eno50: detected SFP+: 3
Jun 12 11:26:14.283671 hp-117-tink-system kernel: cnet-eno50-br: port 1(cnet-eno50-bo) entered blocking state
Jun 12 11:26:14.283779 hp-117-tink-system kernel: cnet-eno50-br: port 1(cnet-eno50-bo) entered disabled state
Jun 12 11:26:14.283835 hp-117-tink-system kernel: cnet-eno50-bo: entered allmulticast mode
Jun 12 11:26:14.283890 hp-117-tink-system kernel: cnet-eno50-bo: entered promiscuous mode
Jun 12 11:26:14.418801 hp-117-tink-system kernel: ixgbe 0000:04:00.1 eno50: NIC Link is Up 10 Gbps, Flow Control: RX/TX
Jun 12 11:26:14.426681 hp-117-tink-system kernel: cnet-eno50-bo: (slave eno50): link status definitely up, 10000 Mbps full duplex
Jun 12 11:26:14.426776 hp-117-tink-system kernel: cnet-eno50-bo: (slave eno50): making interface the new active one
Jun 12 11:26:14.426832 hp-117-tink-system kernel: ixgbe 0000:04:00.1 eno50: entered promiscuous mode
Jun 12 11:26:14.427272 hp-117-tink-system kernel: ixgbe 0000:04:00.1 eno50: entered allmulticast mode
Jun 12 11:26:14.427681 hp-117-tink-system kernel: cnet-eno50-bo: active interface up!
Jun 12 11:26:14.427739 hp-117-tink-system kernel: cnet-eno50-br: port 1(cnet-eno50-bo) entered blocking state
Jun 12 11:26:14.427786 hp-117-tink-system kernel: cnet-eno50-br: port 1(cnet-eno50-bo) entered forwarding state
Jun 12 11:26:14.916654 hp-117-tink-system kernel: cnet-eno50-br: port 2(veth040a3f71) entered blocking state
Jun 12 11:26:14.916717 hp-117-tink-system kernel: cnet-eno50-br: port 2(veth040a3f71) entered disabled state
Jun 12 11:26:14.916753 hp-117-tink-system kernel: veth040a3f71: entered allmulticast mode
Jun 12 11:26:14.916786 hp-117-tink-system kernel: veth040a3f71: entered promiscuous mode
Jun 12 11:26:14.917665 hp-117-tink-system kernel: cnet-eno50-br: port 2(veth040a3f71) entered blocking state
Jun 12 11:26:14.917742 hp-117-tink-system kernel: cnet-eno50-br: port 2(veth040a3f71) entered forwarding state
Jun 12 11:26:18.429665 hp-117-tink-system kernel: cnet-eno50-br: port 2(veth040a3f71) entered disabled state
Jun 12 11:26:18.430662 hp-117-tink-system kernel: veth040a3f71 (unregistering): left allmulticast mode
Jun 12 11:26:18.430753 hp-117-tink-system kernel: veth040a3f71 (unregistering): left promiscuous mode
Jun 12 11:26:18.430807 hp-117-tink-system kernel: cnet-eno50-br: port 2(veth040a3f71) entered disabled state
Jun 12 11:26:20.849995 hp-117-tink-system kernel: cnet-eno50-br: port 2(veth813b6a31) entered blocking state
Jun 12 11:26:20.850084 hp-117-tink-system kernel: cnet-eno50-br: port 2(veth813b6a31) entered disabled state
Jun 12 11:26:20.850128 hp-117-tink-system kernel: veth813b6a31: entered allmulticast mode
Jun 12 11:26:20.850169 hp-117-tink-system kernel: veth813b6a31: entered promiscuous mode
Jun 12 11:26:20.917664 hp-117-tink-system kernel: cnet-eno50-br: port 2(veth813b6a31) entered blocking state
Jun 12 11:26:20.917757 hp-117-tink-system kernel: cnet-eno50-br: port 2(veth813b6a31) entered forwarding state
Jun 12 11:26:24.177656 hp-117-tink-system kernel: cnet-eno50-br: port 3(vethbaefd1a6) entered blocking state
Jun 12 11:26:24.177741 hp-117-tink-system kernel: cnet-eno50-br: port 3(vethbaefd1a6) entered disabled state
Jun 12 11:26:24.177778 hp-117-tink-system kernel: vethbaefd1a6: entered allmulticast mode
Jun 12 11:26:24.177811 hp-117-tink-system kernel: vethbaefd1a6: entered promiscuous mode
Jun 12 11:26:24.268669 hp-117-tink-system kernel: cnet-eno50-br: port 3(vethbaefd1a6) entered blocking state
Jun 12 11:26:24.268815 hp-117-tink-system kernel: cnet-eno50-br: port 3(vethbaefd1a6) entered forwarding state
Jun 12 11:26:24.280674 hp-117-tink-system kernel: cnet-eno50-br: port 4(veth0d9748ff) entered blocking state
Jun 12 11:26:24.280759 hp-117-tink-system kernel: cnet-eno50-br: port 4(veth0d9748ff) entered disabled state
Jun 12 11:26:24.280806 hp-117-tink-system kernel: veth0d9748ff: entered allmulticast mode
Jun 12 11:26:24.280842 hp-117-tink-system kernel: veth0d9748ff: entered promiscuous mode
Jun 12 11:26:24.348741 hp-117-tink-system kernel: cnet-eno50-br: port 4(veth0d9748ff) entered blocking state
Jun 12 11:26:24.348870 hp-117-tink-system kernel: cnet-eno50-br: port 4(veth0d9748ff) entered forwarding state
Jun 12 11:26:41.815690 hp-117-tink-system kernel: cnet-eno50-br: port 3(vethbaefd1a6) entered disabled state
Jun 12 11:26:41.816660 hp-117-tink-system kernel: vethbaefd1a6 (unregistering): left allmulticast mode
Jun 12 11:26:41.816745 hp-117-tink-system kernel: vethbaefd1a6 (unregistering): left promiscuous mode
Jun 12 11:26:41.816790 hp-117-tink-system kernel: cnet-eno50-br: port 3(vethbaefd1a6) entered disabled state
Jun 12 11:26:58.954665 hp-117-tink-system kernel: cnet-eno50-br: port 4(veth0d9748ff) entered disabled state
Jun 12 11:26:58.956685 hp-117-tink-system kernel: veth0d9748ff (unregistering): left allmulticast mode
Jun 12 11:26:58.956758 hp-117-tink-system kernel: veth0d9748ff (unregistering): left promiscuous mode
Jun 12 11:26:58.956807 hp-117-tink-system kernel: cnet-eno50-br: port 4(veth0d9748ff) entered disabled state
Jun 12 11:26:59.891662 hp-117-tink-system kernel: cnet-eno50-br: port 2(veth813b6a31) entered disabled state
Jun 12 11:26:59.893658 hp-117-tink-system kernel: veth813b6a31 (unregistering): left allmulticast mode
Jun 12 11:26:59.893738 hp-117-tink-system kernel: veth813b6a31 (unregistering): left promiscuous mode
Jun 12 11:26:59.893792 hp-117-tink-system kernel: cnet-eno50-br: port 2(veth813b6a31) entered disabled state
Jun 12 11:27:11.898695 hp-117-tink-system kernel: cnet-eno50-bo: left allmulticast mode
Jun 12 11:27:11.898886 hp-117-tink-system kernel: ixgbe 0000:04:00.1 eno50: left allmulticast mode
Jun 12 11:27:11.899447 hp-117-tink-system kernel: cnet-eno50-bo: left promiscuous mode
Jun 12 11:27:11.899497 hp-117-tink-system kernel: ixgbe 0000:04:00.1 eno50: left promiscuous mode
Jun 12 11:27:11.899910 hp-117-tink-system kernel: cnet-eno50-br: port 1(cnet-eno50-bo) entered disabled state
Jun 12 11:27:11.904660 hp-117-tink-system kernel: cnet-eno50-bo (unregistering): (slave eno50): Releasing backup interface
Jun 12 11:27:11.912670 hp-117-tink-system kernel: ixgbe 0000:04:00.1: removed PHC on eno50
Jun 12 11:27:11.979673 hp-117-tink-system kernel: cnet-eno50-bo (unregistering): Released all slaves
Jun 12 11:27:12.183710 hp-117-tink-system kernel: ixgbe 0000:04:00.1: registered PHC device on eno50
Jun 12 11:27:12.290658 hp-117-tink-system kernel: 8021q: adding VLAN 0 to HW filter on device eno50
Jun 12 11:27:12.360706 hp-117-tink-system kernel: ixgbe 0000:04:00.1 eno50: detected SFP+: 3
Jun 12 11:27:12.602684 hp-117-tink-system kernel: ixgbe 0000:04:00.1 eno50: NIC Link is Up 10 Gbps, Flow Control: RX/TX
Jun 12 11:38:04.227665 hp-117-tink-system kernel: scsi host1: iSCSI Initiator over TCP/IP
Jun 12 11:38:04.230677 hp-117-tink-system kernel: scsi 1:0:0:0: RAID              IET      Controller       0001 PQ: 0 ANSI: 5
Jun 12 11:38:04.232660 hp-117-tink-system kernel: scsi 1:0:0:0: Attached scsi generic sg2 type 12
Jun 12 11:38:04.233131 hp-117-tink-system kernel: scsi 1:0:0:1: Direct-Access     IET      VIRTUAL-DISK     0001 PQ: 0 ANSI: 5
Jun 12 11:38:04.234684 hp-117-tink-system kernel: sd 1:0:0:1: Attached scsi generic sg3 type 0
Jun 12 11:38:04.235214 hp-117-tink-system kernel: sd 1:0:0:1: Power-on or device reset occurred
Jun 12 11:38:04.235579 hp-117-tink-system kernel: sd 1:0:0:1: [sdb] 8388608 512-byte logical blocks: (4.29 GB/4.00 GiB)
Jun 12 11:38:04.235949 hp-117-tink-system kernel: sd 1:0:0:1: [sdb] Write Protect is off
Jun 12 11:38:04.236302 hp-117-tink-system kernel: sd 1:0:0:1: [sdb] Mode Sense: 69 00 10 08
Jun 12 11:38:04.236735 hp-117-tink-system kernel: sd 1:0:0:1: [sdb] Write cache: disabled, read cache: enabled, supports DPO and FUA
Jun 12 11:38:04.271665 hp-117-tink-system kernel: GPT:Primary header thinks Alt. header is not at the end of the disk.
Jun 12 11:38:04.271773 hp-117-tink-system kernel: GPT:7340031 != 8388607
Jun 12 11:38:04.271825 hp-117-tink-system kernel: GPT:Alternate GPT header not at the end of the disk.
Jun 12 11:38:04.271869 hp-117-tink-system kernel: GPT:7340031 != 8388607
Jun 12 11:38:04.271897 hp-117-tink-system kernel: GPT: Use GNU Parted to correct GPT errors.
Jun 12 11:38:04.271930 hp-117-tink-system kernel:  sdb: sdb1 sdb14 sdb15 sdb16
Jun 12 11:38:04.271971 hp-117-tink-system kernel: sd 1:0:0:1: [sdb] Attached SCSI disk
Jun 12 11:49:31.084692 hp-117-tink-system kernel: scsi host1: iSCSI Initiator over TCP/IP
Jun 12 11:49:31.087680 hp-117-tink-system kernel: scsi 1:0:0:0: RAID              IET      Controller       0001 PQ: 0 ANSI: 5
Jun 12 11:49:31.088678 hp-117-tink-system kernel: scsi 1:0:0:0: Attached scsi generic sg2 type 12
Jun 12 11:49:31.089095 hp-117-tink-system kernel: scsi 1:0:0:1: Direct-Access     IET      VIRTUAL-DISK     0001 PQ: 0 ANSI: 5
Jun 12 11:49:31.090656 hp-117-tink-system kernel: sd 1:0:0:1: Attached scsi generic sg3 type 0
Jun 12 11:49:31.091099 hp-117-tink-system kernel: sd 1:0:0:1: Power-on or device reset occurred
Jun 12 11:49:31.091443 hp-117-tink-system kernel: sd 1:0:0:1: [sdb] 8388608 512-byte logical blocks: (4.29 GB/4.00 GiB)
Jun 12 11:49:31.091804 hp-117-tink-system kernel: sd 1:0:0:1: [sdb] Write Protect is off
Jun 12 11:49:31.092140 hp-117-tink-system kernel: sd 1:0:0:1: [sdb] Mode Sense: 69 00 10 08
Jun 12 11:49:31.092478 hp-117-tink-system kernel: sd 1:0:0:1: [sdb] Write cache: disabled, read cache: enabled, supports DPO and FUA
Jun 12 11:50:16.528537 hp-117-tink-system kernel:  connection2:0: detected conn error (1021)
Jun 12 11:50:16.533669 hp-117-tink-system kernel: sd 1:0:0:1: Device offlined - not ready after error recovery
Jun 12 11:50:16.533927 hp-117-tink-system kernel: sd 1:0:0:1: [sdb] tag#76 FAILED Result: hostbyte=DID_TRANSPORT_DISRUPTED driverbyte=DRIVER_OK cmd_age=45s
Jun 12 11:50:16.534115 hp-117-tink-system kernel: sd 1:0:0:1: [sdb] tag#76 CDB: Read(10) 28 00 00 00 00 00 00 00 08 00
Jun 12 11:50:16.534303 hp-117-tink-system kernel: I/O error, dev sdb, sector 0 op 0x0:(READ) flags 0x0 phys_seg 1 prio class 0
Jun 12 11:50:16.534358 hp-117-tink-system kernel: Buffer I/O error on dev sdb, logical block 0, async page read
Jun 12 11:50:16.534400 hp-117-tink-system kernel: sd 1:0:0:1: rejecting I/O to offline device
Jun 12 11:50:16.534571 hp-117-tink-system kernel: I/O error, dev sdb, sector 0 op 0x0:(READ) flags 0x0 phys_seg 1 prio class 0
Jun 12 11:50:16.534603 hp-117-tink-system kernel: Buffer I/O error on dev sdb, logical block 0, async page read
Jun 12 11:50:16.534632 hp-117-tink-system kernel: ldm_validate_partition_table(): Disk read failed.
Jun 12 11:50:16.534680 hp-117-tink-system kernel: device offline error, dev sdb, sector 0 op 0x0:(READ) flags 0x0 phys_seg 1 prio class 0
Jun 12 11:50:16.534715 hp-117-tink-system kernel: Buffer I/O error on dev sdb, logical block 0, async page read
Jun 12 11:50:16.534749 hp-117-tink-system kernel: device offline error, dev sdb, sector 0 op 0x0:(READ) flags 0x0 phys_seg 1 prio class 0
Jun 12 11:50:16.534779 hp-117-tink-system kernel: Buffer I/O error on dev sdb, logical block 0, async page read
Jun 12 11:50:16.534807 hp-117-tink-system kernel: device offline error, dev sdb, sector 0 op 0x0:(READ) flags 0x0 phys_seg 1 prio class 0
Jun 12 11:50:16.534841 hp-117-tink-system kernel: Buffer I/O error on dev sdb, logical block 0, async page read
Jun 12 11:50:16.534880 hp-117-tink-system kernel:  sdb: unable to read partition table
Jun 12 11:50:16.534912 hp-117-tink-system kernel: sd 1:0:0:1: [sdb] Attached SCSI disk
Jun 12 11:53:49.112717 hp-117-tink-system kernel: scsi host1: iSCSI Initiator over TCP/IP
Jun 12 11:53:49.114654 hp-117-tink-system kernel: scsi 1:0:0:0: RAID              IET      Controller       0001 PQ: 0 ANSI: 5
Jun 12 11:53:49.116680 hp-117-tink-system kernel: scsi 1:0:0:0: Attached scsi generic sg2 type 12
Jun 12 11:53:49.117134 hp-117-tink-system kernel: scsi 1:0:0:1: Direct-Access     IET      VIRTUAL-DISK     0001 PQ: 0 ANSI: 5
Jun 12 11:53:49.118659 hp-117-tink-system kernel: sd 1:0:0:1: Attached scsi generic sg3 type 0
Jun 12 11:53:49.119079 hp-117-tink-system kernel: sd 1:0:0:1: Power-on or device reset occurred
Jun 12 11:53:49.119478 hp-117-tink-system kernel: sd 1:0:0:1: [sdb] 8388608 512-byte logical blocks: (4.29 GB/4.00 GiB)
Jun 12 11:53:49.119861 hp-117-tink-system kernel: sd 1:0:0:1: [sdb] Write Protect is off
Jun 12 11:53:49.120199 hp-117-tink-system kernel: sd 1:0:0:1: [sdb] Mode Sense: 69 00 10 08
Jun 12 11:53:49.120539 hp-117-tink-system kernel: sd 1:0:0:1: [sdb] Write cache: disabled, read cache: enabled, supports DPO and FUA
Jun 12 11:53:49.153699 hp-117-tink-system kernel: GPT:Primary header thinks Alt. header is not at the end of the disk.
Jun 12 11:53:49.153837 hp-117-tink-system kernel: GPT:7340031 != 8388607
Jun 12 11:53:49.153900 hp-117-tink-system kernel: GPT:Alternate GPT header not at the end of the disk.
Jun 12 11:53:49.153934 hp-117-tink-system kernel: GPT:7340031 != 8388607
Jun 12 11:53:49.153962 hp-117-tink-system kernel: GPT: Use GNU Parted to correct GPT errors.
Jun 12 11:53:49.154002 hp-117-tink-system kernel:  sdb: sdb1 sdb14 sdb15 sdb16
Jun 12 11:53:49.154048 hp-117-tink-system kernel: sd 1:0:0:1: [sdb] Attached SCSI disk
Jun 12 11:54:01.193663 hp-117-tink-system kernel: scsi host1: iSCSI Initiator over TCP/IP
Jun 12 11:54:01.195652 hp-117-tink-system kernel: scsi 1:0:0:0: RAID              IET      Controller       0001 PQ: 0 ANSI: 5
Jun 12 11:54:01.196679 hp-117-tink-system kernel: scsi 1:0:0:0: Attached scsi generic sg2 type 12
Jun 12 11:54:01.197100 hp-117-tink-system kernel: scsi 1:0:0:1: Direct-Access     IET      VIRTUAL-DISK     0001 PQ: 0 ANSI: 5
Jun 12 11:54:01.198656 hp-117-tink-system kernel: sd 1:0:0:1: Attached scsi generic sg3 type 0
Jun 12 11:54:01.199071 hp-117-tink-system kernel: sd 1:0:0:1: Power-on or device reset occurred
Jun 12 11:54:01.199478 hp-117-tink-system kernel: sd 1:0:0:1: [sdb] 8388608 512-byte logical blocks: (4.29 GB/4.00 GiB)
Jun 12 11:54:01.199854 hp-117-tink-system kernel: sd 1:0:0:1: [sdb] Write Protect is off
Jun 12 11:54:01.200186 hp-117-tink-system kernel: sd 1:0:0:1: [sdb] Mode Sense: 69 00 10 08
Jun 12 11:54:01.200524 hp-117-tink-system kernel: sd 1:0:0:1: [sdb] Write cache: disabled, read cache: enabled, supports DPO and FUA
Jun 12 11:54:01.233679 hp-117-tink-system kernel: GPT:Primary header thinks Alt. header is not at the end of the disk.
Jun 12 11:54:01.233772 hp-117-tink-system kernel: GPT:7340031 != 8388607
Jun 12 11:54:01.233812 hp-117-tink-system kernel: GPT:Alternate GPT header not at the end of the disk.
Jun 12 11:54:01.233843 hp-117-tink-system kernel: GPT:7340031 != 8388607
Jun 12 11:54:01.233894 hp-117-tink-system kernel: GPT: Use GNU Parted to correct GPT errors.
Jun 12 11:54:01.233926 hp-117-tink-system kernel:  sdb: sdb1 sdb14 sdb15 sdb16
Jun 12 11:54:01.233953 hp-117-tink-system kernel: sd 1:0:0:1: [sdb] Attached SCSI disk
Jun 12 11:56:59.191694 hp-117-tink-system kernel: scsi host1: iSCSI Initiator over TCP/IP
Jun 12 11:56:59.193673 hp-117-tink-system kernel: scsi 1:0:0:0: RAID              IET      Controller       0001 PQ: 0 ANSI: 5
Jun 12 11:56:59.195659 hp-117-tink-system kernel: scsi 1:0:0:0: Attached scsi generic sg2 type 12
Jun 12 11:56:59.196116 hp-117-tink-system kernel: scsi 1:0:0:1: Direct-Access     IET      VIRTUAL-DISK     0001 PQ: 0 ANSI: 5
Jun 12 11:56:59.196673 hp-117-tink-system kernel: sd 1:0:0:1: Attached scsi generic sg3 type 0
Jun 12 11:56:59.197136 hp-117-tink-system kernel: sd 1:0:0:1: Power-on or device reset occurred
Jun 12 11:56:59.197489 hp-117-tink-system kernel: sd 1:0:0:1: [sdb] 20971520 512-byte logical blocks: (10.7 GB/10.0 GiB)
Jun 12 11:56:59.197862 hp-117-tink-system kernel: sd 1:0:0:1: [sdb] Write Protect is off
Jun 12 11:56:59.198250 hp-117-tink-system kernel: sd 1:0:0:1: [sdb] Mode Sense: 69 00 10 08
Jun 12 11:56:59.198577 hp-117-tink-system kernel: sd 1:0:0:1: [sdb] Write cache: disabled, read cache: enabled, supports DPO and FUA
Jun 12 11:56:59.231695 hp-117-tink-system kernel: GPT:Primary header thinks Alt. header is not at the end of the disk.
Jun 12 11:56:59.231813 hp-117-tink-system kernel: GPT:7340031 != 20971519
Jun 12 11:56:59.231861 hp-117-tink-system kernel: GPT:Alternate GPT header not at the end of the disk.
Jun 12 11:56:59.231898 hp-117-tink-system kernel: GPT:7340031 != 20971519
Jun 12 11:56:59.231928 hp-117-tink-system kernel: GPT: Use GNU Parted to correct GPT errors.
Jun 12 11:56:59.231982 hp-117-tink-system kernel:  sdb: sdb1 sdb14 sdb15 sdb16
Jun 12 11:56:59.232015 hp-117-tink-system kernel: sd 1:0:0:1: [sdb] Attached SCSI disk
Jun 12 11:56:59.303692 hp-117-tink-system kernel: scsi host2: iSCSI Initiator over TCP/IP
Jun 12 11:56:59.305670 hp-117-tink-system kernel: scsi 2:0:0:0: RAID              IET      Controller       0001 PQ: 0 ANSI: 5
Jun 12 11:56:59.307690 hp-117-tink-system kernel: scsi 2:0:0:0: Attached scsi generic sg4 type 12
Jun 12 11:56:59.308122 hp-117-tink-system kernel: scsi 2:0:0:1: Direct-Access     IET      VIRTUAL-DISK     0001 PQ: 0 ANSI: 5
Jun 12 11:56:59.309666 hp-117-tink-system kernel: sd 2:0:0:1: Attached scsi generic sg5 type 0
Jun 12 11:56:59.310201 hp-117-tink-system kernel: sd 2:0:0:1: Power-on or device reset occurred
Jun 12 11:56:59.310608 hp-117-tink-system kernel: sd 2:0:0:1: [sdc] 20971520 512-byte logical blocks: (10.7 GB/10.0 GiB)
Jun 12 11:56:59.311052 hp-117-tink-system kernel: sd 2:0:0:1: [sdc] Write Protect is off
Jun 12 11:56:59.311595 hp-117-tink-system kernel: sd 2:0:0:1: [sdc] Mode Sense: 69 00 10 08
Jun 12 11:56:59.311945 hp-117-tink-system kernel: sd 2:0:0:1: [sdc] Write cache: disabled, read cache: enabled, supports DPO and FUA
Jun 12 11:56:59.344671 hp-117-tink-system kernel: GPT:Primary header thinks Alt. header is not at the end of the disk.
Jun 12 11:56:59.344768 hp-117-tink-system kernel: GPT:7340031 != 20971519
Jun 12 11:56:59.344808 hp-117-tink-system kernel: GPT:Alternate GPT header not at the end of the disk.
Jun 12 11:56:59.344846 hp-117-tink-system kernel: GPT:7340031 != 20971519
Jun 12 11:56:59.344876 hp-117-tink-system kernel: GPT: Use GNU Parted to correct GPT errors.
Jun 12 11:56:59.344926 hp-117-tink-system kernel:  sdc: sdc1 sdc14 sdc15 sdc16
Jun 12 11:56:59.344962 hp-117-tink-system kernel: sd 2:0:0:1: [sdc] Attached SCSI disk
Jun 12 11:57:07.127692 hp-117-tink-system kernel: loop1: detected capacity change from 0 to 20971520
Jun 12 11:57:07.328686 hp-117-tink-system kernel: loop2: detected capacity change from 0 to 20971520
Jun 12 11:57:09.855667 hp-117-tink-system kernel: k6t-eth0: port 1(tap0) entered blocking state
Jun 12 11:57:09.855813 hp-117-tink-system kernel: k6t-eth0: port 1(tap0) entered disabled state
Jun 12 11:57:09.855874 hp-117-tink-system kernel: tap0: entered allmulticast mode
Jun 12 11:57:09.855909 hp-117-tink-system kernel: tap0: entered promiscuous mode
Jun 12 11:57:09.920683 hp-117-tink-system kernel: k6t-eth0: port 1(tap0) entered blocking state
Jun 12 11:57:09.920807 hp-117-tink-system kernel: k6t-eth0: port 1(tap0) entered disabled state
Jun 12 11:57:09.920843 hp-117-tink-system kernel: tap0: entered allmulticast mode
Jun 12 11:57:09.920881 hp-117-tink-system kernel: tap0: entered promiscuous mode
Jun 12 11:57:11.382699 hp-117-tink-system kernel: k6t-eth0: port 1(tap0) entered blocking state
Jun 12 11:57:11.382822 hp-117-tink-system kernel: k6t-eth0: port 1(tap0) entered forwarding state
Jun 12 11:57:11.439690 hp-117-tink-system kernel: k6t-eth0: port 1(tap0) entered blocking state
Jun 12 11:57:11.439822 hp-117-tink-system kernel: k6t-eth0: port 1(tap0) entered forwarding state
Jun 12 11:57:44.414706 hp-117-tink-system kernel: k6t-eth0: port 1(tap0) entered disabled state
Jun 12 11:57:54.005679 hp-117-tink-system kernel: k6t-eth0: port 1(tap0) entered disabled state
Jun 12 11:58:37.613655 hp-117-tink-system kernel: tap0: left allmulticast mode
Jun 12 11:58:37.613754 hp-117-tink-system kernel: tap0: left promiscuous mode
Jun 12 11:58:37.613792 hp-117-tink-system kernel: k6t-eth0: port 1(tap0) entered disabled state
Jun 12 11:58:37.613828 hp-117-tink-system kernel: tap0: left allmulticast mode
Jun 12 11:58:37.613879 hp-117-tink-system kernel: tap0: left promiscuous mode
Jun 12 11:58:37.613919 hp-117-tink-system kernel: k6t-eth0: port 1(tap0) entered disabled state
Jun 12 11:58:40.297664 hp-117-tink-system kernel: scsi host1: iSCSI Initiator over TCP/IP
Jun 12 11:58:40.300689 hp-117-tink-system kernel: scsi 1:0:0:0: RAID              IET      Controller       0001 PQ: 0 ANSI: 5
Jun 12 11:58:40.301677 hp-117-tink-system kernel: scsi 1:0:0:0: Attached scsi generic sg2 type 12
Jun 12 11:58:40.302090 hp-117-tink-system kernel: scsi 1:0:0:1: Direct-Access     IET      VIRTUAL-DISK     0001 PQ: 0 ANSI: 5
Jun 12 11:58:40.303682 hp-117-tink-system kernel: sd 1:0:0:1: Attached scsi generic sg3 type 0
Jun 12 11:58:40.304155 hp-117-tink-system kernel: sd 1:0:0:1: Power-on or device reset occurred
Jun 12 11:58:40.304610 hp-117-tink-system kernel: sd 1:0:0:1: [sdb] 20971520 512-byte logical blocks: (10.7 GB/10.0 GiB)
Jun 12 11:58:40.305021 hp-117-tink-system kernel: sd 1:0:0:1: [sdb] Write Protect is off
Jun 12 11:58:40.305937 hp-117-tink-system kernel: sd 1:0:0:1: [sdb] Mode Sense: 69 00 10 08
Jun 12 11:58:40.306279 hp-117-tink-system kernel: sd 1:0:0:1: [sdb] Write cache: disabled, read cache: enabled, supports DPO and FUA
Jun 12 11:58:40.336656 hp-117-tink-system kernel: GPT:Primary header thinks Alt. header is not at the end of the disk.
Jun 12 11:58:40.336740 hp-117-tink-system kernel: GPT:7340031 != 20971519
Jun 12 11:58:40.336780 hp-117-tink-system kernel: GPT:Alternate GPT header not at the end of the disk.
Jun 12 11:58:40.336813 hp-117-tink-system kernel: GPT:7340031 != 20971519
Jun 12 11:58:40.336851 hp-117-tink-system kernel: GPT: Use GNU Parted to correct GPT errors.
Jun 12 11:58:40.336885 hp-117-tink-system kernel:  sdb: sdb1 sdb14 sdb15 sdb16
Jun 12 11:58:40.336915 hp-117-tink-system kernel: sd 1:0:0:1: [sdb] Attached SCSI disk
Jun 12 11:58:48.467702 hp-117-tink-system kernel: loop1: detected capacity change from 0 to 20971520
Jun 12 11:58:51.635704 hp-117-tink-system kernel: k6t-eth0: port 1(tap0) entered blocking state
Jun 12 11:58:51.635907 hp-117-tink-system kernel: k6t-eth0: port 1(tap0) entered disabled state
Jun 12 11:58:51.635968 hp-117-tink-system kernel: tap0: entered allmulticast mode
Jun 12 11:58:51.636001 hp-117-tink-system kernel: tap0: entered promiscuous mode
Jun 12 11:58:53.075701 hp-117-tink-system kernel: k6t-eth0: port 1(tap0) entered blocking state
Jun 12 11:58:53.075827 hp-117-tink-system kernel: k6t-eth0: port 1(tap0) entered forwarding state
Jun 12 11:59:39.121692 hp-117-tink-system kernel: k6t-eth0: port 1(tap0) entered disabled state
Jun 12 12:00:13.190693 hp-117-tink-system kernel: scsi host1: iSCSI Initiator over TCP/IP
Jun 12 12:00:13.192665 hp-117-tink-system kernel: scsi 1:0:0:0: RAID              IET      Controller       0001 PQ: 0 ANSI: 5
Jun 12 12:00:13.194665 hp-117-tink-system kernel: scsi 1:0:0:0: Attached scsi generic sg2 type 12
Jun 12 12:00:13.195082 hp-117-tink-system kernel: scsi 1:0:0:1: Direct-Access     IET      VIRTUAL-DISK     0001 PQ: 0 ANSI: 5
Jun 12 12:00:13.196691 hp-117-tink-system kernel: sd 1:0:0:1: Attached scsi generic sg3 type 0
Jun 12 12:00:13.197156 hp-117-tink-system kernel: sd 1:0:0:1: Power-on or device reset occurred
Jun 12 12:00:13.197494 hp-117-tink-system kernel: sd 1:0:0:1: [sdb] 2097152 512-byte logical blocks: (1.07 GB/1.00 GiB)
Jun 12 12:00:13.197851 hp-117-tink-system kernel: sd 1:0:0:1: [sdb] Write Protect is off
Jun 12 12:00:13.198168 hp-117-tink-system kernel: sd 1:0:0:1: [sdb] Mode Sense: 69 00 10 08
Jun 12 12:00:13.198494 hp-117-tink-system kernel: sd 1:0:0:1: [sdb] Write cache: disabled, read cache: enabled, supports DPO and FUA
Jun 12 12:00:13.219702 hp-117-tink-system kernel: sd 1:0:0:1: [sdb] Attached SCSI disk
Jun 12 12:00:13.301690 hp-117-tink-system kernel: scsi host2: iSCSI Initiator over TCP/IP
Jun 12 12:00:13.304681 hp-117-tink-system kernel: scsi 2:0:0:0: RAID              IET      Controller       0001 PQ: 0 ANSI: 5
Jun 12 12:00:13.305669 hp-117-tink-system kernel: scsi 2:0:0:0: Attached scsi generic sg4 type 12
Jun 12 12:00:13.306082 hp-117-tink-system kernel: scsi 2:0:0:1: Direct-Access     IET      VIRTUAL-DISK     0001 PQ: 0 ANSI: 5
Jun 12 12:00:13.307659 hp-117-tink-system kernel: sd 2:0:0:1: Attached scsi generic sg5 type 0
Jun 12 12:00:13.308083 hp-117-tink-system kernel: sd 2:0:0:1: Power-on or device reset occurred
Jun 12 12:00:13.308437 hp-117-tink-system kernel: sd 2:0:0:1: [sdc] 20971520 512-byte logical blocks: (10.7 GB/10.0 GiB)
Jun 12 12:00:13.308823 hp-117-tink-system kernel: sd 2:0:0:1: [sdc] Write Protect is off
Jun 12 12:00:13.309158 hp-117-tink-system kernel: sd 2:0:0:1: [sdc] Mode Sense: 69 00 10 08
Jun 12 12:00:13.309491 hp-117-tink-system kernel: sd 2:0:0:1: [sdc] Write cache: disabled, read cache: enabled, supports DPO and FUA
Jun 12 12:00:13.343673 hp-117-tink-system kernel: GPT:Primary header thinks Alt. header is not at the end of the disk.
Jun 12 12:00:13.343759 hp-117-tink-system kernel: GPT:7340031 != 20971519
Jun 12 12:00:13.343807 hp-117-tink-system kernel: GPT:Alternate GPT header not at the end of the disk.
Jun 12 12:00:13.343843 hp-117-tink-system kernel: GPT:7340031 != 20971519
Jun 12 12:00:13.343871 hp-117-tink-system kernel: GPT: Use GNU Parted to correct GPT errors.
Jun 12 12:00:13.343900 hp-117-tink-system kernel:  sdc: sdc1 sdc14 sdc15 sdc16
Jun 12 12:00:13.343932 hp-117-tink-system kernel: sd 2:0:0:1: [sdc] Attached SCSI disk
Jun 12 12:00:21.387686 hp-117-tink-system kernel: loop1: detected capacity change from 0 to 2097152
Jun 12 12:00:21.394663 hp-117-tink-system kernel: loop2: detected capacity change from 0 to 20971520
Jun 12 12:00:24.328670 hp-117-tink-system kernel: k6t-eth0: port 1(tap0) entered blocking state
Jun 12 12:00:24.328830 hp-117-tink-system kernel: k6t-eth0: port 1(tap0) entered disabled state
Jun 12 12:00:24.328879 hp-117-tink-system kernel: tap0: entered allmulticast mode
Jun 12 12:00:24.328913 hp-117-tink-system kernel: tap0: entered promiscuous mode
Jun 12 12:00:25.705695 hp-117-tink-system kernel: k6t-eth0: port 1(tap0) entered blocking state
Jun 12 12:00:25.705855 hp-117-tink-system kernel: k6t-eth0: port 1(tap0) entered forwarding state
Jun 12 12:00:37.715702 hp-117-tink-system kernel: tap0: left allmulticast mode
Jun 12 12:00:37.715904 hp-117-tink-system kernel: tap0: left promiscuous mode
Jun 12 12:00:37.715944 hp-117-tink-system kernel: k6t-eth0: port 1(tap0) entered disabled state
Jun 12 12:01:15.280688 hp-117-tink-system kernel: k6t-eth0: port 1(tap0) entered disabled state
Jun 12 12:01:19.627672 hp-117-tink-system kernel: tap0: left allmulticast mode
Jun 12 12:01:19.627836 hp-117-tink-system kernel: tap0: left promiscuous mode
Jun 12 12:01:19.627878 hp-117-tink-system kernel: k6t-eth0: port 1(tap0) entered disabled state
Jun 12 12:01:19.879663 hp-117-tink-system kernel: 8021q: adding VLAN 0 to HW filter on device cnet-eno50-bo
Jun 12 12:01:19.881664 hp-117-tink-system kernel: ixgbe 0000:04:00.1: removed PHC on eno50
Jun 12 12:01:20.074693 hp-117-tink-system kernel: ixgbe 0000:04:00.1: registered PHC device on eno50
Jun 12 12:01:20.178664 hp-117-tink-system kernel: 8021q: adding VLAN 0 to HW filter on device eno50
Jun 12 12:01:20.180656 hp-117-tink-system kernel: cnet-eno50-bo: (slave eno50): Enslaving as a backup interface with a down link
Jun 12 12:01:20.183654 hp-117-tink-system kernel: cnet-eno50-br: entered promiscuous mode
Jun 12 12:01:20.183728 hp-117-tink-system kernel: A link change request failed with some changes committed already. Interface cnet-eno50-br may have been left with an inconsistent configuration, please check.
Jun 12 12:01:20.240714 hp-117-tink-system kernel: ixgbe 0000:04:00.1 eno50: detected SFP+: 3
Jun 12 12:01:20.479660 hp-117-tink-system kernel: cnet-eno50-br: port 1(cnet-eno50-bo) entered blocking state
Jun 12 12:01:20.479800 hp-117-tink-system kernel: cnet-eno50-br: port 1(cnet-eno50-bo) entered disabled state
Jun 12 12:01:20.479843 hp-117-tink-system kernel: cnet-eno50-bo: entered allmulticast mode
Jun 12 12:01:20.479873 hp-117-tink-system kernel: cnet-eno50-bo: entered promiscuous mode
Jun 12 12:01:20.490670 hp-117-tink-system kernel: ixgbe 0000:04:00.1 eno50: NIC Link is Up 10 Gbps, Flow Control: RX/TX
Jun 12 12:01:20.506684 hp-117-tink-system kernel: cnet-eno50-bo: (slave eno50): link status definitely up, 10000 Mbps full duplex
Jun 12 12:01:20.506771 hp-117-tink-system kernel: cnet-eno50-bo: (slave eno50): making interface the new active one
Jun 12 12:01:20.506807 hp-117-tink-system kernel: ixgbe 0000:04:00.1 eno50: entered promiscuous mode
Jun 12 12:01:20.507237 hp-117-tink-system kernel: ixgbe 0000:04:00.1 eno50: entered allmulticast mode
Jun 12 12:01:20.507595 hp-117-tink-system kernel: cnet-eno50-bo: active interface up!
Jun 12 12:01:20.507629 hp-117-tink-system kernel: cnet-eno50-br: port 1(cnet-eno50-bo) entered blocking state
Jun 12 12:01:20.507669 hp-117-tink-system kernel: cnet-eno50-br: port 1(cnet-eno50-bo) entered forwarding state
Jun 12 12:04:32.631652 hp-117-tink-system kernel: cnet-eno50-br: port 2(veth1c793571) entered blocking state
Jun 12 12:04:32.631718 hp-117-tink-system kernel: cnet-eno50-br: port 2(veth1c793571) entered disabled state
Jun 12 12:04:32.631752 hp-117-tink-system kernel: veth1c793571: entered allmulticast mode
Jun 12 12:04:32.631784 hp-117-tink-system kernel: veth1c793571: entered promiscuous mode
Jun 12 12:04:32.700667 hp-117-tink-system kernel: cnet-eno50-br: port 2(veth1c793571) entered blocking state
Jun 12 12:04:32.700795 hp-117-tink-system kernel: cnet-eno50-br: port 2(veth1c793571) entered forwarding state
Jun 12 12:04:32.791661 hp-117-tink-system kernel: cnet-eno50-br: port 3(vethc108161c) entered blocking state
Jun 12 12:04:32.791781 hp-117-tink-system kernel: cnet-eno50-br: port 3(vethc108161c) entered disabled state
Jun 12 12:04:32.791823 hp-117-tink-system kernel: vethc108161c: entered allmulticast mode
Jun 12 12:04:32.791857 hp-117-tink-system kernel: vethc108161c: entered promiscuous mode
Jun 12 12:04:33.854665 hp-117-tink-system kernel: cnet-eno50-br: port 3(vethc108161c) entered blocking state
Jun 12 12:04:33.854803 hp-117-tink-system kernel: cnet-eno50-br: port 3(vethc108161c) entered forwarding state
Jun 12 12:04:37.639685 hp-117-tink-system kernel: cnet-eno50-br: port 3(vethc108161c) entered disabled state
Jun 12 12:04:37.639839 hp-117-tink-system kernel: vethc108161c (unregistering): left allmulticast mode
Jun 12 12:04:37.639880 hp-117-tink-system kernel: vethc108161c (unregistering): left promiscuous mode
Jun 12 12:04:37.639913 hp-117-tink-system kernel: cnet-eno50-br: port 3(vethc108161c) entered disabled state
Jun 12 12:04:37.668661 hp-117-tink-system kernel: cnet-eno50-br: port 2(veth1c793571) entered disabled state
Jun 12 12:04:37.669655 hp-117-tink-system kernel: veth1c793571 (unregistering): left allmulticast mode
Jun 12 12:04:37.669796 hp-117-tink-system kernel: veth1c793571 (unregistering): left promiscuous mode
Jun 12 12:04:37.669840 hp-117-tink-system kernel: cnet-eno50-br: port 2(veth1c793571) entered disabled state
Jun 12 12:07:35.072802 hp-117-tink-system kernel: cnet-eno50-br: port 2(veth6332e123) entered blocking state
Jun 12 12:07:35.072863 hp-117-tink-system kernel: cnet-eno50-br: port 2(veth6332e123) entered disabled state
Jun 12 12:07:35.072896 hp-117-tink-system kernel: veth6332e123: entered allmulticast mode
Jun 12 12:07:35.072933 hp-117-tink-system kernel: veth6332e123: entered promiscuous mode
Jun 12 12:07:35.148659 hp-117-tink-system kernel: cnet-eno50-br: port 2(veth6332e123) entered blocking state
Jun 12 12:07:35.148719 hp-117-tink-system kernel: cnet-eno50-br: port 2(veth6332e123) entered forwarding state
Jun 12 12:07:49.659654 hp-117-tink-system kernel: cnet-eno50-br: port 3(veth6aca600d) entered blocking state
Jun 12 12:07:49.659734 hp-117-tink-system kernel: cnet-eno50-br: port 3(veth6aca600d) entered disabled state
Jun 12 12:07:49.659804 hp-117-tink-system kernel: veth6aca600d: entered allmulticast mode
Jun 12 12:07:49.659841 hp-117-tink-system kernel: veth6aca600d: entered promiscuous mode
Jun 12 12:07:49.722872 hp-117-tink-system kernel: cnet-eno50-br: port 3(veth6aca600d) entered blocking state
Jun 12 12:07:49.722998 hp-117-tink-system kernel: cnet-eno50-br: port 3(veth6aca600d) entered forwarding state
Jun 12 12:07:51.779683 hp-117-tink-system kernel: cnet-eno50-br: port 2(veth6332e123) entered disabled state
Jun 12 12:07:51.781686 hp-117-tink-system kernel: veth6332e123 (unregistering): left allmulticast mode
Jun 12 12:07:51.781765 hp-117-tink-system kernel: veth6332e123 (unregistering): left promiscuous mode
Jun 12 12:07:51.781802 hp-117-tink-system kernel: cnet-eno50-br: port 2(veth6332e123) entered disabled state
Jun 12 12:07:52.817681 hp-117-tink-system kernel: cnet-eno50-br: port 3(veth6aca600d) entered disabled state
Jun 12 12:07:52.818670 hp-117-tink-system kernel: veth6aca600d (unregistering): left allmulticast mode
Jun 12 12:07:52.818757 hp-117-tink-system kernel: veth6aca600d (unregistering): left promiscuous mode
Jun 12 12:07:52.818797 hp-117-tink-system kernel: cnet-eno50-br: port 3(veth6aca600d) entered disabled state
Jun 12 12:08:10.173666 hp-117-tink-system kernel: cnet-eno50-bo: left allmulticast mode
Jun 12 12:08:10.173951 hp-117-tink-system kernel: ixgbe 0000:04:00.1 eno50: left allmulticast mode
Jun 12 12:08:10.174528 hp-117-tink-system kernel: cnet-eno50-bo: left promiscuous mode
Jun 12 12:08:10.174569 hp-117-tink-system kernel: ixgbe 0000:04:00.1 eno50: left promiscuous mode
Jun 12 12:08:10.175657 hp-117-tink-system kernel: cnet-eno50-br: port 1(cnet-eno50-bo) entered disabled state
Jun 12 12:08:10.271672 hp-117-tink-system kernel: cnet-eno50-bo (unregistering): (slave eno50): Releasing backup interface
Jun 12 12:08:10.292680 hp-117-tink-system kernel: ixgbe 0000:04:00.1: removed PHC on eno50
Jun 12 12:08:10.351663 hp-117-tink-system kernel: cnet-eno50-bo (unregistering): Released all slaves
Jun 12 12:08:10.573691 hp-117-tink-system kernel: ixgbe 0000:04:00.1: registered PHC device on eno50
Jun 12 12:08:10.674678 hp-117-tink-system kernel: 8021q: adding VLAN 0 to HW filter on device eno50
Jun 12 12:08:10.743698 hp-117-tink-system kernel: ixgbe 0000:04:00.1 eno50: detected SFP+: 3
Jun 12 12:08:10.987703 hp-117-tink-system kernel: ixgbe 0000:04:00.1 eno50: NIC Link is Up 10 Gbps, Flow Control: RX/TX
Jun 12 12:11:21.250704 hp-117-tink-system kernel: perf: interrupt took too long (2513 > 2500), lowering kernel.perf_event_max_sample_rate to 79000
Jun 12 12:12:47.350699 hp-117-tink-system kernel: scsi host1: iSCSI Initiator over TCP/IP
Jun 12 12:12:47.352671 hp-117-tink-system kernel: scsi 1:0:0:0: RAID              IET      Controller       0001 PQ: 0 ANSI: 5
Jun 12 12:12:47.354657 hp-117-tink-system kernel: scsi 1:0:0:0: Attached scsi generic sg2 type 12
Jun 12 12:12:47.355074 hp-117-tink-system kernel: scsi 1:0:0:1: Direct-Access     IET      VIRTUAL-DISK     0001 PQ: 0 ANSI: 5
Jun 12 12:12:47.356669 hp-117-tink-system kernel: sd 1:0:0:1: Attached scsi generic sg3 type 0
Jun 12 12:12:47.357095 hp-117-tink-system kernel: sd 1:0:0:1: Power-on or device reset occurred
Jun 12 12:12:47.357458 hp-117-tink-system kernel: sd 1:0:0:1: [sdb] 20971520 512-byte logical blocks: (10.7 GB/10.0 GiB)
Jun 12 12:12:47.357805 hp-117-tink-system kernel: sd 1:0:0:1: [sdb] Write Protect is off
Jun 12 12:12:47.358139 hp-117-tink-system kernel: sd 1:0:0:1: [sdb] Mode Sense: 69 00 10 08
Jun 12 12:12:47.358473 hp-117-tink-system kernel: sd 1:0:0:1: [sdb] Write cache: disabled, read cache: enabled, supports DPO and FUA
Jun 12 12:12:47.392321 hp-117-tink-system kernel:  sdb: sdb1 sdb2 sdb3
Jun 12 12:12:47.392448 hp-117-tink-system kernel: sd 1:0:0:1: [sdb] Attached SCSI disk
Jun 12 12:12:55.827688 hp-117-tink-system kernel: loop1: detected capacity change from 0 to 20971520
Jun 12 12:12:58.914666 hp-117-tink-system kernel: k6t-eth0: port 1(tap0) entered blocking state
Jun 12 12:12:58.914809 hp-117-tink-system kernel: k6t-eth0: port 1(tap0) entered disabled state
Jun 12 12:12:58.914875 hp-117-tink-system kernel: tap0: entered allmulticast mode
Jun 12 12:12:58.914922 hp-117-tink-system kernel: tap0: entered promiscuous mode
Jun 12 12:13:00.292692 hp-117-tink-system kernel: k6t-eth0: port 1(tap0) entered blocking state
Jun 12 12:13:00.292807 hp-117-tink-system kernel: k6t-eth0: port 1(tap0) entered forwarding state
Jun 12 12:13:24.826710 hp-117-tink-system kernel: k6t-eth0: port 1(tap0) entered disabled state
Jun 12 12:14:39.911702 hp-117-tink-system kernel: tap0: left allmulticast mode
Jun 12 12:14:39.911889 hp-117-tink-system kernel: tap0: left promiscuous mode
Jun 12 12:14:39.911933 hp-117-tink-system kernel: k6t-eth0: port 1(tap0) entered disabled state
Jun 12 12:52:32.934120 hp-117-tink-system kernel: perf: interrupt took too long (3150 > 3141), lowering kernel.perf_event_max_sample_rate to 63000
Jun 12 13:15:19.716668 hp-117-tink-system kernel: netfs: FS-Cache loaded
Jun 12 13:15:19.833661 hp-117-tink-system kernel: Key type dns_resolver registered
Jun 12 13:15:20.200662 hp-117-tink-system kernel: NFS: Registering the id_resolver key type
Jun 12 13:15:20.200784 hp-117-tink-system kernel: Key type id_resolver registered
Jun 12 13:15:20.200824 hp-117-tink-system kernel: Key type id_legacy registered
Jun 12 13:28:49.867709 hp-117-tink-system kernel: scsi host1: iSCSI Initiator over TCP/IP
Jun 12 13:28:49.870679 hp-117-tink-system kernel: scsi 1:0:0:0: RAID              IET      Controller       0001 PQ: 0 ANSI: 5
Jun 12 13:28:49.871678 hp-117-tink-system kernel: scsi 1:0:0:0: Attached scsi generic sg2 type 12
Jun 12 13:28:49.872115 hp-117-tink-system kernel: scsi 1:0:0:1: Direct-Access     IET      VIRTUAL-DISK     0001 PQ: 0 ANSI: 5
Jun 12 13:28:49.873687 hp-117-tink-system kernel: sd 1:0:0:1: Attached scsi generic sg3 type 0
Jun 12 13:28:49.874160 hp-117-tink-system kernel: sd 1:0:0:1: Power-on or device reset occurred
Jun 12 13:28:49.874564 hp-117-tink-system kernel: sd 1:0:0:1: [sdb] 20971520 512-byte logical blocks: (10.7 GB/10.0 GiB)
Jun 12 13:28:49.874944 hp-117-tink-system kernel: sd 1:0:0:1: [sdb] Write Protect is off
Jun 12 13:28:49.875284 hp-117-tink-system kernel: sd 1:0:0:1: [sdb] Mode Sense: 69 00 10 08
Jun 12 13:28:49.875624 hp-117-tink-system kernel: sd 1:0:0:1: [sdb] Write cache: disabled, read cache: enabled, supports DPO and FUA
Jun 12 13:28:49.908701 hp-117-tink-system kernel:  sdb: sdb1 sdb2 sdb3
Jun 12 13:28:49.908848 hp-117-tink-system kernel: sd 1:0:0:1: [sdb] Attached SCSI disk
Jun 12 13:28:57.490686 hp-117-tink-system kernel: loop1: detected capacity change from 0 to 20971520
Jun 12 13:29:00.537720 hp-117-tink-system kernel: k6t-eth0: port 1(tap0) entered blocking state
Jun 12 13:29:00.537903 hp-117-tink-system kernel: k6t-eth0: port 1(tap0) entered disabled state
Jun 12 13:29:00.537972 hp-117-tink-system kernel: tap0: entered allmulticast mode
Jun 12 13:29:00.538006 hp-117-tink-system kernel: tap0: entered promiscuous mode
Jun 12 13:29:01.967685 hp-117-tink-system kernel: k6t-eth0: port 1(tap0) entered blocking state
Jun 12 13:29:01.967886 hp-117-tink-system kernel: k6t-eth0: port 1(tap0) entered forwarding state
Jun 12 13:41:48.557172 hp-117-tink-system kernel: perf: interrupt took too long (3946 > 3937), lowering kernel.perf_event_max_sample_rate to 50000
Jun 12 13:44:26.894666 hp-117-tink-system kernel: k6t-eth0: port 1(tap0) entered disabled state
Jun 12 13:44:31.754670 hp-117-tink-system kernel: tap0: left allmulticast mode
Jun 12 13:44:31.754843 hp-117-tink-system kernel: tap0: left promiscuous mode
Jun 12 13:44:31.754895 hp-117-tink-system kernel: k6t-eth0: port 1(tap0) entered disabled state
Jun 12 13:45:48.371737 hp-117-tink-system kernel: scsi host1: iSCSI Initiator over TCP/IP
Jun 12 13:45:48.373656 hp-117-tink-system kernel: scsi 1:0:0:0: RAID              IET      Controller       0001 PQ: 0 ANSI: 5
Jun 12 13:45:48.375655 hp-117-tink-system kernel: scsi 1:0:0:0: Attached scsi generic sg2 type 12
Jun 12 13:45:48.376075 hp-117-tink-system kernel: scsi 1:0:0:1: Direct-Access     IET      VIRTUAL-DISK     0001 PQ: 0 ANSI: 5
Jun 12 13:45:48.376694 hp-117-tink-system kernel: sd 1:0:0:1: Attached scsi generic sg3 type 0
Jun 12 13:45:48.377120 hp-117-tink-system kernel: sd 1:0:0:1: Power-on or device reset occurred
Jun 12 13:45:48.377473 hp-117-tink-system kernel: sd 1:0:0:1: [sdb] 20971520 512-byte logical blocks: (10.7 GB/10.0 GiB)
Jun 12 13:45:48.377870 hp-117-tink-system kernel: sd 1:0:0:1: [sdb] Write Protect is off
Jun 12 13:45:48.378230 hp-117-tink-system kernel: sd 1:0:0:1: [sdb] Mode Sense: 69 00 10 08
Jun 12 13:45:48.378563 hp-117-tink-system kernel: sd 1:0:0:1: [sdb] Write cache: disabled, read cache: enabled, supports DPO and FUA
Jun 12 13:45:48.412673 hp-117-tink-system kernel:  sdb: sdb1 sdb2 sdb3
Jun 12 13:45:48.412792 hp-117-tink-system kernel: sd 1:0:0:1: [sdb] Attached SCSI disk
Jun 12 13:45:55.906668 hp-117-tink-system kernel: loop1: detected capacity change from 0 to 20971520
Jun 12 13:45:59.038680 hp-117-tink-system kernel: k6t-eth0: port 1(tap0) entered blocking state
Jun 12 13:45:59.038826 hp-117-tink-system kernel: k6t-eth0: port 1(tap0) entered disabled state
Jun 12 13:45:59.038876 hp-117-tink-system kernel: tap0: entered allmulticast mode
Jun 12 13:45:59.038913 hp-117-tink-system kernel: tap0: entered promiscuous mode
Jun 12 13:46:00.446693 hp-117-tink-system kernel: k6t-eth0: port 1(tap0) entered blocking state
Jun 12 13:46:00.446825 hp-117-tink-system kernel: k6t-eth0: port 1(tap0) entered forwarding state
Jun 12 14:01:22.907702 hp-117-tink-system kernel: k6t-eth0: port 1(tap0) entered disabled state
Jun 12 14:01:27.306669 hp-117-tink-system kernel: tap0: left allmulticast mode
Jun 12 14:01:27.306841 hp-117-tink-system kernel: tap0: left promiscuous mode
Jun 12 14:01:27.306890 hp-117-tink-system kernel: k6t-eth0: port 1(tap0) entered disabled state
Jun 12 15:00:22.809688 hp-117-tink-system kernel: 8021q: adding VLAN 0 to HW filter on device cnet-145836-bo
Jun 12 15:00:22.812689 hp-117-tink-system kernel: ixgbe 0000:04:00.1: removed PHC on eno50
Jun 12 15:00:23.000691 hp-117-tink-system kernel: ixgbe 0000:04:00.1: registered PHC device on eno50
Jun 12 15:00:23.107665 hp-117-tink-system kernel: 8021q: adding VLAN 0 to HW filter on device eno50
Jun 12 15:00:23.108725 hp-117-tink-system kernel: cnet-145836-bo: (slave eno50): Enslaving as a backup interface with a down link
Jun 12 15:00:23.112670 hp-117-tink-system kernel: cnet-145836-br: entered promiscuous mode
Jun 12 15:00:23.112775 hp-117-tink-system kernel: A link change request failed with some changes committed already. Interface cnet-145836-br may have been left with an inconsistent configuration, please check.
Jun 12 15:00:23.176701 hp-117-tink-system kernel: ixgbe 0000:04:00.1 eno50: detected SFP+: 3
Jun 12 15:00:23.280702 hp-117-tink-system kernel: cnet-145836-br: port 1(cnet-145836-bo) entered blocking state
Jun 12 15:00:23.280834 hp-117-tink-system kernel: cnet-145836-br: port 1(cnet-145836-bo) entered disabled state
Jun 12 15:00:23.280895 hp-117-tink-system kernel: cnet-145836-bo: entered allmulticast mode
Jun 12 15:00:23.280958 hp-117-tink-system kernel: cnet-145836-bo: entered promiscuous mode
Jun 12 15:00:23.418675 hp-117-tink-system kernel: ixgbe 0000:04:00.1 eno50: NIC Link is Up 10 Gbps, Flow Control: RX/TX
Jun 12 15:00:23.435445 hp-117-tink-system kernel: cnet-145836-bo: (slave eno50): link status definitely up, 10000 Mbps full duplex
Jun 12 15:00:23.435548 hp-117-tink-system kernel: cnet-145836-bo: (slave eno50): making interface the new active one
Jun 12 15:00:23.435587 hp-117-tink-system kernel: ixgbe 0000:04:00.1 eno50: entered promiscuous mode
Jun 12 15:00:23.436070 hp-117-tink-system kernel: ixgbe 0000:04:00.1 eno50: entered allmulticast mode
Jun 12 15:00:23.436430 hp-117-tink-system kernel: cnet-145836-bo: active interface up!
Jun 12 15:00:23.436468 hp-117-tink-system kernel: cnet-145836-br: port 1(cnet-145836-bo) entered blocking state
Jun 12 15:00:23.436498 hp-117-tink-system kernel: cnet-145836-br: port 1(cnet-145836-bo) entered forwarding state
Jun 12 15:09:26.936665 hp-117-tink-system kernel: cnet-145836-bo: left allmulticast mode
Jun 12 15:09:26.936860 hp-117-tink-system kernel: ixgbe 0000:04:00.1 eno50: left allmulticast mode
Jun 12 15:09:26.937360 hp-117-tink-system kernel: cnet-145836-bo: left promiscuous mode
Jun 12 15:09:26.937406 hp-117-tink-system kernel: ixgbe 0000:04:00.1 eno50: left promiscuous mode
Jun 12 15:09:26.937795 hp-117-tink-system kernel: cnet-145836-br: port 1(cnet-145836-bo) entered disabled state
Jun 12 15:09:26.941694 hp-117-tink-system kernel: cnet-145836-bo (unregistering): (slave eno50): Releasing backup interface
Jun 12 15:09:26.978659 hp-117-tink-system kernel: ixgbe 0000:04:00.1: removed PHC on eno50
Jun 12 15:09:27.078663 hp-117-tink-system kernel: cnet-145836-bo (unregistering): Released all slaves
Jun 12 15:09:27.278691 hp-117-tink-system kernel: ixgbe 0000:04:00.1: registered PHC device on eno50
Jun 12 15:09:27.386687 hp-117-tink-system kernel: 8021q: adding VLAN 0 to HW filter on device eno50
Jun 12 15:09:27.455695 hp-117-tink-system kernel: ixgbe 0000:04:00.1 eno50: detected SFP+: 3
Jun 12 15:09:27.699675 hp-117-tink-system kernel: ixgbe 0000:04:00.1 eno50: NIC Link is Up 10 Gbps, Flow Control: RX/TX
Jun 12 15:11:27.163667 hp-117-tink-system kernel: 8021q: adding VLAN 0 to HW filter on device cnet-150800-bo
Jun 12 15:11:27.166682 hp-117-tink-system kernel: ixgbe 0000:04:00.1: removed PHC on eno50
Jun 12 15:11:27.481673 hp-117-tink-system kernel: ixgbe 0000:04:00.1: registered PHC device on eno50
Jun 12 15:11:27.586668 hp-117-tink-system kernel: 8021q: adding VLAN 0 to HW filter on device eno50
Jun 12 15:11:27.586807 hp-117-tink-system kernel: cnet-150800-bo: (slave eno50): Enslaving as a backup interface with a down link
Jun 12 15:11:27.589659 hp-117-tink-system kernel: cnet-150800-br: entered promiscuous mode
Jun 12 15:11:27.589739 hp-117-tink-system kernel: A link change request failed with some changes committed already. Interface cnet-150800-br may have been left with an inconsistent configuration, please check.
Jun 12 15:11:27.656686 hp-117-tink-system kernel: ixgbe 0000:04:00.1 eno50: detected SFP+: 3
Jun 12 15:11:27.879695 hp-117-tink-system kernel: cnet-150800-br: port 1(cnet-150800-bo) entered blocking state
Jun 12 15:11:27.879832 hp-117-tink-system kernel: cnet-150800-br: port 1(cnet-150800-bo) entered disabled state
Jun 12 15:11:27.879977 hp-117-tink-system kernel: cnet-150800-bo: entered allmulticast mode
Jun 12 15:11:27.880052 hp-117-tink-system kernel: cnet-150800-bo: entered promiscuous mode
Jun 12 15:11:27.898691 hp-117-tink-system kernel: ixgbe 0000:04:00.1 eno50: NIC Link is Up 10 Gbps, Flow Control: RX/TX
Jun 12 15:11:27.994686 hp-117-tink-system kernel: cnet-150800-bo: (slave eno50): link status definitely up, 10000 Mbps full duplex
Jun 12 15:11:27.994817 hp-117-tink-system kernel: cnet-150800-bo: (slave eno50): making interface the new active one
Jun 12 15:11:27.994861 hp-117-tink-system kernel: ixgbe 0000:04:00.1 eno50: entered promiscuous mode
Jun 12 15:11:27.995409 hp-117-tink-system kernel: ixgbe 0000:04:00.1 eno50: entered allmulticast mode
Jun 12 15:11:27.995913 hp-117-tink-system kernel: cnet-150800-bo: active interface up!
Jun 12 15:11:27.995988 hp-117-tink-system kernel: cnet-150800-br: port 1(cnet-150800-bo) entered blocking state
Jun 12 15:11:27.996019 hp-117-tink-system kernel: cnet-150800-br: port 1(cnet-150800-bo) entered forwarding state
Jun 12 15:27:36.557663 hp-117-tink-system kernel: cnet-150800-bo: left allmulticast mode
Jun 12 15:27:36.557879 hp-117-tink-system kernel: ixgbe 0000:04:00.1 eno50: left allmulticast mode
Jun 12 15:27:36.558390 hp-117-tink-system kernel: cnet-150800-bo: left promiscuous mode
Jun 12 15:27:36.558431 hp-117-tink-system kernel: ixgbe 0000:04:00.1 eno50: left promiscuous mode
Jun 12 15:27:36.559015 hp-117-tink-system kernel: cnet-150800-br: port 1(cnet-150800-bo) entered disabled state
Jun 12 15:27:36.564661 hp-117-tink-system kernel: cnet-150800-bo (unregistering): (slave eno50): Releasing backup interface
Jun 12 15:27:36.573681 hp-117-tink-system kernel: ixgbe 0000:04:00.1: removed PHC on eno50
Jun 12 15:27:36.633655 hp-117-tink-system kernel: cnet-150800-bo (unregistering): Released all slaves
Jun 12 15:27:36.826669 hp-117-tink-system kernel: ixgbe 0000:04:00.1: registered PHC device on eno50
Jun 12 15:27:36.930683 hp-117-tink-system kernel: 8021q: adding VLAN 0 to HW filter on device eno50
Jun 12 15:27:36.996717 hp-117-tink-system kernel: ixgbe 0000:04:00.1 eno50: detected SFP+: 3
Jun 12 15:27:37.242658 hp-117-tink-system kernel: ixgbe 0000:04:00.1 eno50: NIC Link is Up 10 Gbps, Flow Control: RX/TX
Jun 12 15:34:23.604753 hp-117-tink-system kernel: perf: interrupt took too long (4934 > 4932), lowering kernel.perf_event_max_sample_rate to 40000
