2026-06-12T10:43:27.122894215Z I0612 10:43:27.122666       1 feature_gate.go:466] feature gates: {map[]}
2026-06-12T10:43:27.122946020Z I0612 10:43:27.122912       1 main.go:114] "Version" version="v"
2026-06-12T10:43:27.123302436Z I0612 10:43:27.123231       1 envvar.go:172] "Feature gate default state" feature="ClientsPreferCBOR" enabled=false
2026-06-12T10:43:27.123402875Z I0612 10:43:27.123360       1 envvar.go:172] "Feature gate default state" feature="InOrderInformers" enabled=true
2026-06-12T10:43:27.123480892Z I0612 10:43:27.123442       1 envvar.go:172] "Feature gate default state" feature="InOrderInformersBatchProcess" enabled=true
2026-06-12T10:43:27.123571367Z I0612 10:43:27.123531       1 envvar.go:172] "Feature gate default state" feature="InformerResourceVersion" enabled=true
2026-06-12T10:43:27.123648570Z I0612 10:43:27.123607       1 envvar.go:172] "Feature gate default state" feature="WatchListClient" enabled=true
2026-06-12T10:43:27.123735984Z I0612 10:43:27.123695       1 envvar.go:172] "Feature gate default state" feature="ClientsAllowCBOR" enabled=false
2026-06-12T10:43:27.125782298Z W0612 10:43:27.125681       1 logging.go:55] [core] [Channel #1 SubChannel #2] grpc: addrConn.createTransport failed to connect to {Addr: "/csi/csi.sock", ServerName: "localhost", Attributes: {"<%!p(networktype.keyType=grpc.internal.transport.networktype)>": "unix" }, }. Err: connection error: desc = "transport: Error while dialing: dial unix /csi/csi.sock: connect: no such file or directory"
2026-06-12T10:43:28.126396676Z W0612 10:43:28.126293       1 logging.go:55] [core] [Channel #1 SubChannel #2] grpc: addrConn.createTransport failed to connect to {Addr: "/csi/csi.sock", ServerName: "localhost", Attributes: {"<%!p(networktype.keyType=grpc.internal.transport.networktype)>": "unix" }, }. Err: connection error: desc = "transport: Error while dialing: dial unix /csi/csi.sock: connect: no such file or directory"
2026-06-12T10:43:29.050346948Z I0612 10:43:29.050240       1 common.go:143] "Probing CSI driver for readiness"
2026-06-12T10:43:29.051893651Z I0612 10:43:29.051804       1 main.go:173] "CSI driver name" driver="driver.longhorn.io"
2026-06-12T10:43:29.051969129Z I0612 10:43:29.051935       1 main.go:203] "ServeMux listening" driver="driver.longhorn.io" address=":8000" metricsPath="/metrics"
2026-06-12T10:43:29.053004365Z I0612 10:43:29.052959       1 main.go:257] "CSI driver supports ControllerPublishUnpublish, using real CSI handler" driver="driver.longhorn.io"
2026-06-12T10:43:29.053603207Z I0612 10:43:29.053508       1 leaderelection.go:258] "Attempting to acquire leader lease..." lock="longhorn-system/external-attacher-leader-driver-longhorn-io"
2026-06-12T10:43:29.067525641Z I0612 10:43:29.067439       1 leaderelection.go:272] "Successfully acquired lease" lock="longhorn-system/external-attacher-leader-driver-longhorn-io"
2026-06-12T10:43:29.067638410Z I0612 10:43:29.067597       1 leader_election.go:202] "became leader, starting"
2026-06-12T10:43:29.067678211Z I0612 10:43:29.067630       1 controller.go:132] "Starting CSI attacher"
2026-06-12T10:43:29.069849801Z I0612 10:43:29.069759       1 reflector.go:446] "Caches populated" type="*v1.CSINode" reflector="k8s.io/client-go/informers/factory.go:161"
2026-06-12T10:43:29.072557003Z I0612 10:43:29.072424       1 reflector.go:446] "Caches populated" type="*v1.VolumeAttachment" reflector="k8s.io/client-go/informers/factory.go:161"
2026-06-12T10:43:29.074295165Z I0612 10:43:29.074207       1 reflector.go:446] "Caches populated" type="*v1.PersistentVolume" reflector="k8s.io/client-go/informers/factory.go:161"
2026-06-12T11:02:41.226638896Z I0612 11:02:41.226520       1 csi_handler.go:264] "Attaching" VolumeAttachment="csi-0b4c9727f112847ab36cfeab54c5877d63ce65fd0cef9b3c9d1028d3c50bbfe3"
2026-06-12T11:02:41.610330927Z I0612 11:02:41.610245       1 csi_handler.go:264] "Attaching" VolumeAttachment="csi-b2430ea6fb12397e4eb7b67041c89afbb106d8f66b78ff511b5613ce5b8345b2"
2026-06-12T11:02:46.040985421Z I0612 11:02:46.040894       1 csi_handler.go:264] "Attaching" VolumeAttachment="csi-07ec8d6bf5d269e39f037db454b3b7b1d9e9e23d725aff0bb0996d2ec57d772f"
2026-06-12T11:02:51.367923021Z I0612 11:02:51.367832       1 csi_handler.go:276] "Attached" VolumeAttachment="csi-0b4c9727f112847ab36cfeab54c5877d63ce65fd0cef9b3c9d1028d3c50bbfe3"
2026-06-12T11:02:51.750396773Z I0612 11:02:51.750300       1 csi_handler.go:276] "Attached" VolumeAttachment="csi-b2430ea6fb12397e4eb7b67041c89afbb106d8f66b78ff511b5613ce5b8345b2"
2026-06-12T11:02:51.759947934Z I0612 11:02:51.759874       1 csi_handler.go:264] "Attaching" VolumeAttachment="csi-b2430ea6fb12397e4eb7b67041c89afbb106d8f66b78ff511b5613ce5b8345b2"
2026-06-12T11:02:53.784460317Z I0612 11:02:53.784394       1 csi_handler.go:276] "Attached" VolumeAttachment="csi-b2430ea6fb12397e4eb7b67041c89afbb106d8f66b78ff511b5613ce5b8345b2"
2026-06-12T11:02:56.086338384Z I0612 11:02:56.086266       1 csi_handler.go:276] "Attached" VolumeAttachment="csi-07ec8d6bf5d269e39f037db454b3b7b1d9e9e23d725aff0bb0996d2ec57d772f"
2026-06-12T11:04:32.085122081Z I0612 11:04:32.085024       1 csi_handler.go:295] "Detaching" VolumeAttachment="csi-0b4c9727f112847ab36cfeab54c5877d63ce65fd0cef9b3c9d1028d3c50bbfe3"
2026-06-12T11:04:32.135403552Z I0612 11:04:32.135291       1 csi_handler.go:295] "Detaching" VolumeAttachment="csi-b2430ea6fb12397e4eb7b67041c89afbb106d8f66b78ff511b5613ce5b8345b2"
2026-06-12T11:04:32.208340127Z I0612 11:04:32.208229       1 csi_handler.go:295] "Detaching" VolumeAttachment="csi-07ec8d6bf5d269e39f037db454b3b7b1d9e9e23d725aff0bb0996d2ec57d772f"
2026-06-12T11:04:34.169212240Z I0612 11:04:34.169101       1 csi_handler.go:594] "Detached" VolumeAttachment="csi-b2430ea6fb12397e4eb7b67041c89afbb106d8f66b78ff511b5613ce5b8345b2"
2026-06-12T11:04:34.229815279Z I0612 11:04:34.229725       1 csi_handler.go:594] "Detached" VolumeAttachment="csi-0b4c9727f112847ab36cfeab54c5877d63ce65fd0cef9b3c9d1028d3c50bbfe3"
2026-06-12T11:04:34.344489896Z I0612 11:04:34.344415       1 csi_handler.go:594] "Detached" VolumeAttachment="csi-07ec8d6bf5d269e39f037db454b3b7b1d9e9e23d725aff0bb0996d2ec57d772f"
2026-06-12T11:50:22.053707781Z I0612 11:50:22.053563       1 csi_handler.go:264] "Attaching" VolumeAttachment="csi-5b370cf48b61ab53b20f68501c3135783df0aded26a5930eaee6da493b08a263"
2026-06-12T11:50:32.192933408Z I0612 11:50:32.192831       1 csi_handler.go:276] "Attached" VolumeAttachment="csi-5b370cf48b61ab53b20f68501c3135783df0aded26a5930eaee6da493b08a263"
2026-06-12T11:50:32.199349544Z I0612 11:50:32.199262       1 csi_handler.go:264] "Attaching" VolumeAttachment="csi-5b370cf48b61ab53b20f68501c3135783df0aded26a5930eaee6da493b08a263"
2026-06-12T11:50:34.220356110Z I0612 11:50:34.220250       1 csi_handler.go:276] "Attached" VolumeAttachment="csi-5b370cf48b61ab53b20f68501c3135783df0aded26a5930eaee6da493b08a263"
2026-06-12T11:53:12.264102577Z I0612 11:53:12.263973       1 csi_handler.go:295] "Detaching" VolumeAttachment="csi-5b370cf48b61ab53b20f68501c3135783df0aded26a5930eaee6da493b08a263"
2026-06-12T11:53:14.409862508Z I0612 11:53:14.409787       1 csi_handler.go:594] "Detached" VolumeAttachment="csi-5b370cf48b61ab53b20f68501c3135783df0aded26a5930eaee6da493b08a263"
2026-06-12T11:53:17.070873187Z E0612 11:53:17.070758       1 csi_handler.go:723] "Failed to remove finalizer from PersistentVolume" err="PersistentVolume \"pvc-61849057-bdcf-47a6-bc06-e341dfd41345\" is invalid: metadata.finalizers: Forbidden: no new finalizers can be added if the object is being deleted, found new finalizers []string{\"kubernetes.io/pv-protection\"}" PersistentVolume="pvc-61849057-bdcf-47a6-bc06-e341dfd41345"
2026-06-12T11:53:17.081745020Z I0612 11:53:17.081612       1 csi_handler.go:728] "Removed finalizer from PersistentVolume" PersistentVolume="pvc-61849057-bdcf-47a6-bc06-e341dfd41345"
2026-06-12T11:56:17.899461739Z I0612 11:56:17.899359       1 csi_handler.go:264] "Attaching" VolumeAttachment="csi-d019b9e4374e5186e8e67d8600fed6d6f399d3f66d392744fbe4b52269edd75a"
2026-06-12T11:56:31.182259194Z I0612 11:56:31.182164       1 csi_handler.go:264] "Attaching" VolumeAttachment="csi-62c499b8debdd72787e82c3e3783e4fc04129b51dc2821e9964392d4f44428ef"
2026-06-12T11:56:32.040481805Z I0612 11:56:32.040391       1 csi_handler.go:276] "Attached" VolumeAttachment="csi-d019b9e4374e5186e8e67d8600fed6d6f399d3f66d392744fbe4b52269edd75a"
2026-06-12T11:56:41.332877005Z I0612 11:56:41.332706       1 csi_handler.go:276] "Attached" VolumeAttachment="csi-62c499b8debdd72787e82c3e3783e4fc04129b51dc2821e9964392d4f44428ef"
2026-06-12T11:56:56.331091067Z I0612 11:56:56.330974       1 csi_handler.go:264] "Attaching" VolumeAttachment="csi-1cf6e18454968bf6e960e341d3d18eca1d757e87398075438dbbac8c9186585f"
2026-06-12T11:56:56.430845289Z I0612 11:56:56.430730       1 csi_handler.go:264] "Attaching" VolumeAttachment="csi-c6f9d507228ecc188744b7b850bd6d97f527193f278c84a77584f3f8a54bbcfd"
2026-06-12T11:57:06.475571227Z I0612 11:57:06.475452       1 csi_handler.go:276] "Attached" VolumeAttachment="csi-1cf6e18454968bf6e960e341d3d18eca1d757e87398075438dbbac8c9186585f"
2026-06-12T11:57:06.570869540Z I0612 11:57:06.570806       1 csi_handler.go:276] "Attached" VolumeAttachment="csi-c6f9d507228ecc188744b7b850bd6d97f527193f278c84a77584f3f8a54bbcfd"
2026-06-12T11:57:06.579031364Z I0612 11:57:06.578893       1 csi_handler.go:264] "Attaching" VolumeAttachment="csi-c6f9d507228ecc188744b7b850bd6d97f527193f278c84a77584f3f8a54bbcfd"
2026-06-12T11:57:08.594226870Z I0612 11:57:08.594105       1 csi_handler.go:276] "Attached" VolumeAttachment="csi-c6f9d507228ecc188744b7b850bd6d97f527193f278c84a77584f3f8a54bbcfd"
2026-06-12T11:57:27.532303423Z I0612 11:57:27.532190       1 csi_handler.go:295] "Detaching" VolumeAttachment="csi-62c499b8debdd72787e82c3e3783e4fc04129b51dc2821e9964392d4f44428ef"
2026-06-12T11:57:27.576503653Z I0612 11:57:27.576405       1 csi_handler.go:295] "Detaching" VolumeAttachment="csi-d019b9e4374e5186e8e67d8600fed6d6f399d3f66d392744fbe4b52269edd75a"
2026-06-12T11:57:29.669544125Z I0612 11:57:29.669410       1 csi_handler.go:594] "Detached" VolumeAttachment="csi-62c499b8debdd72787e82c3e3783e4fc04129b51dc2821e9964392d4f44428ef"
2026-06-12T11:57:29.708569530Z I0612 11:57:29.708474       1 csi_handler.go:594] "Detached" VolumeAttachment="csi-d019b9e4374e5186e8e67d8600fed6d6f399d3f66d392744fbe4b52269edd75a"
2026-06-12T11:57:55.804655688Z I0612 11:57:55.804549       1 csi_handler.go:295] "Detaching" VolumeAttachment="csi-1cf6e18454968bf6e960e341d3d18eca1d757e87398075438dbbac8c9186585f"
2026-06-12T11:57:57.934831022Z I0612 11:57:57.934741       1 csi_handler.go:594] "Detached" VolumeAttachment="csi-1cf6e18454968bf6e960e341d3d18eca1d757e87398075438dbbac8c9186585f"
2026-06-12T11:58:02.335087088Z E0612 11:58:02.334959       1 csi_handler.go:723] "Failed to remove finalizer from PersistentVolume" err="PersistentVolume \"pvc-fa450af6-4c1a-42c5-a2d8-fc156540906b\" is invalid: metadata.finalizers: Forbidden: no new finalizers can be added if the object is being deleted, found new finalizers []string{\"kubernetes.io/pv-protection\"}" PersistentVolume="pvc-fa450af6-4c1a-42c5-a2d8-fc156540906b"
2026-06-12T11:58:02.351103968Z I0612 11:58:02.350701       1 csi_handler.go:728] "Removed finalizer from PersistentVolume" PersistentVolume="pvc-fa450af6-4c1a-42c5-a2d8-fc156540906b"
2026-06-12T11:58:05.912043679Z I0612 11:58:05.911930       1 csi_handler.go:295] "Detaching" VolumeAttachment="csi-c6f9d507228ecc188744b7b850bd6d97f527193f278c84a77584f3f8a54bbcfd"
2026-06-12T11:58:08.040818801Z I0612 11:58:08.040734       1 csi_handler.go:594] "Detached" VolumeAttachment="csi-c6f9d507228ecc188744b7b850bd6d97f527193f278c84a77584f3f8a54bbcfd"
2026-06-12T11:58:09.399101746Z E0612 11:58:09.398972       1 csi_handler.go:723] "Failed to remove finalizer from PersistentVolume" err="PersistentVolume \"pvc-f8b61702-6f99-4e70-8874-aabcf1e53ba4\" is invalid: metadata.finalizers: Forbidden: no new finalizers can be added if the object is being deleted, found new finalizers []string{\"kubernetes.io/pv-protection\"}" PersistentVolume="pvc-f8b61702-6f99-4e70-8874-aabcf1e53ba4"
2026-06-12T11:58:09.409590805Z I0612 11:58:09.409446       1 csi_handler.go:728] "Removed finalizer from PersistentVolume" PersistentVolume="pvc-f8b61702-6f99-4e70-8874-aabcf1e53ba4"
2026-06-12T11:58:16.177876987Z I0612 11:58:16.177759       1 csi_handler.go:264] "Attaching" VolumeAttachment="csi-0b599b623aaf6563be4b666322b55b2741a5123ef5467a282a6a7bcac123343f"
2026-06-12T11:58:26.320977032Z I0612 11:58:26.320860       1 csi_handler.go:276] "Attached" VolumeAttachment="csi-0b599b623aaf6563be4b666322b55b2741a5123ef5467a282a6a7bcac123343f"
2026-06-12T11:58:37.649615265Z I0612 11:58:37.649529       1 csi_handler.go:264] "Attaching" VolumeAttachment="csi-4fe402873f6fcdf284086a4662a35e33d25715bf6e2cb92079d59a5a2a49e4ed"
2026-06-12T11:58:47.786356682Z I0612 11:58:47.786258       1 csi_handler.go:276] "Attached" VolumeAttachment="csi-4fe402873f6fcdf284086a4662a35e33d25715bf6e2cb92079d59a5a2a49e4ed"
2026-06-12T11:58:47.796072769Z I0612 11:58:47.795828       1 csi_handler.go:264] "Attaching" VolumeAttachment="csi-4fe402873f6fcdf284086a4662a35e33d25715bf6e2cb92079d59a5a2a49e4ed"
2026-06-12T11:58:49.810443861Z I0612 11:58:49.810374       1 csi_handler.go:276] "Attached" VolumeAttachment="csi-4fe402873f6fcdf284086a4662a35e33d25715bf6e2cb92079d59a5a2a49e4ed"
2026-06-12T11:59:10.252691365Z I0612 11:59:10.251178       1 csi_handler.go:295] "Detaching" VolumeAttachment="csi-0b599b623aaf6563be4b666322b55b2741a5123ef5467a282a6a7bcac123343f"
2026-06-12T11:59:12.383215384Z I0612 11:59:12.383127       1 csi_handler.go:594] "Detached" VolumeAttachment="csi-0b599b623aaf6563be4b666322b55b2741a5123ef5467a282a6a7bcac123343f"
2026-06-12T11:59:47.581104549Z I0612 11:59:47.581008       1 csi_handler.go:264] "Attaching" VolumeAttachment="csi-b9583dcb54e9b23ef693223c1398f862b24ee09bbc7efd8781000708deee9df1"
2026-06-12T11:59:47.581849600Z I0612 11:59:47.581756       1 csi_handler.go:264] "Attaching" VolumeAttachment="csi-8db4a49e69d081b7d2dd8185aa1bc83e903a60735908b19549099838ce1c3b17"
2026-06-12T11:59:48.082913585Z I0612 11:59:48.082803       1 csi_handler.go:295] "Detaching" VolumeAttachment="csi-4fe402873f6fcdf284086a4662a35e33d25715bf6e2cb92079d59a5a2a49e4ed"
2026-06-12T11:59:50.108401575Z I0612 11:59:50.108312       1 csi_handler.go:594] "Detached" VolumeAttachment="csi-4fe402873f6fcdf284086a4662a35e33d25715bf6e2cb92079d59a5a2a49e4ed"
2026-06-12T11:59:52.485325391Z E0612 11:59:52.485191       1 csi_handler.go:723] "Failed to remove finalizer from PersistentVolume" err="PersistentVolume \"pvc-fb283f82-5754-4a4a-a848-52c48ff4a68f\" is invalid: metadata.finalizers: Forbidden: no new finalizers can be added if the object is being deleted, found new finalizers []string{\"kubernetes.io/pv-protection\"}" PersistentVolume="pvc-fb283f82-5754-4a4a-a848-52c48ff4a68f"
2026-06-12T11:59:52.505180831Z I0612 11:59:52.504985       1 csi_handler.go:728] "Removed finalizer from PersistentVolume" PersistentVolume="pvc-fb283f82-5754-4a4a-a848-52c48ff4a68f"
2026-06-12T11:59:57.630036901Z I0612 11:59:57.629930       1 csi_handler.go:276] "Attached" VolumeAttachment="csi-b9583dcb54e9b23ef693223c1398f862b24ee09bbc7efd8781000708deee9df1"
2026-06-12T11:59:57.635568747Z I0612 11:59:57.635446       1 csi_handler.go:264] "Attaching" VolumeAttachment="csi-b9583dcb54e9b23ef693223c1398f862b24ee09bbc7efd8781000708deee9df1"
2026-06-12T11:59:57.729324636Z I0612 11:59:57.729260       1 csi_handler.go:276] "Attached" VolumeAttachment="csi-8db4a49e69d081b7d2dd8185aa1bc83e903a60735908b19549099838ce1c3b17"
2026-06-12T11:59:59.658891917Z I0612 11:59:59.658810       1 csi_handler.go:276] "Attached" VolumeAttachment="csi-b9583dcb54e9b23ef693223c1398f862b24ee09bbc7efd8781000708deee9df1"
2026-06-12T12:00:10.704399543Z I0612 12:00:10.704293       1 csi_handler.go:264] "Attaching" VolumeAttachment="csi-6462cf7f1d290a2f543418fcd6eae2d1e6ca2e06d2257366d812b6f9001534b1"
2026-06-12T12:00:10.704434225Z I0612 12:00:10.704295       1 csi_handler.go:264] "Attaching" VolumeAttachment="csi-a3ac5ea5ff48cc510fcbbbc750be47b70a2786a1c0dff859373a76a0901682d6"
2026-06-12T12:00:20.844061584Z I0612 12:00:20.843961       1 csi_handler.go:276] "Attached" VolumeAttachment="csi-a3ac5ea5ff48cc510fcbbbc750be47b70a2786a1c0dff859373a76a0901682d6"
2026-06-12T12:00:20.850715579Z I0612 12:00:20.850586       1 csi_handler.go:276] "Attached" VolumeAttachment="csi-6462cf7f1d290a2f543418fcd6eae2d1e6ca2e06d2257366d812b6f9001534b1"
2026-06-12T12:00:42.680012145Z I0612 12:00:42.679909       1 csi_handler.go:295] "Detaching" VolumeAttachment="csi-b9583dcb54e9b23ef693223c1398f862b24ee09bbc7efd8781000708deee9df1"
2026-06-12T12:00:42.735498213Z I0612 12:00:42.735400       1 csi_handler.go:295] "Detaching" VolumeAttachment="csi-8db4a49e69d081b7d2dd8185aa1bc83e903a60735908b19549099838ce1c3b17"
2026-06-12T12:00:44.812101878Z I0612 12:00:44.811998       1 csi_handler.go:594] "Detached" VolumeAttachment="csi-b9583dcb54e9b23ef693223c1398f862b24ee09bbc7efd8781000708deee9df1"
2026-06-12T12:00:44.860946714Z I0612 12:00:44.860880       1 csi_handler.go:594] "Detached" VolumeAttachment="csi-8db4a49e69d081b7d2dd8185aa1bc83e903a60735908b19549099838ce1c3b17"
2026-06-12T12:01:19.663799805Z I0612 12:01:19.663684       1 csi_handler.go:295] "Detaching" VolumeAttachment="csi-a3ac5ea5ff48cc510fcbbbc750be47b70a2786a1c0dff859373a76a0901682d6"
2026-06-12T12:01:19.714470981Z I0612 12:01:19.714361       1 csi_handler.go:295] "Detaching" VolumeAttachment="csi-6462cf7f1d290a2f543418fcd6eae2d1e6ca2e06d2257366d812b6f9001534b1"
2026-06-12T12:01:21.787483520Z I0612 12:01:21.787399       1 csi_handler.go:594] "Detached" VolumeAttachment="csi-a3ac5ea5ff48cc510fcbbbc750be47b70a2786a1c0dff859373a76a0901682d6"
2026-06-12T12:01:21.835209779Z I0612 12:01:21.835142       1 csi_handler.go:594] "Detached" VolumeAttachment="csi-6462cf7f1d290a2f543418fcd6eae2d1e6ca2e06d2257366d812b6f9001534b1"
2026-06-12T12:01:22.596741115Z E0612 12:01:22.596599       1 csi_handler.go:723] "Failed to remove finalizer from PersistentVolume" err="PersistentVolume \"pvc-0a76b613-f1b2-480f-ad66-e41dd66c4c8a\" is invalid: metadata.finalizers: Forbidden: no new finalizers can be added if the object is being deleted, found new finalizers []string{\"kubernetes.io/pv-protection\"}" PersistentVolume="pvc-0a76b613-f1b2-480f-ad66-e41dd66c4c8a"
2026-06-12T12:01:22.607443066Z I0612 12:01:22.607364       1 csi_handler.go:728] "Removed finalizer from PersistentVolume" PersistentVolume="pvc-0a76b613-f1b2-480f-ad66-e41dd66c4c8a"
2026-06-12T12:01:22.734062307Z E0612 12:01:22.733964       1 csi_handler.go:723] "Failed to remove finalizer from PersistentVolume" err="PersistentVolume \"pvc-0721d0f6-12cd-4a8a-b8c5-3490f5b00f68\" is invalid: metadata.finalizers: Forbidden: no new finalizers can be added if the object is being deleted, found new finalizers []string{\"kubernetes.io/pv-protection\"}" PersistentVolume="pvc-0721d0f6-12cd-4a8a-b8c5-3490f5b00f68"
2026-06-12T12:01:22.745482535Z I0612 12:01:22.745395       1 csi_handler.go:728] "Removed finalizer from PersistentVolume" PersistentVolume="pvc-0721d0f6-12cd-4a8a-b8c5-3490f5b00f68"
2026-06-12T12:01:46.165098557Z I0612 12:01:46.164993       1 csi_handler.go:264] "Attaching" VolumeAttachment="csi-3c919eb54e40d6b3e316dbe4ab47d06b949580112dd5048e49eaa95aa45b057a"
2026-06-12T12:01:56.304812910Z I0612 12:01:56.304683       1 csi_handler.go:276] "Attached" VolumeAttachment="csi-3c919eb54e40d6b3e316dbe4ab47d06b949580112dd5048e49eaa95aa45b057a"
2026-06-12T12:01:56.310369531Z I0612 12:01:56.310279       1 csi_handler.go:264] "Attaching" VolumeAttachment="csi-3c919eb54e40d6b3e316dbe4ab47d06b949580112dd5048e49eaa95aa45b057a"
2026-06-12T12:01:58.331960576Z I0612 12:01:58.331789       1 csi_handler.go:276] "Attached" VolumeAttachment="csi-3c919eb54e40d6b3e316dbe4ab47d06b949580112dd5048e49eaa95aa45b057a"
2026-06-12T12:04:27.219719419Z I0612 12:04:27.219596       1 csi_handler.go:295] "Detaching" VolumeAttachment="csi-3c919eb54e40d6b3e316dbe4ab47d06b949580112dd5048e49eaa95aa45b057a"
2026-06-12T12:04:29.357660753Z I0612 12:04:29.357539       1 csi_handler.go:594] "Detached" VolumeAttachment="csi-3c919eb54e40d6b3e316dbe4ab47d06b949580112dd5048e49eaa95aa45b057a"
2026-06-12T12:04:46.949544921Z E0612 12:04:46.949452       1 csi_handler.go:723] "Failed to remove finalizer from PersistentVolume" err="PersistentVolume \"pvc-8178a3f8-2d0e-4e24-9d5a-f72d22a0e8db\" is invalid: metadata.finalizers: Forbidden: no new finalizers can be added if the object is being deleted, found new finalizers []string{\"kubernetes.io/pv-protection\"}" PersistentVolume="pvc-8178a3f8-2d0e-4e24-9d5a-f72d22a0e8db"
2026-06-12T12:04:46.966428880Z I0612 12:04:46.966319       1 csi_handler.go:728] "Removed finalizer from PersistentVolume" PersistentVolume="pvc-8178a3f8-2d0e-4e24-9d5a-f72d22a0e8db"
2026-06-12T12:04:49.146356410Z I0612 12:04:49.146263       1 csi_handler.go:264] "Attaching" VolumeAttachment="csi-a141e71c84b8a95047c022e68c9dc059c2e72fec38cd03f10f40ca6cb91ba303"
2026-06-12T12:05:01.290207002Z I0612 12:05:01.290122       1 csi_handler.go:276] "Attached" VolumeAttachment="csi-a141e71c84b8a95047c022e68c9dc059c2e72fec38cd03f10f40ca6cb91ba303"
2026-06-12T12:07:30.658349747Z I0612 12:07:30.658236       1 csi_handler.go:295] "Detaching" VolumeAttachment="csi-a141e71c84b8a95047c022e68c9dc059c2e72fec38cd03f10f40ca6cb91ba303"
2026-06-12T12:07:32.797497978Z I0612 12:07:32.797404       1 csi_handler.go:594] "Detached" VolumeAttachment="csi-a141e71c84b8a95047c022e68c9dc059c2e72fec38cd03f10f40ca6cb91ba303"
2026-06-12T12:08:10.455978139Z E0612 12:08:10.455830       1 csi_handler.go:723] "Failed to remove finalizer from PersistentVolume" err="PersistentVolume \"pvc-5c040811-56ca-4d69-aca1-2194234036be\" is invalid: metadata.finalizers: Forbidden: no new finalizers can be added if the object is being deleted, found new finalizers []string{\"kubernetes.io/pv-protection\"}" PersistentVolume="pvc-5c040811-56ca-4d69-aca1-2194234036be"
2026-06-12T12:08:10.469915468Z I0612 12:08:10.469829       1 csi_handler.go:728] "Removed finalizer from PersistentVolume" PersistentVolume="pvc-5c040811-56ca-4d69-aca1-2194234036be"
2026-06-12T12:08:53.967519754Z I0612 12:08:53.967423       1 csi_handler.go:264] "Attaching" VolumeAttachment="csi-fd662938dae381dd7aa2334adbcbf0a36324379a1986d8e83a341ff7360c6a39"
2026-06-12T12:09:08.110735987Z I0612 12:09:08.110635       1 csi_handler.go:276] "Attached" VolumeAttachment="csi-fd662938dae381dd7aa2334adbcbf0a36324379a1986d8e83a341ff7360c6a39"
2026-06-12T12:12:44.381948897Z I0612 12:12:44.381846       1 csi_handler.go:264] "Attaching" VolumeAttachment="csi-339fe9452c971eccbf7b0c588474d36d83ff3bd6f90103b43c4d25d971463a5e"
2026-06-12T12:12:54.539260126Z I0612 12:12:54.539088       1 csi_handler.go:276] "Attached" VolumeAttachment="csi-339fe9452c971eccbf7b0c588474d36d83ff3bd6f90103b43c4d25d971463a5e"
2026-06-12T12:13:14.712274938Z I0612 12:13:14.712186       1 csi_handler.go:264] "Attaching" VolumeAttachment="csi-03262993cd037550397d46d0236939aab55333e9df603f202b3a1fa5a7431742"
2026-06-12T12:13:14.752432069Z I0612 12:13:14.752328       1 csi_handler.go:270] "Failed to save attach error to VolumeAttachment" VolumeAttachment="csi-03262993cd037550397d46d0236939aab55333e9df603f202b3a1fa5a7431742" err="VolumeAttachment.storage.k8s.io \"csi-03262993cd037550397d46d0236939aab55333e9df603f202b3a1fa5a7431742\" is invalid: status.attachError.message: Too long: may not be more than 262144 bytes"
2026-06-12T12:13:14.752480206Z I0612 12:13:14.752376       1 csi_handler.go:246] "Error processing" VolumeAttachment="csi-03262993cd037550397d46d0236939aab55333e9df603f202b3a1fa5a7431742" err="failed to attach: rpc error: code = Internal desc = Bad response statusCode [500]. Status [500 Internal Server Error]. Body: [code=Internal Server Error, detail=, message=unable to attach volume pvc-b57e291a-b2e2-4693-8467-14196107f6a2 to hp-150-tink-system: admission webhook \"validator.longhorn.io\" denied the request: cannot have more than 2 CSI tickets for migratable volume pvc-b57e291a-b2e2-4693-8467-14196107f6a2: {\"csi-03262993cd037550397d46d0236939aab55333e9df603f202b3a1fa5a7431742\":{\"id\":\"csi-03262993cd037550397d46d0236939aab55333e9df603f202b3a1fa5a7431742\",\"type\":\"csi-attacher\",\"nodeID\":\"hp-150-tink-system\",\"parameters\":{\"disableFrontend\":\"false\",\"lastAttachedBy\":\"\"},\"generation\":0},\"csi-339fe9452c971eccbf7b0c588474d36d83ff3bd6f90103b43c4d25d971463a5e\":{\"id\":\"csi-339fe9452c971eccbf7b0c588474d36d83ff3bd6f90103b43c4d25d971463a5e\",\"type\":\"csi-attacher\",\"nodeID\":\"hp-117-tink-system\",\"parameters\":{\"disableFrontend\":\"false\",\"lastAttachedBy\":\"\"},\"generation\":0},\"csi-fd662938dae381dd7aa2334adbcbf0a36324379a1986d8e83a341ff7360c6a39\":{\"id\":\"csi-fd662938dae381dd7aa2334adbcbf0a36324379a1986d8e83a341ff7360c6a39\",\"type\":\"csi-attacher\",\"nodeID\":\"hp-69-tink-system\",\"parameters\":{\"disableFrontend\":\"false\",\"lastAttachedBy\":\"\"},\"generation\":0}}] from [http://longhorn-backend:9500/v1/volumes/pvc-b57e291a-b2e2-4693-8467-14196107f6a2?action=attach]"
2026-06-12T12:13:14.752490322Z I0612 12:13:14.752448       1 csi_handler.go:264] "Attaching" VolumeAttachment="csi-03262993cd037550397d46d0236939aab55333e9df603f202b3a1fa5a7431742"
2026-06-12T12:13:14.778604413Z I0612 12:13:14.778449       1 csi_handler.go:270] "Failed to save attach error to VolumeAttachment" VolumeAttachment="csi-03262993cd037550397d46d0236939aab55333e9df603f202b3a1fa5a7431742" err="VolumeAttachment.storage.k8s.io \"csi-03262993cd037550397d46d0236939aab55333e9df603f202b3a1fa5a7431742\" is invalid: status.attachError.message: Too long: may not be more than 262144 bytes"
2026-06-12T12:13:14.778632138Z I0612 12:13:14.778492       1 csi_handler.go:246] "Error processing" VolumeAttachment="csi-03262993cd037550397d46d0236939aab55333e9df603f202b3a1fa5a7431742" err="failed to attach: rpc error: code = Internal desc = Bad response statusCode [500]. Status [500 Internal Server Error]. Body: [message=unable to attach volume pvc-b57e291a-b2e2-4693-8467-14196107f6a2 to hp-150-tink-system: admission webhook \"validator.longhorn.io\" denied the request: cannot have more than 2 CSI tickets for migratable volume pvc-b57e291a-b2e2-4693-8467-14196107f6a2: {\"csi-03262993cd037550397d46d0236939aab55333e9df603f202b3a1fa5a7431742\":{\"id\":\"csi-03262993cd037550397d46d0236939aab55333e9df603f202b3a1fa5a7431742\",\"type\":\"csi-attacher\",\"nodeID\":\"hp-150-tink-system\",\"parameters\":{\"disableFrontend\":\"false\",\"lastAttachedBy\":\"\"},\"generation\":0},\"csi-339fe9452c971eccbf7b0c588474d36d83ff3bd6f90103b43c4d25d971463a5e\":{\"id\":\"csi-339fe9452c971eccbf7b0c588474d36d83ff3bd6f90103b43c4d25d971463a5e\",\"type\":\"csi-attacher\",\"nodeID\":\"hp-117-tink-system\",\"parameters\":{\"disableFrontend\":\"false\",\"lastAttachedBy\":\"\"},\"generation\":0},\"csi-fd662938dae381dd7aa2334adbcbf0a36324379a1986d8e83a341ff7360c6a39\":{\"id\":\"csi-fd662938dae381dd7aa2334adbcbf0a36324379a1986d8e83a341ff7360c6a39\",\"type\":\"csi-attacher\",\"nodeID\":\"hp-69-tink-system\",\"parameters\":{\"disableFrontend\":\"false\",\"lastAttachedBy\":\"\"},\"generation\":0}}, code=Internal Server Error, detail=] from [http://longhorn-backend:9500/v1/volumes/pvc-b57e291a-b2e2-4693-8467-14196107f6a2?action=attach]"
2026-06-12T12:13:15.753181264Z I0612 12:13:15.752973       1 csi_handler.go:264] "Attaching" VolumeAttachment="csi-03262993cd037550397d46d0236939aab55333e9df603f202b3a1fa5a7431742"
2026-06-12T12:13:15.779179014Z I0612 12:13:15.779027       1 csi_handler.go:270] "Failed to save attach error to VolumeAttachment" VolumeAttachment="csi-03262993cd037550397d46d0236939aab55333e9df603f202b3a1fa5a7431742" err="VolumeAttachment.storage.k8s.io \"csi-03262993cd037550397d46d0236939aab55333e9df603f202b3a1fa5a7431742\" is invalid: status.attachError.message: Too long: may not be more than 262144 bytes"
2026-06-12T12:13:15.779195785Z I0612 12:13:15.779065       1 csi_handler.go:246] "Error processing" VolumeAttachment="csi-03262993cd037550397d46d0236939aab55333e9df603f202b3a1fa5a7431742" err="failed to attach: rpc error: code = Internal desc = Bad response statusCode [500]. Status [500 Internal Server Error]. Body: [message=unable to attach volume pvc-b57e291a-b2e2-4693-8467-14196107f6a2 to hp-150-tink-system: admission webhook \"validator.longhorn.io\" denied the request: cannot have more than 2 CSI tickets for migratable volume pvc-b57e291a-b2e2-4693-8467-14196107f6a2: {\"csi-03262993cd037550397d46d0236939aab55333e9df603f202b3a1fa5a7431742\":{\"id\":\"csi-03262993cd037550397d46d0236939aab55333e9df603f202b3a1fa5a7431742\",\"type\":\"csi-attacher\",\"nodeID\":\"hp-150-tink-system\",\"parameters\":{\"disableFrontend\":\"false\",\"lastAttachedBy\":\"\"},\"generation\":0},\"csi-339fe9452c971eccbf7b0c588474d36d83ff3bd6f90103b43c4d25d971463a5e\":{\"id\":\"csi-339fe9452c971eccbf7b0c588474d36d83ff3bd6f90103b43c4d25d971463a5e\",\"type\":\"csi-attacher\",\"nodeID\":\"hp-117-tink-system\",\"parameters\":{\"disableFrontend\":\"false\",\"lastAttachedBy\":\"\"},\"generation\":0},\"csi-fd662938dae381dd7aa2334adbcbf0a36324379a1986d8e83a341ff7360c6a39\":{\"id\":\"csi-fd662938dae381dd7aa2334adbcbf0a36324379a1986d8e83a341ff7360c6a39\",\"type\":\"csi-attacher\",\"nodeID\":\"hp-69-tink-system\",\"parameters\":{\"disableFrontend\":\"false\",\"lastAttachedBy\":\"\"},\"generation\":0}}, code=Internal Server Error, detail=] from [http://longhorn-backend:9500/v1/volumes/pvc-b57e291a-b2e2-4693-8467-14196107f6a2?action=attach]"
2026-06-12T12:13:17.994359983Z I0612 12:13:17.994259       1 csi_handler.go:295] "Detaching" VolumeAttachment="csi-fd662938dae381dd7aa2334adbcbf0a36324379a1986d8e83a341ff7360c6a39"
2026-06-12T12:13:19.780214723Z I0612 12:13:19.780104       1 csi_handler.go:264] "Attaching" VolumeAttachment="csi-03262993cd037550397d46d0236939aab55333e9df603f202b3a1fa5a7431742"
2026-06-12T12:13:20.126353729Z I0612 12:13:20.126278       1 csi_handler.go:594] "Detached" VolumeAttachment="csi-fd662938dae381dd7aa2334adbcbf0a36324379a1986d8e83a341ff7360c6a39"
2026-06-12T12:13:29.914361901Z I0612 12:13:29.914274       1 csi_handler.go:276] "Attached" VolumeAttachment="csi-03262993cd037550397d46d0236939aab55333e9df603f202b3a1fa5a7431742"
2026-06-12T12:13:30.955794785Z I0612 12:13:30.955700       1 csi_handler.go:295] "Detaching" VolumeAttachment="csi-03262993cd037550397d46d0236939aab55333e9df603f202b3a1fa5a7431742"
2026-06-12T12:13:33.086595307Z I0612 12:13:33.086519       1 csi_handler.go:594] "Detached" VolumeAttachment="csi-03262993cd037550397d46d0236939aab55333e9df603f202b3a1fa5a7431742"
2026-06-12T12:13:35.133638892Z I0612 12:13:35.133528       1 csi_handler.go:295] "Detaching" VolumeAttachment="csi-339fe9452c971eccbf7b0c588474d36d83ff3bd6f90103b43c4d25d971463a5e"
2026-06-12T12:13:37.261690527Z I0612 12:13:37.261549       1 csi_handler.go:594] "Detached" VolumeAttachment="csi-339fe9452c971eccbf7b0c588474d36d83ff3bd6f90103b43c4d25d971463a5e"
2026-06-12T12:13:38.942809417Z I0612 12:13:38.942711       1 csi_handler.go:264] "Attaching" VolumeAttachment="csi-8adf171780db757a906d810046713d695e00ee7ed7a13a7b853968e33226bf36"
2026-06-12T12:13:41.361932704Z E0612 12:13:41.361822       1 csi_handler.go:723] "Failed to remove finalizer from PersistentVolume" err="PersistentVolume \"pvc-b57e291a-b2e2-4693-8467-14196107f6a2\" is invalid: metadata.finalizers: Forbidden: no new finalizers can be added if the object is being deleted, found new finalizers []string{\"kubernetes.io/pv-protection\"}" PersistentVolume="pvc-b57e291a-b2e2-4693-8467-14196107f6a2"
2026-06-12T12:13:41.375678267Z I0612 12:13:41.375596       1 csi_handler.go:728] "Removed finalizer from PersistentVolume" PersistentVolume="pvc-b57e291a-b2e2-4693-8467-14196107f6a2"
2026-06-12T12:13:49.094546054Z I0612 12:13:49.094471       1 csi_handler.go:276] "Attached" VolumeAttachment="csi-8adf171780db757a906d810046713d695e00ee7ed7a13a7b853968e33226bf36"
2026-06-12T12:13:49.104163936Z I0612 12:13:49.104100       1 csi_handler.go:264] "Attaching" VolumeAttachment="csi-8adf171780db757a906d810046713d695e00ee7ed7a13a7b853968e33226bf36"
2026-06-12T12:13:51.128402630Z I0612 12:13:51.128315       1 csi_handler.go:276] "Attached" VolumeAttachment="csi-8adf171780db757a906d810046713d695e00ee7ed7a13a7b853968e33226bf36"
2026-06-12T12:14:39.970954462Z I0612 12:14:39.970866       1 csi_handler.go:264] "Attaching" VolumeAttachment="csi-e1039b1aad9ccac9a889dadc64949d83278f7e81f2097a3eabb17e83bf707297"
2026-06-12T12:14:40.121241596Z I0612 12:14:40.121120       1 csi_handler.go:295] "Detaching" VolumeAttachment="csi-8adf171780db757a906d810046713d695e00ee7ed7a13a7b853968e33226bf36"
2026-06-12T12:14:42.244175039Z I0612 12:14:42.244089       1 csi_handler.go:594] "Detached" VolumeAttachment="csi-8adf171780db757a906d810046713d695e00ee7ed7a13a7b853968e33226bf36"
2026-06-12T12:14:44.844670060Z E0612 12:14:44.844497       1 csi_handler.go:723] "Failed to remove finalizer from PersistentVolume" err="PersistentVolume \"pvc-c85ec36e-b911-48e2-963d-3991bff0e636\" is invalid: metadata.finalizers: Forbidden: no new finalizers can be added if the object is being deleted, found new finalizers []string{\"kubernetes.io/pv-protection\"}" PersistentVolume="pvc-c85ec36e-b911-48e2-963d-3991bff0e636"
2026-06-12T12:14:44.855244543Z I0612 12:14:44.855127       1 csi_handler.go:728] "Removed finalizer from PersistentVolume" PersistentVolume="pvc-c85ec36e-b911-48e2-963d-3991bff0e636"
2026-06-12T12:14:50.008794638Z I0612 12:14:50.008690       1 csi_handler.go:276] "Attached" VolumeAttachment="csi-e1039b1aad9ccac9a889dadc64949d83278f7e81f2097a3eabb17e83bf707297"
2026-06-12T12:16:41.828859577Z I0612 12:16:41.828764       1 csi_handler.go:264] "Attaching" VolumeAttachment="csi-8301ec24bad93758c0736d8b0f840867947430da208532fb19b8b32a6730f09d"
2026-06-12T12:16:42.395438541Z I0612 12:16:42.395327       1 csi_handler.go:295] "Detaching" VolumeAttachment="csi-e1039b1aad9ccac9a889dadc64949d83278f7e81f2097a3eabb17e83bf707297"
2026-06-12T12:16:44.521190823Z I0612 12:16:44.521103       1 csi_handler.go:594] "Detached" VolumeAttachment="csi-e1039b1aad9ccac9a889dadc64949d83278f7e81f2097a3eabb17e83bf707297"
2026-06-12T12:16:46.506299160Z E0612 12:16:46.506188       1 csi_handler.go:723] "Failed to remove finalizer from PersistentVolume" err="PersistentVolume \"pvc-33899592-ee63-48a3-817d-5a7a44d0d6c9\" is invalid: metadata.finalizers: Forbidden: no new finalizers can be added if the object is being deleted, found new finalizers []string{\"kubernetes.io/pv-protection\"}" PersistentVolume="pvc-33899592-ee63-48a3-817d-5a7a44d0d6c9"
2026-06-12T12:16:46.520592501Z I0612 12:16:46.520507       1 csi_handler.go:728] "Removed finalizer from PersistentVolume" PersistentVolume="pvc-33899592-ee63-48a3-817d-5a7a44d0d6c9"
2026-06-12T12:16:51.974503181Z I0612 12:16:51.974425       1 csi_handler.go:276] "Attached" VolumeAttachment="csi-8301ec24bad93758c0736d8b0f840867947430da208532fb19b8b32a6730f09d"
2026-06-12T12:17:43.957030260Z I0612 12:17:43.956904       1 csi_handler.go:295] "Detaching" VolumeAttachment="csi-8301ec24bad93758c0736d8b0f840867947430da208532fb19b8b32a6730f09d"
2026-06-12T12:17:46.082001961Z I0612 12:17:46.081903       1 csi_handler.go:594] "Detached" VolumeAttachment="csi-8301ec24bad93758c0736d8b0f840867947430da208532fb19b8b32a6730f09d"
2026-06-12T12:32:47.415113817Z I0612 12:32:47.414997       1 csi_handler.go:264] "Attaching" VolumeAttachment="csi-8301ec24bad93758c0736d8b0f840867947430da208532fb19b8b32a6730f09d"
2026-06-12T12:32:57.567122014Z I0612 12:32:57.566988       1 csi_handler.go:276] "Attached" VolumeAttachment="csi-8301ec24bad93758c0736d8b0f840867947430da208532fb19b8b32a6730f09d"
2026-06-12T12:34:06.869846018Z I0612 12:34:06.869729       1 csi_handler.go:264] "Attaching" VolumeAttachment="csi-36b49bbd31d7b8e0e4c27c0c5afdc81f9844ac4918bb2d33c0fe94b3eba1ea8c"
2026-06-12T12:34:17.025809336Z I0612 12:34:17.025686       1 csi_handler.go:276] "Attached" VolumeAttachment="csi-36b49bbd31d7b8e0e4c27c0c5afdc81f9844ac4918bb2d33c0fe94b3eba1ea8c"
2026-06-12T12:35:53.498137796Z I0612 12:35:53.498031       1 csi_handler.go:295] "Detaching" VolumeAttachment="csi-36b49bbd31d7b8e0e4c27c0c5afdc81f9844ac4918bb2d33c0fe94b3eba1ea8c"
2026-06-12T12:35:54.392450722Z I0612 12:35:54.392347       1 csi_handler.go:264] "Attaching" VolumeAttachment="csi-e3b8e9559c6c043979314df7ab9283a01a7b8e73baea8b7e5ef004af53463091"
2026-06-12T12:35:55.627146060Z I0612 12:35:55.627047       1 csi_handler.go:594] "Detached" VolumeAttachment="csi-36b49bbd31d7b8e0e4c27c0c5afdc81f9844ac4918bb2d33c0fe94b3eba1ea8c"
2026-06-12T12:35:59.368462595Z E0612 12:35:59.368331       1 csi_handler.go:723] "Failed to remove finalizer from PersistentVolume" err="PersistentVolume \"pvc-0c160a4e-1e66-40db-bd34-a90a3d640b46\" is invalid: metadata.finalizers: Forbidden: no new finalizers can be added if the object is being deleted, found new finalizers []string{\"kubernetes.io/pv-protection\"}" PersistentVolume="pvc-0c160a4e-1e66-40db-bd34-a90a3d640b46"
2026-06-12T12:35:59.377691068Z I0612 12:35:59.377549       1 csi_handler.go:728] "Removed finalizer from PersistentVolume" PersistentVolume="pvc-0c160a4e-1e66-40db-bd34-a90a3d640b46"
2026-06-12T12:36:04.545837089Z I0612 12:36:04.545717       1 csi_handler.go:276] "Attached" VolumeAttachment="csi-e3b8e9559c6c043979314df7ab9283a01a7b8e73baea8b7e5ef004af53463091"
2026-06-12T12:37:45.990109718Z I0612 12:37:45.990008       1 csi_handler.go:295] "Detaching" VolumeAttachment="csi-e3b8e9559c6c043979314df7ab9283a01a7b8e73baea8b7e5ef004af53463091"
2026-06-12T12:37:48.119440811Z I0612 12:37:48.119365       1 csi_handler.go:594] "Detached" VolumeAttachment="csi-e3b8e9559c6c043979314df7ab9283a01a7b8e73baea8b7e5ef004af53463091"
2026-06-12T12:37:51.017819823Z I0612 12:37:51.017708       1 csi_handler.go:264] "Attaching" VolumeAttachment="csi-954954d31303293edddfdd0daa94a6bae9d9e7d1d539e5c648f1c86a62b845d0"
2026-06-12T12:37:54.831193482Z E0612 12:37:54.831066       1 csi_handler.go:723] "Failed to remove finalizer from PersistentVolume" err="PersistentVolume \"pvc-b9efd6c1-8cbc-45d9-9b75-0000664eaae9\" is invalid: metadata.finalizers: Forbidden: no new finalizers can be added if the object is being deleted, found new finalizers []string{\"kubernetes.io/pv-protection\"}" PersistentVolume="pvc-b9efd6c1-8cbc-45d9-9b75-0000664eaae9"
2026-06-12T12:37:54.840111412Z I0612 12:37:54.840035       1 csi_handler.go:728] "Removed finalizer from PersistentVolume" PersistentVolume="pvc-b9efd6c1-8cbc-45d9-9b75-0000664eaae9"
2026-06-12T12:37:56.394996820Z I0612 12:37:56.394876       1 csi_handler.go:295] "Detaching" VolumeAttachment="csi-8301ec24bad93758c0736d8b0f840867947430da208532fb19b8b32a6730f09d"
2026-06-12T12:37:58.519749021Z I0612 12:37:58.519613       1 csi_handler.go:594] "Detached" VolumeAttachment="csi-8301ec24bad93758c0736d8b0f840867947430da208532fb19b8b32a6730f09d"
2026-06-12T12:38:01.152317807Z I0612 12:38:01.152236       1 csi_handler.go:276] "Attached" VolumeAttachment="csi-954954d31303293edddfdd0daa94a6bae9d9e7d1d539e5c648f1c86a62b845d0"
2026-06-12T12:38:04.007585499Z E0612 12:38:04.007465       1 csi_handler.go:723] "Failed to remove finalizer from PersistentVolume" err="PersistentVolume \"pvc-9c9119d2-4edb-4c8f-85a9-8a6df53a8b45\" is invalid: metadata.finalizers: Forbidden: no new finalizers can be added if the object is being deleted, found new finalizers []string{\"kubernetes.io/pv-protection\"}" PersistentVolume="pvc-9c9119d2-4edb-4c8f-85a9-8a6df53a8b45"
2026-06-12T12:38:04.025978899Z I0612 12:38:04.025841       1 csi_handler.go:728] "Removed finalizer from PersistentVolume" PersistentVolume="pvc-9c9119d2-4edb-4c8f-85a9-8a6df53a8b45"
2026-06-12T12:42:01.299497010Z I0612 12:42:01.299404       1 csi_handler.go:264] "Attaching" VolumeAttachment="csi-eb93c49c8586c70551d6bd6345d176e8d0f815cb1b3e51352c6abf9b4f1f05f7"
2026-06-12T12:42:01.323391292Z I0612 12:42:01.323298       1 csi_handler.go:246] "Error processing" VolumeAttachment="csi-eb93c49c8586c70551d6bd6345d176e8d0f815cb1b3e51352c6abf9b4f1f05f7" err="failed to attach: rpc error: code = Aborted desc = volume pvc-bd88cec8-58e3-425b-8eaf-5ca0b2b6292b is not ready for workloads"
2026-06-12T12:42:01.323411017Z I0612 12:42:01.323352       1 csi_handler.go:264] "Attaching" VolumeAttachment="csi-eb93c49c8586c70551d6bd6345d176e8d0f815cb1b3e51352c6abf9b4f1f05f7"
2026-06-12T12:42:01.334851619Z I0612 12:42:01.334750       1 csi_handler.go:246] "Error processing" VolumeAttachment="csi-eb93c49c8586c70551d6bd6345d176e8d0f815cb1b3e51352c6abf9b4f1f05f7" err="failed to attach: rpc error: code = Aborted desc = volume pvc-bd88cec8-58e3-425b-8eaf-5ca0b2b6292b is not ready for workloads"
2026-06-12T12:42:02.323703304Z I0612 12:42:02.323556       1 csi_handler.go:264] "Attaching" VolumeAttachment="csi-eb93c49c8586c70551d6bd6345d176e8d0f815cb1b3e51352c6abf9b4f1f05f7"
2026-06-12T12:42:02.339278742Z I0612 12:42:02.339180       1 csi_handler.go:246] "Error processing" VolumeAttachment="csi-eb93c49c8586c70551d6bd6345d176e8d0f815cb1b3e51352c6abf9b4f1f05f7" err="failed to attach: rpc error: code = Aborted desc = volume pvc-bd88cec8-58e3-425b-8eaf-5ca0b2b6292b is not ready for workloads"
2026-06-12T12:42:06.340489387Z I0612 12:42:06.340342       1 csi_handler.go:264] "Attaching" VolumeAttachment="csi-eb93c49c8586c70551d6bd6345d176e8d0f815cb1b3e51352c6abf9b4f1f05f7"
2026-06-12T12:42:06.358693044Z I0612 12:42:06.358594       1 csi_handler.go:246] "Error processing" VolumeAttachment="csi-eb93c49c8586c70551d6bd6345d176e8d0f815cb1b3e51352c6abf9b4f1f05f7" err="failed to attach: rpc error: code = Aborted desc = volume pvc-bd88cec8-58e3-425b-8eaf-5ca0b2b6292b is not ready for workloads"
2026-06-12T12:42:14.359041511Z I0612 12:42:14.358919       1 csi_handler.go:264] "Attaching" VolumeAttachment="csi-eb93c49c8586c70551d6bd6345d176e8d0f815cb1b3e51352c6abf9b4f1f05f7"
2026-06-12T12:42:24.483346377Z I0612 12:42:24.483260       1 csi_handler.go:276] "Attached" VolumeAttachment="csi-eb93c49c8586c70551d6bd6345d176e8d0f815cb1b3e51352c6abf9b4f1f05f7"
2026-06-12T12:43:54.724479628Z I0612 12:43:54.724379       1 csi_handler.go:295] "Detaching" VolumeAttachment="csi-eb93c49c8586c70551d6bd6345d176e8d0f815cb1b3e51352c6abf9b4f1f05f7"
2026-06-12T12:43:56.854406610Z I0612 12:43:56.854300       1 csi_handler.go:594] "Detached" VolumeAttachment="csi-eb93c49c8586c70551d6bd6345d176e8d0f815cb1b3e51352c6abf9b4f1f05f7"
2026-06-12T12:43:57.790840236Z E0612 12:43:57.790711       1 csi_handler.go:723] "Failed to remove finalizer from PersistentVolume" err="PersistentVolume \"pvc-bd88cec8-58e3-425b-8eaf-5ca0b2b6292b\" is invalid: metadata.finalizers: Forbidden: no new finalizers can be added if the object is being deleted, found new finalizers []string{\"kubernetes.io/pv-protection\"}" PersistentVolume="pvc-bd88cec8-58e3-425b-8eaf-5ca0b2b6292b"
2026-06-12T12:43:57.801373722Z I0612 12:43:57.801240       1 csi_handler.go:728] "Removed finalizer from PersistentVolume" PersistentVolume="pvc-bd88cec8-58e3-425b-8eaf-5ca0b2b6292b"
2026-06-12T12:44:14.654414042Z I0612 12:44:14.654287       1 csi_handler.go:264] "Attaching" VolumeAttachment="csi-036cf25a4ce76ca31bdab5c1c5116d2fc1a90f1d67979d5e5cb25a44f72f9012"
2026-06-12T12:44:14.694751052Z I0612 12:44:14.694660       1 csi_handler.go:246] "Error processing" VolumeAttachment="csi-036cf25a4ce76ca31bdab5c1c5116d2fc1a90f1d67979d5e5cb25a44f72f9012" err="failed to attach: rpc error: code = Aborted desc = volume pvc-0ce7c86a-e2cb-4fbe-8c04-5e8598f37e88 is not ready for workloads"
2026-06-12T12:44:14.694787294Z I0612 12:44:14.694710       1 csi_handler.go:264] "Attaching" VolumeAttachment="csi-036cf25a4ce76ca31bdab5c1c5116d2fc1a90f1d67979d5e5cb25a44f72f9012"
2026-06-12T12:44:14.705221506Z I0612 12:44:14.705144       1 csi_handler.go:246] "Error processing" VolumeAttachment="csi-036cf25a4ce76ca31bdab5c1c5116d2fc1a90f1d67979d5e5cb25a44f72f9012" err="failed to attach: rpc error: code = Aborted desc = volume pvc-0ce7c86a-e2cb-4fbe-8c04-5e8598f37e88 is not ready for workloads"
2026-06-12T12:44:15.143063335Z I0612 12:44:15.142945       1 csi_handler.go:295] "Detaching" VolumeAttachment="csi-954954d31303293edddfdd0daa94a6bae9d9e7d1d539e5c648f1c86a62b845d0"
2026-06-12T12:44:15.695420968Z I0612 12:44:15.695251       1 csi_handler.go:264] "Attaching" VolumeAttachment="csi-036cf25a4ce76ca31bdab5c1c5116d2fc1a90f1d67979d5e5cb25a44f72f9012"
2026-06-12T12:44:15.710522082Z I0612 12:44:15.710419       1 csi_handler.go:246] "Error processing" VolumeAttachment="csi-036cf25a4ce76ca31bdab5c1c5116d2fc1a90f1d67979d5e5cb25a44f72f9012" err="failed to attach: rpc error: code = Aborted desc = volume pvc-0ce7c86a-e2cb-4fbe-8c04-5e8598f37e88 is not ready for workloads"
2026-06-12T12:44:17.174537067Z I0612 12:44:17.173929       1 csi_handler.go:594] "Detached" VolumeAttachment="csi-954954d31303293edddfdd0daa94a6bae9d9e7d1d539e5c648f1c86a62b845d0"
2026-06-12T12:44:19.711678297Z I0612 12:44:19.711521       1 csi_handler.go:264] "Attaching" VolumeAttachment="csi-036cf25a4ce76ca31bdab5c1c5116d2fc1a90f1d67979d5e5cb25a44f72f9012"
2026-06-12T12:44:19.727255756Z I0612 12:44:19.727176       1 csi_handler.go:246] "Error processing" VolumeAttachment="csi-036cf25a4ce76ca31bdab5c1c5116d2fc1a90f1d67979d5e5cb25a44f72f9012" err="failed to attach: rpc error: code = Aborted desc = volume pvc-0ce7c86a-e2cb-4fbe-8c04-5e8598f37e88 is not ready for workloads"
2026-06-12T12:44:27.728277782Z I0612 12:44:27.728137       1 csi_handler.go:264] "Attaching" VolumeAttachment="csi-036cf25a4ce76ca31bdab5c1c5116d2fc1a90f1d67979d5e5cb25a44f72f9012"
2026-06-12T12:44:37.862204059Z I0612 12:44:37.862126       1 csi_handler.go:276] "Attached" VolumeAttachment="csi-036cf25a4ce76ca31bdab5c1c5116d2fc1a90f1d67979d5e5cb25a44f72f9012"
2026-06-12T12:46:07.387721380Z I0612 12:46:07.387614       1 csi_handler.go:295] "Detaching" VolumeAttachment="csi-036cf25a4ce76ca31bdab5c1c5116d2fc1a90f1d67979d5e5cb25a44f72f9012"
2026-06-12T12:46:09.514647850Z I0612 12:46:09.514570       1 csi_handler.go:594] "Detached" VolumeAttachment="csi-036cf25a4ce76ca31bdab5c1c5116d2fc1a90f1d67979d5e5cb25a44f72f9012"
2026-06-12T12:46:10.612587881Z E0612 12:46:10.612470       1 csi_handler.go:723] "Failed to remove finalizer from PersistentVolume" err="PersistentVolume \"pvc-0ce7c86a-e2cb-4fbe-8c04-5e8598f37e88\" is invalid: metadata.finalizers: Forbidden: no new finalizers can be added if the object is being deleted, found new finalizers []string{\"kubernetes.io/pv-protection\"}" PersistentVolume="pvc-0ce7c86a-e2cb-4fbe-8c04-5e8598f37e88"
2026-06-12T12:46:10.623312695Z I0612 12:46:10.623217       1 csi_handler.go:728] "Removed finalizer from PersistentVolume" PersistentVolume="pvc-0ce7c86a-e2cb-4fbe-8c04-5e8598f37e88"
2026-06-12T12:46:11.508007254Z I0612 12:46:11.507911       1 csi_handler.go:264] "Attaching" VolumeAttachment="csi-8bc1c5f9ef347578adc5e1053fad8ccfaf5e15f7bf4d7c722aee2b07f948ec0b"
2026-06-12T12:46:21.556081556Z I0612 12:46:21.555973       1 csi_handler.go:276] "Attached" VolumeAttachment="csi-8bc1c5f9ef347578adc5e1053fad8ccfaf5e15f7bf4d7c722aee2b07f948ec0b"
2026-06-12T12:46:35.899468982Z I0612 12:46:35.899359       1 csi_handler.go:264] "Attaching" VolumeAttachment="csi-4e9444d21f7d139920f2bc4af06516f2787f22d52a27c977d628da56b503dd4d"
2026-06-12T12:46:35.926349939Z I0612 12:46:35.926258       1 csi_handler.go:246] "Error processing" VolumeAttachment="csi-4e9444d21f7d139920f2bc4af06516f2787f22d52a27c977d628da56b503dd4d" err="failed to attach: rpc error: code = Aborted desc = volume pvc-ec63ea6e-08ca-4b52-8646-b05bcdf9834f is not ready for workloads"
2026-06-12T12:46:35.926369931Z I0612 12:46:35.926311       1 csi_handler.go:264] "Attaching" VolumeAttachment="csi-4e9444d21f7d139920f2bc4af06516f2787f22d52a27c977d628da56b503dd4d"
2026-06-12T12:46:35.936258697Z I0612 12:46:35.936152       1 csi_handler.go:246] "Error processing" VolumeAttachment="csi-4e9444d21f7d139920f2bc4af06516f2787f22d52a27c977d628da56b503dd4d" err="failed to attach: rpc error: code = Aborted desc = volume pvc-ec63ea6e-08ca-4b52-8646-b05bcdf9834f is not ready for workloads"
2026-06-12T12:46:36.926865967Z I0612 12:46:36.926719       1 csi_handler.go:264] "Attaching" VolumeAttachment="csi-4e9444d21f7d139920f2bc4af06516f2787f22d52a27c977d628da56b503dd4d"
2026-06-12T12:46:36.938512906Z I0612 12:46:36.938436       1 csi_handler.go:246] "Error processing" VolumeAttachment="csi-4e9444d21f7d139920f2bc4af06516f2787f22d52a27c977d628da56b503dd4d" err="failed to attach: rpc error: code = Aborted desc = volume pvc-ec63ea6e-08ca-4b52-8646-b05bcdf9834f is not ready for workloads"
2026-06-12T12:46:40.938918739Z I0612 12:46:40.938793       1 csi_handler.go:264] "Attaching" VolumeAttachment="csi-4e9444d21f7d139920f2bc4af06516f2787f22d52a27c977d628da56b503dd4d"
2026-06-12T12:46:40.959255725Z I0612 12:46:40.959159       1 csi_handler.go:246] "Error processing" VolumeAttachment="csi-4e9444d21f7d139920f2bc4af06516f2787f22d52a27c977d628da56b503dd4d" err="failed to attach: rpc error: code = Aborted desc = volume pvc-ec63ea6e-08ca-4b52-8646-b05bcdf9834f is not ready for workloads"
2026-06-12T12:46:48.960028651Z I0612 12:46:48.959857       1 csi_handler.go:264] "Attaching" VolumeAttachment="csi-4e9444d21f7d139920f2bc4af06516f2787f22d52a27c977d628da56b503dd4d"
2026-06-12T12:46:59.089895527Z I0612 12:46:59.089803       1 csi_handler.go:276] "Attached" VolumeAttachment="csi-4e9444d21f7d139920f2bc4af06516f2787f22d52a27c977d628da56b503dd4d"
2026-06-12T12:48:50.462621224Z I0612 12:48:50.462520       1 csi_handler.go:295] "Detaching" VolumeAttachment="csi-4e9444d21f7d139920f2bc4af06516f2787f22d52a27c977d628da56b503dd4d"
2026-06-12T12:48:52.588335422Z I0612 12:48:52.588239       1 csi_handler.go:594] "Detached" VolumeAttachment="csi-4e9444d21f7d139920f2bc4af06516f2787f22d52a27c977d628da56b503dd4d"
2026-06-12T12:48:53.465909255Z E0612 12:48:53.465790       1 csi_handler.go:723] "Failed to remove finalizer from PersistentVolume" err="PersistentVolume \"pvc-ec63ea6e-08ca-4b52-8646-b05bcdf9834f\" is invalid: metadata.finalizers: Forbidden: no new finalizers can be added if the object is being deleted, found new finalizers []string{\"kubernetes.io/pv-protection\"}" PersistentVolume="pvc-ec63ea6e-08ca-4b52-8646-b05bcdf9834f"
2026-06-12T12:48:53.478132994Z I0612 12:48:53.478031       1 csi_handler.go:728] "Removed finalizer from PersistentVolume" PersistentVolume="pvc-ec63ea6e-08ca-4b52-8646-b05bcdf9834f"
2026-06-12T12:49:10.779390263Z I0612 12:49:10.779292       1 csi_handler.go:295] "Detaching" VolumeAttachment="csi-8bc1c5f9ef347578adc5e1053fad8ccfaf5e15f7bf4d7c722aee2b07f948ec0b"
2026-06-12T12:49:12.901198632Z I0612 12:49:12.901129       1 csi_handler.go:594] "Detached" VolumeAttachment="csi-8bc1c5f9ef347578adc5e1053fad8ccfaf5e15f7bf4d7c722aee2b07f948ec0b"
2026-06-12T12:49:32.237420852Z E0612 12:49:32.237319       1 csi_handler.go:723] "Failed to remove finalizer from PersistentVolume" err="PersistentVolume \"pvc-609d4242-ae34-4c7a-bb9a-f35e64352f49\" is invalid: metadata.finalizers: Forbidden: no new finalizers can be added if the object is being deleted, found new finalizers []string{\"kubernetes.io/pv-protection\"}" PersistentVolume="pvc-609d4242-ae34-4c7a-bb9a-f35e64352f49"
2026-06-12T12:49:32.248240360Z I0612 12:49:32.248121       1 csi_handler.go:728] "Removed finalizer from PersistentVolume" PersistentVolume="pvc-609d4242-ae34-4c7a-bb9a-f35e64352f49"
2026-06-12T12:49:32.448896934Z E0612 12:49:32.448768       1 csi_handler.go:723] "Failed to remove finalizer from PersistentVolume" err="PersistentVolume \"pvc-d0c08cff-fb63-4c79-bab4-c349187165c5\" is invalid: metadata.finalizers: Forbidden: no new finalizers can be added if the object is being deleted, found new finalizers []string{\"kubernetes.io/pv-protection\"}" PersistentVolume="pvc-d0c08cff-fb63-4c79-bab4-c349187165c5"
2026-06-12T12:49:32.461340387Z I0612 12:49:32.461246       1 csi_handler.go:728] "Removed finalizer from PersistentVolume" PersistentVolume="pvc-d0c08cff-fb63-4c79-bab4-c349187165c5"
2026-06-12T12:49:46.296256576Z I0612 12:49:46.296140       1 csi_handler.go:264] "Attaching" VolumeAttachment="csi-d650f77d1aaf8e8616af9dc2f175bc757dfdd4a3a10b34e7428414783ec07ca6"
2026-06-12T12:49:46.297719904Z I0612 12:49:46.297610       1 csi_handler.go:264] "Attaching" VolumeAttachment="csi-2f61a68437b6f4ec85523d4cfc3503d6cdd40601bfe08671be2ccf57500b26ea"
2026-06-12T12:49:46.298317776Z I0612 12:49:46.298224       1 csi_handler.go:264] "Attaching" VolumeAttachment="csi-99383735c91f6bb2f06d836d7a595e6f0712794faa0773719b0a41111c71dc9e"
2026-06-12T12:49:56.443996833Z I0612 12:49:56.443919       1 csi_handler.go:276] "Attached" VolumeAttachment="csi-d650f77d1aaf8e8616af9dc2f175bc757dfdd4a3a10b34e7428414783ec07ca6"
2026-06-12T12:49:56.450763515Z I0612 12:49:56.450689       1 csi_handler.go:276] "Attached" VolumeAttachment="csi-2f61a68437b6f4ec85523d4cfc3503d6cdd40601bfe08671be2ccf57500b26ea"
2026-06-12T12:49:56.450792818Z I0612 12:49:56.450696       1 csi_handler.go:276] "Attached" VolumeAttachment="csi-99383735c91f6bb2f06d836d7a595e6f0712794faa0773719b0a41111c71dc9e"
2026-06-12T12:49:56.453374510Z I0612 12:49:56.453267       1 csi_handler.go:264] "Attaching" VolumeAttachment="csi-d650f77d1aaf8e8616af9dc2f175bc757dfdd4a3a10b34e7428414783ec07ca6"
2026-06-12T12:49:58.474482103Z I0612 12:49:58.474413       1 csi_handler.go:276] "Attached" VolumeAttachment="csi-d650f77d1aaf8e8616af9dc2f175bc757dfdd4a3a10b34e7428414783ec07ca6"
2026-06-12T12:54:06.346570519Z I0612 12:54:06.346445       1 csi_handler.go:295] "Detaching" VolumeAttachment="csi-d650f77d1aaf8e8616af9dc2f175bc757dfdd4a3a10b34e7428414783ec07ca6"
2026-06-12T12:54:06.395741807Z I0612 12:54:06.395595       1 csi_handler.go:295] "Detaching" VolumeAttachment="csi-99383735c91f6bb2f06d836d7a595e6f0712794faa0773719b0a41111c71dc9e"
2026-06-12T12:54:06.451930592Z I0612 12:54:06.451837       1 csi_handler.go:295] "Detaching" VolumeAttachment="csi-2f61a68437b6f4ec85523d4cfc3503d6cdd40601bfe08671be2ccf57500b26ea"
2026-06-12T12:54:08.488396469Z I0612 12:54:08.488257       1 csi_handler.go:594] "Detached" VolumeAttachment="csi-d650f77d1aaf8e8616af9dc2f175bc757dfdd4a3a10b34e7428414783ec07ca6"
2026-06-12T12:54:08.523541067Z I0612 12:54:08.523480       1 csi_handler.go:594] "Detached" VolumeAttachment="csi-99383735c91f6bb2f06d836d7a595e6f0712794faa0773719b0a41111c71dc9e"
2026-06-12T12:54:08.575786281Z I0612 12:54:08.575707       1 csi_handler.go:594] "Detached" VolumeAttachment="csi-2f61a68437b6f4ec85523d4cfc3503d6cdd40601bfe08671be2ccf57500b26ea"
2026-06-12T12:54:09.701856183Z E0612 12:54:09.701730       1 csi_handler.go:723] "Failed to remove finalizer from PersistentVolume" err="PersistentVolume \"pvc-2a9b23e9-61e7-4dc7-890f-e09105e0e625\" is invalid: metadata.finalizers: Forbidden: no new finalizers can be added if the object is being deleted, found new finalizers []string{\"kubernetes.io/pv-protection\"}" PersistentVolume="pvc-2a9b23e9-61e7-4dc7-890f-e09105e0e625"
2026-06-12T12:54:09.718780189Z I0612 12:54:09.718596       1 csi_handler.go:728] "Removed finalizer from PersistentVolume" PersistentVolume="pvc-2a9b23e9-61e7-4dc7-890f-e09105e0e625"
2026-06-12T12:54:09.726685748Z E0612 12:54:09.726558       1 csi_handler.go:723] "Failed to remove finalizer from PersistentVolume" err="PersistentVolume \"pvc-fc5fa203-4f62-4be3-b4ee-42c1c282d2b5\" is invalid: metadata.finalizers: Forbidden: no new finalizers can be added if the object is being deleted, found new finalizers []string{\"kubernetes.io/pv-protection\"}" PersistentVolume="pvc-fc5fa203-4f62-4be3-b4ee-42c1c282d2b5"
2026-06-12T12:54:09.739431753Z I0612 12:54:09.739311       1 csi_handler.go:728] "Removed finalizer from PersistentVolume" PersistentVolume="pvc-fc5fa203-4f62-4be3-b4ee-42c1c282d2b5"
2026-06-12T12:54:16.296733602Z I0612 12:54:16.296502       1 csi_handler.go:264] "Attaching" VolumeAttachment="csi-0266c5bfad3d7bdebf05b2f508298ce936f7b1d07ba45152cf88946b282ee419"
2026-06-12T12:54:16.296908027Z I0612 12:54:16.296844       1 csi_handler.go:264] "Attaching" VolumeAttachment="csi-99383735c91f6bb2f06d836d7a595e6f0712794faa0773719b0a41111c71dc9e"
2026-06-12T12:54:26.330927135Z I0612 12:54:26.330799       1 csi_handler.go:276] "Attached" VolumeAttachment="csi-99383735c91f6bb2f06d836d7a595e6f0712794faa0773719b0a41111c71dc9e"
2026-06-12T12:54:26.339155013Z I0612 12:54:26.339082       1 csi_handler.go:264] "Attaching" VolumeAttachment="csi-99383735c91f6bb2f06d836d7a595e6f0712794faa0773719b0a41111c71dc9e"
2026-06-12T12:54:26.441262177Z I0612 12:54:26.441200       1 csi_handler.go:276] "Attached" VolumeAttachment="csi-0266c5bfad3d7bdebf05b2f508298ce936f7b1d07ba45152cf88946b282ee419"
2026-06-12T12:54:28.359662892Z I0612 12:54:28.359576       1 csi_handler.go:276] "Attached" VolumeAttachment="csi-99383735c91f6bb2f06d836d7a595e6f0712794faa0773719b0a41111c71dc9e"
2026-06-12T12:55:45.517474886Z I0612 12:55:45.517366       1 csi_handler.go:264] "Attaching" VolumeAttachment="csi-096432f84f79a0d89c7f0db3ca5a91dbf69de8a6a6186b73a48f99f7c84841f8"
2026-06-12T12:55:48.397655144Z I0612 12:55:48.397519       1 csi_handler.go:295] "Detaching" VolumeAttachment="csi-0266c5bfad3d7bdebf05b2f508298ce936f7b1d07ba45152cf88946b282ee419"
2026-06-12T12:55:48.452754151Z I0612 12:55:48.452633       1 csi_handler.go:295] "Detaching" VolumeAttachment="csi-99383735c91f6bb2f06d836d7a595e6f0712794faa0773719b0a41111c71dc9e"
2026-06-12T12:55:50.524237739Z I0612 12:55:50.524131       1 csi_handler.go:594] "Detached" VolumeAttachment="csi-0266c5bfad3d7bdebf05b2f508298ce936f7b1d07ba45152cf88946b282ee419"
2026-06-12T12:55:50.576958946Z I0612 12:55:50.576889       1 csi_handler.go:594] "Detached" VolumeAttachment="csi-99383735c91f6bb2f06d836d7a595e6f0712794faa0773719b0a41111c71dc9e"
2026-06-12T12:55:51.043256062Z E0612 12:55:51.043121       1 csi_handler.go:723] "Failed to remove finalizer from PersistentVolume" err="PersistentVolume \"pvc-096801b6-8c5a-4de6-a29e-063b555ac169\" is invalid: metadata.finalizers: Forbidden: no new finalizers can be added if the object is being deleted, found new finalizers []string{\"kubernetes.io/pv-protection\"}" PersistentVolume="pvc-096801b6-8c5a-4de6-a29e-063b555ac169"
2026-06-12T12:55:51.053691348Z I0612 12:55:51.053589       1 csi_handler.go:728] "Removed finalizer from PersistentVolume" PersistentVolume="pvc-096801b6-8c5a-4de6-a29e-063b555ac169"
2026-06-12T12:55:55.659041538Z I0612 12:55:55.658966       1 csi_handler.go:276] "Attached" VolumeAttachment="csi-096432f84f79a0d89c7f0db3ca5a91dbf69de8a6a6186b73a48f99f7c84841f8"
2026-06-12T12:55:55.667598032Z I0612 12:55:55.667493       1 csi_handler.go:264] "Attaching" VolumeAttachment="csi-096432f84f79a0d89c7f0db3ca5a91dbf69de8a6a6186b73a48f99f7c84841f8"
2026-06-12T12:55:57.693062683Z I0612 12:55:57.692983       1 csi_handler.go:276] "Attached" VolumeAttachment="csi-096432f84f79a0d89c7f0db3ca5a91dbf69de8a6a6186b73a48f99f7c84841f8"
2026-06-12T12:57:08.803492730Z E0612 12:57:08.803374       1 csi_handler.go:723] "Failed to remove finalizer from PersistentVolume" err="PersistentVolume \"pvc-3957d638-2c62-46b4-9f49-3b2a099fdf47\" is invalid: metadata.finalizers: Forbidden: no new finalizers can be added if the object is being deleted, found new finalizers []string{\"kubernetes.io/pv-protection\"}" PersistentVolume="pvc-3957d638-2c62-46b4-9f49-3b2a099fdf47"
2026-06-12T12:57:08.818329579Z I0612 12:57:08.818220       1 csi_handler.go:728] "Removed finalizer from PersistentVolume" PersistentVolume="pvc-3957d638-2c62-46b4-9f49-3b2a099fdf47"
2026-06-12T12:57:10.180210090Z I0612 12:57:10.180108       1 csi_handler.go:295] "Detaching" VolumeAttachment="csi-096432f84f79a0d89c7f0db3ca5a91dbf69de8a6a6186b73a48f99f7c84841f8"
2026-06-12T12:57:12.304977879Z I0612 12:57:12.304843       1 csi_handler.go:594] "Detached" VolumeAttachment="csi-096432f84f79a0d89c7f0db3ca5a91dbf69de8a6a6186b73a48f99f7c84841f8"
2026-06-12T12:57:15.590149780Z E0612 12:57:15.589974       1 csi_handler.go:723] "Failed to remove finalizer from PersistentVolume" err="PersistentVolume \"pvc-22cfc87b-3659-44e7-86d6-fa5ed1127298\" is invalid: metadata.finalizers: Forbidden: no new finalizers can be added if the object is being deleted, found new finalizers []string{\"kubernetes.io/pv-protection\"}" PersistentVolume="pvc-22cfc87b-3659-44e7-86d6-fa5ed1127298"
2026-06-12T12:57:15.602587064Z I0612 12:57:15.602500       1 csi_handler.go:728] "Removed finalizer from PersistentVolume" PersistentVolume="pvc-22cfc87b-3659-44e7-86d6-fa5ed1127298"
2026-06-12T12:58:01.304417736Z I0612 12:58:01.304303       1 csi_handler.go:264] "Attaching" VolumeAttachment="csi-5ddbe2da2ff3a2cafb8fc1e1797c360ed0f7a7a5de28d7c90b33655ddbe7946e"
2026-06-12T12:58:11.453368388Z I0612 12:58:11.453294       1 csi_handler.go:276] "Attached" VolumeAttachment="csi-5ddbe2da2ff3a2cafb8fc1e1797c360ed0f7a7a5de28d7c90b33655ddbe7946e"
2026-06-12T12:59:54.099081044Z I0612 12:59:54.098953       1 csi_handler.go:295] "Detaching" VolumeAttachment="csi-5ddbe2da2ff3a2cafb8fc1e1797c360ed0f7a7a5de28d7c90b33655ddbe7946e"
2026-06-12T12:59:56.227766574Z I0612 12:59:56.227678       1 csi_handler.go:594] "Detached" VolumeAttachment="csi-5ddbe2da2ff3a2cafb8fc1e1797c360ed0f7a7a5de28d7c90b33655ddbe7946e"
2026-06-12T13:00:01.342917510Z I0612 13:00:01.342829       1 csi_handler.go:264] "Attaching" VolumeAttachment="csi-a875f8fbf77312fb9b7f137b3b45eda3815d54f0ae2ccd26a0996e1951bb92d4"
2026-06-12T13:00:01.349572855Z I0612 13:00:01.349423       1 csi_handler.go:264] "Attaching" VolumeAttachment="csi-30ed9bc6eba4407366bc3ea852e3b7602b4dd83ae62a532d478db9de0e83c865"
2026-06-12T13:00:02.170088637Z E0612 13:00:02.169988       1 csi_handler.go:723] "Failed to remove finalizer from PersistentVolume" err="PersistentVolume \"pvc-78c53e47-a62a-461c-b759-0d0c36686fe8\" is invalid: metadata.finalizers: Forbidden: no new finalizers can be added if the object is being deleted, found new finalizers []string{\"kubernetes.io/pv-protection\"}" PersistentVolume="pvc-78c53e47-a62a-461c-b759-0d0c36686fe8"
2026-06-12T13:00:02.183574467Z I0612 13:00:02.183487       1 csi_handler.go:728] "Removed finalizer from PersistentVolume" PersistentVolume="pvc-78c53e47-a62a-461c-b759-0d0c36686fe8"
2026-06-12T13:00:11.492605801Z I0612 13:00:11.492490       1 csi_handler.go:276] "Attached" VolumeAttachment="csi-a875f8fbf77312fb9b7f137b3b45eda3815d54f0ae2ccd26a0996e1951bb92d4"
2026-06-12T13:00:11.492627551Z I0612 13:00:11.492490       1 csi_handler.go:276] "Attached" VolumeAttachment="csi-30ed9bc6eba4407366bc3ea852e3b7602b4dd83ae62a532d478db9de0e83c865"
2026-06-12T13:02:02.707575032Z I0612 13:02:02.707478       1 csi_handler.go:264] "Attaching" VolumeAttachment="csi-7436c7394b09317419d791c90a4d110dd19d5d0266ce86baf1d88975848360fc"
2026-06-12T13:02:06.780147229Z I0612 13:02:06.780049       1 csi_handler.go:295] "Detaching" VolumeAttachment="csi-a875f8fbf77312fb9b7f137b3b45eda3815d54f0ae2ccd26a0996e1951bb92d4"
2026-06-12T13:02:06.833113778Z I0612 13:02:06.833026       1 csi_handler.go:295] "Detaching" VolumeAttachment="csi-30ed9bc6eba4407366bc3ea852e3b7602b4dd83ae62a532d478db9de0e83c865"
2026-06-12T13:02:08.905682156Z I0612 13:02:08.905591       1 csi_handler.go:594] "Detached" VolumeAttachment="csi-a875f8fbf77312fb9b7f137b3b45eda3815d54f0ae2ccd26a0996e1951bb92d4"
2026-06-12T13:02:08.958722208Z I0612 13:02:08.958578       1 csi_handler.go:594] "Detached" VolumeAttachment="csi-30ed9bc6eba4407366bc3ea852e3b7602b4dd83ae62a532d478db9de0e83c865"
2026-06-12T13:02:12.847913648Z I0612 13:02:12.847817       1 csi_handler.go:276] "Attached" VolumeAttachment="csi-7436c7394b09317419d791c90a4d110dd19d5d0266ce86baf1d88975848360fc"
2026-06-12T13:02:14.875213875Z I0612 13:02:14.875049       1 csi_handler.go:728] "Removed finalizer from PersistentVolume" PersistentVolume="pvc-d1565a37-10bc-4375-bfce-0978b8200338"
2026-06-12T13:02:15.829760629Z E0612 13:02:15.828954       1 csi_handler.go:723] "Failed to remove finalizer from PersistentVolume" err="PersistentVolume \"pvc-c1ab1afd-2f6a-458b-a6e3-2ae15572817e\" is invalid: metadata.finalizers: Forbidden: no new finalizers can be added if the object is being deleted, found new finalizers []string{\"kubernetes.io/pv-protection\"}" PersistentVolume="pvc-c1ab1afd-2f6a-458b-a6e3-2ae15572817e"
2026-06-12T13:02:15.840400739Z I0612 13:02:15.840292       1 csi_handler.go:728] "Removed finalizer from PersistentVolume" PersistentVolume="pvc-c1ab1afd-2f6a-458b-a6e3-2ae15572817e"
2026-06-12T13:05:44.136135803Z I0612 13:05:44.136038       1 csi_handler.go:264] "Attaching" VolumeAttachment="csi-502467f381532e7b79da4eb83239e2c12b105f524b2a5dbc3895e7f136e5be1e"
2026-06-12T13:05:54.301691753Z I0612 13:05:54.301492       1 csi_handler.go:276] "Attached" VolumeAttachment="csi-502467f381532e7b79da4eb83239e2c12b105f524b2a5dbc3895e7f136e5be1e"
2026-06-12T13:05:54.315769132Z I0612 13:05:54.315692       1 csi_handler.go:264] "Attaching" VolumeAttachment="csi-502467f381532e7b79da4eb83239e2c12b105f524b2a5dbc3895e7f136e5be1e"
2026-06-12T13:05:56.341740682Z I0612 13:05:56.341659       1 csi_handler.go:276] "Attached" VolumeAttachment="csi-502467f381532e7b79da4eb83239e2c12b105f524b2a5dbc3895e7f136e5be1e"
2026-06-12T13:06:10.994269335Z I0612 13:06:10.994147       1 csi_handler.go:295] "Detaching" VolumeAttachment="csi-502467f381532e7b79da4eb83239e2c12b105f524b2a5dbc3895e7f136e5be1e"
2026-06-12T13:06:13.123776684Z I0612 13:06:13.123655       1 csi_handler.go:594] "Detached" VolumeAttachment="csi-502467f381532e7b79da4eb83239e2c12b105f524b2a5dbc3895e7f136e5be1e"
2026-06-12T13:06:17.293145752Z E0612 13:06:17.293004       1 csi_handler.go:723] "Failed to remove finalizer from PersistentVolume" err="PersistentVolume \"pvc-58e62466-2525-4dc6-92d3-0be13e49e157\" is invalid: metadata.finalizers: Forbidden: no new finalizers can be added if the object is being deleted, found new finalizers []string{\"kubernetes.io/pv-protection\"}" PersistentVolume="pvc-58e62466-2525-4dc6-92d3-0be13e49e157"
2026-06-12T13:06:17.304007886Z I0612 13:06:17.303927       1 csi_handler.go:728] "Removed finalizer from PersistentVolume" PersistentVolume="pvc-58e62466-2525-4dc6-92d3-0be13e49e157"
2026-06-12T13:06:19.141256790Z I0612 13:06:19.141159       1 csi_handler.go:264] "Attaching" VolumeAttachment="csi-2e2819646323401a1d90df4f4828db0246d17f45dd668fdc0980fd5609e89bb4"
2026-06-12T13:06:21.243450007Z I0612 13:06:21.243345       1 csi_handler.go:295] "Detaching" VolumeAttachment="csi-7436c7394b09317419d791c90a4d110dd19d5d0266ce86baf1d88975848360fc"
2026-06-12T13:06:23.372548811Z I0612 13:06:23.372471       1 csi_handler.go:594] "Detached" VolumeAttachment="csi-7436c7394b09317419d791c90a4d110dd19d5d0266ce86baf1d88975848360fc"
2026-06-12T13:06:24.179248109Z E0612 13:06:24.179127       1 csi_handler.go:723] "Failed to remove finalizer from PersistentVolume" err="PersistentVolume \"pvc-f7a8f579-032b-4337-8cec-49520fe4efe6\" is invalid: metadata.finalizers: Forbidden: no new finalizers can be added if the object is being deleted, found new finalizers []string{\"kubernetes.io/pv-protection\"}" PersistentVolume="pvc-f7a8f579-032b-4337-8cec-49520fe4efe6"
2026-06-12T13:06:24.193029205Z I0612 13:06:24.192882       1 csi_handler.go:728] "Removed finalizer from PersistentVolume" PersistentVolume="pvc-f7a8f579-032b-4337-8cec-49520fe4efe6"
2026-06-12T13:06:29.292359498Z I0612 13:06:29.292279       1 csi_handler.go:276] "Attached" VolumeAttachment="csi-2e2819646323401a1d90df4f4828db0246d17f45dd668fdc0980fd5609e89bb4"
2026-06-12T13:08:11.771230970Z I0612 13:08:11.771112       1 csi_handler.go:264] "Attaching" VolumeAttachment="csi-9235af4e4b69454339ace02049e2853a1b5482138afbf3722457b70d3b50d1d7"
2026-06-12T13:08:13.774365101Z I0612 13:08:13.774241       1 csi_handler.go:295] "Detaching" VolumeAttachment="csi-2e2819646323401a1d90df4f4828db0246d17f45dd668fdc0980fd5609e89bb4"
2026-06-12T13:08:15.894260195Z I0612 13:08:15.894175       1 csi_handler.go:594] "Detached" VolumeAttachment="csi-2e2819646323401a1d90df4f4828db0246d17f45dd668fdc0980fd5609e89bb4"
2026-06-12T13:08:16.807762801Z E0612 13:08:16.807624       1 csi_handler.go:723] "Failed to remove finalizer from PersistentVolume" err="PersistentVolume \"pvc-e8b87240-6e7a-4e42-95fd-e824e3ef4d88\" is invalid: metadata.finalizers: Forbidden: no new finalizers can be added if the object is being deleted, found new finalizers []string{\"kubernetes.io/pv-protection\"}" PersistentVolume="pvc-e8b87240-6e7a-4e42-95fd-e824e3ef4d88"
2026-06-12T13:08:16.817122180Z I0612 13:08:16.817030       1 csi_handler.go:728] "Removed finalizer from PersistentVolume" PersistentVolume="pvc-e8b87240-6e7a-4e42-95fd-e824e3ef4d88"
2026-06-12T13:08:21.915260902Z I0612 13:08:21.915123       1 csi_handler.go:276] "Attached" VolumeAttachment="csi-9235af4e4b69454339ace02049e2853a1b5482138afbf3722457b70d3b50d1d7"
2026-06-12T13:09:14.580827868Z I0612 13:09:14.580731       1 csi_handler.go:295] "Detaching" VolumeAttachment="csi-9235af4e4b69454339ace02049e2853a1b5482138afbf3722457b70d3b50d1d7"
2026-06-12T13:09:16.700419642Z I0612 13:09:16.700338       1 csi_handler.go:594] "Detached" VolumeAttachment="csi-9235af4e4b69454339ace02049e2853a1b5482138afbf3722457b70d3b50d1d7"
2026-06-12T13:09:17.719398159Z I0612 13:09:17.719281       1 csi_handler.go:728] "Removed finalizer from PersistentVolume" PersistentVolume="pvc-8427466d-3277-4d00-8015-83b2d5288ebc"
2026-06-12T13:09:18.695531369Z I0612 13:09:18.695424       1 csi_handler.go:264] "Attaching" VolumeAttachment="csi-b3fc029344053d1e692a193357175b0b0d58826f5fec859648b453851c103444"
2026-06-12T13:09:28.836703253Z I0612 13:09:28.836625       1 csi_handler.go:276] "Attached" VolumeAttachment="csi-b3fc029344053d1e692a193357175b0b0d58826f5fec859648b453851c103444"
2026-06-12T13:10:15.633881466Z I0612 13:10:15.633770       1 csi_handler.go:295] "Detaching" VolumeAttachment="csi-b3fc029344053d1e692a193357175b0b0d58826f5fec859648b453851c103444"
2026-06-12T13:10:16.537750904Z I0612 13:10:16.537618       1 csi_handler.go:264] "Attaching" VolumeAttachment="csi-75c343e7e87c3f186e5ba81ec45f12646ec74c11961848ea73c8884fa6e4b5a5"
2026-06-12T13:10:17.758018266Z I0612 13:10:17.757900       1 csi_handler.go:594] "Detached" VolumeAttachment="csi-b3fc029344053d1e692a193357175b0b0d58826f5fec859648b453851c103444"
2026-06-12T13:10:21.452558478Z I0612 13:10:21.452343       1 csi_handler.go:728] "Removed finalizer from PersistentVolume" PersistentVolume="pvc-9ea7df94-0de0-4ba5-9b20-00ca8d5c1514"
2026-06-12T13:10:26.582010442Z I0612 13:10:26.581899       1 csi_handler.go:276] "Attached" VolumeAttachment="csi-75c343e7e87c3f186e5ba81ec45f12646ec74c11961848ea73c8884fa6e4b5a5"
2026-06-12T13:10:26.591792353Z I0612 13:10:26.591706       1 csi_handler.go:264] "Attaching" VolumeAttachment="csi-75c343e7e87c3f186e5ba81ec45f12646ec74c11961848ea73c8884fa6e4b5a5"
2026-06-12T13:10:28.614886701Z I0612 13:10:28.614785       1 csi_handler.go:276] "Attached" VolumeAttachment="csi-75c343e7e87c3f186e5ba81ec45f12646ec74c11961848ea73c8884fa6e4b5a5"
2026-06-12T13:11:17.210133324Z I0612 13:11:17.210030       1 csi_handler.go:295] "Detaching" VolumeAttachment="csi-75c343e7e87c3f186e5ba81ec45f12646ec74c11961848ea73c8884fa6e4b5a5"
2026-06-12T13:11:19.335584149Z I0612 13:11:19.335484       1 csi_handler.go:594] "Detached" VolumeAttachment="csi-75c343e7e87c3f186e5ba81ec45f12646ec74c11961848ea73c8884fa6e4b5a5"
2026-06-12T13:11:22.435455223Z E0612 13:11:22.435344       1 csi_handler.go:723] "Failed to remove finalizer from PersistentVolume" err="PersistentVolume \"pvc-6ee0ef28-0042-4a35-9d18-16b236a64de0\" is invalid: metadata.finalizers: Forbidden: no new finalizers can be added if the object is being deleted, found new finalizers []string{\"kubernetes.io/pv-protection\"}" PersistentVolume="pvc-6ee0ef28-0042-4a35-9d18-16b236a64de0"
2026-06-12T13:11:22.446496647Z I0612 13:11:22.446375       1 csi_handler.go:728] "Removed finalizer from PersistentVolume" PersistentVolume="pvc-6ee0ef28-0042-4a35-9d18-16b236a64de0"
2026-06-12T13:11:31.395074423Z I0612 13:11:31.394968       1 csi_handler.go:264] "Attaching" VolumeAttachment="csi-d839a3d3098b634a36f97ac058276cd0c1fe2e5fc824b11f4f3e12ac1e607d4e"
2026-06-12T13:11:41.532119512Z I0612 13:11:41.532024       1 csi_handler.go:276] "Attached" VolumeAttachment="csi-d839a3d3098b634a36f97ac058276cd0c1fe2e5fc824b11f4f3e12ac1e607d4e"
2026-06-12T13:11:41.537218213Z I0612 13:11:41.537145       1 csi_handler.go:264] "Attaching" VolumeAttachment="csi-d839a3d3098b634a36f97ac058276cd0c1fe2e5fc824b11f4f3e12ac1e607d4e"
2026-06-12T13:11:43.558837558Z I0612 13:11:43.558768       1 csi_handler.go:276] "Attached" VolumeAttachment="csi-d839a3d3098b634a36f97ac058276cd0c1fe2e5fc824b11f4f3e12ac1e607d4e"
2026-06-12T13:12:39.647787425Z I0612 13:12:39.647690       1 csi_handler.go:295] "Detaching" VolumeAttachment="csi-d839a3d3098b634a36f97ac058276cd0c1fe2e5fc824b11f4f3e12ac1e607d4e"
2026-06-12T13:12:41.782094605Z I0612 13:12:41.782006       1 csi_handler.go:594] "Detached" VolumeAttachment="csi-d839a3d3098b634a36f97ac058276cd0c1fe2e5fc824b11f4f3e12ac1e607d4e"
2026-06-12T13:12:44.678577393Z E0612 13:12:44.678471       1 csi_handler.go:723] "Failed to remove finalizer from PersistentVolume" err="PersistentVolume \"pvc-a4ae6a99-8e27-4c13-bb5e-f95904a6e5fc\" is invalid: metadata.finalizers: Forbidden: no new finalizers can be added if the object is being deleted, found new finalizers []string{\"kubernetes.io/pv-protection\"}" PersistentVolume="pvc-a4ae6a99-8e27-4c13-bb5e-f95904a6e5fc"
2026-06-12T13:12:44.693812635Z I0612 13:12:44.693724       1 csi_handler.go:728] "Removed finalizer from PersistentVolume" PersistentVolume="pvc-a4ae6a99-8e27-4c13-bb5e-f95904a6e5fc"
2026-06-12T13:12:56.617567475Z I0612 13:12:56.617444       1 csi_handler.go:264] "Attaching" VolumeAttachment="csi-e39282bc83cc7ae85afcde3619473fa146a0ef777ea0e98d6f74b54ebda59226"
2026-06-12T13:13:12.688638675Z I0612 13:13:12.688547       1 csi_handler.go:276] "Attached" VolumeAttachment="csi-e39282bc83cc7ae85afcde3619473fa146a0ef777ea0e98d6f74b54ebda59226"
2026-06-12T13:15:23.343265341Z I0612 13:15:23.343133       1 csi_handler.go:295] "Detaching" VolumeAttachment="csi-e39282bc83cc7ae85afcde3619473fa146a0ef777ea0e98d6f74b54ebda59226"
2026-06-12T13:15:25.483709947Z I0612 13:15:25.483582       1 csi_handler.go:594] "Detached" VolumeAttachment="csi-e39282bc83cc7ae85afcde3619473fa146a0ef777ea0e98d6f74b54ebda59226"
2026-06-12T13:15:31.381529435Z I0612 13:15:31.381403       1 csi_handler.go:264] "Attaching" VolumeAttachment="csi-528357b74b1126d1266e890515ba9f380bbb44eb1fa730ba83dbe7ee5e2b4140"
2026-06-12T13:15:31.858774812Z E0612 13:15:31.858600       1 csi_handler.go:723] "Failed to remove finalizer from PersistentVolume" err="PersistentVolume \"pvc-e2aae7de-747e-4376-b316-d1f49a05a2e4\" is invalid: metadata.finalizers: Forbidden: no new finalizers can be added if the object is being deleted, found new finalizers []string{\"kubernetes.io/pv-protection\"}" PersistentVolume="pvc-e2aae7de-747e-4376-b316-d1f49a05a2e4"
2026-06-12T13:15:31.869616529Z I0612 13:15:31.869538       1 csi_handler.go:728] "Removed finalizer from PersistentVolume" PersistentVolume="pvc-e2aae7de-747e-4376-b316-d1f49a05a2e4"
2026-06-12T13:15:41.532823811Z I0612 13:15:41.532745       1 csi_handler.go:276] "Attached" VolumeAttachment="csi-528357b74b1126d1266e890515ba9f380bbb44eb1fa730ba83dbe7ee5e2b4140"
2026-06-12T13:19:51.454087201Z I0612 13:19:51.453972       1 csi_handler.go:264] "Attaching" VolumeAttachment="csi-5bbb7ef3c5e13c3761b7f7f53e901aac4fdd3a0fd69c33db1d5ef434c67d927c"
2026-06-12T13:19:51.478698914Z I0612 13:19:51.478592       1 csi_handler.go:246] "Error processing" VolumeAttachment="csi-5bbb7ef3c5e13c3761b7f7f53e901aac4fdd3a0fd69c33db1d5ef434c67d927c" err="failed to attach: rpc error: code = Aborted desc = volume pvc-13620ef9-8818-4c28-bc9c-9c7baa124c99 is not ready for workloads"
2026-06-12T13:19:51.478736337Z I0612 13:19:51.478671       1 csi_handler.go:264] "Attaching" VolumeAttachment="csi-5bbb7ef3c5e13c3761b7f7f53e901aac4fdd3a0fd69c33db1d5ef434c67d927c"
2026-06-12T13:19:51.485313130Z I0612 13:19:51.485190       1 csi_handler.go:246] "Error processing" VolumeAttachment="csi-5bbb7ef3c5e13c3761b7f7f53e901aac4fdd3a0fd69c33db1d5ef434c67d927c" err="failed to attach: rpc error: code = Aborted desc = volume pvc-13620ef9-8818-4c28-bc9c-9c7baa124c99 is not ready for workloads"
2026-06-12T13:19:52.479733622Z I0612 13:19:52.479591       1 csi_handler.go:264] "Attaching" VolumeAttachment="csi-5bbb7ef3c5e13c3761b7f7f53e901aac4fdd3a0fd69c33db1d5ef434c67d927c"
2026-06-12T13:19:52.493023289Z I0612 13:19:52.492918       1 csi_handler.go:246] "Error processing" VolumeAttachment="csi-5bbb7ef3c5e13c3761b7f7f53e901aac4fdd3a0fd69c33db1d5ef434c67d927c" err="failed to attach: rpc error: code = Aborted desc = volume pvc-13620ef9-8818-4c28-bc9c-9c7baa124c99 is not ready for workloads"
2026-06-12T13:19:56.494209612Z I0612 13:19:56.494075       1 csi_handler.go:264] "Attaching" VolumeAttachment="csi-5bbb7ef3c5e13c3761b7f7f53e901aac4fdd3a0fd69c33db1d5ef434c67d927c"
2026-06-12T13:19:56.505340095Z I0612 13:19:56.505234       1 csi_handler.go:246] "Error processing" VolumeAttachment="csi-5bbb7ef3c5e13c3761b7f7f53e901aac4fdd3a0fd69c33db1d5ef434c67d927c" err="failed to attach: rpc error: code = Aborted desc = volume pvc-13620ef9-8818-4c28-bc9c-9c7baa124c99 is not ready for workloads"
2026-06-12T13:20:04.505596092Z I0612 13:20:04.505430       1 csi_handler.go:264] "Attaching" VolumeAttachment="csi-5bbb7ef3c5e13c3761b7f7f53e901aac4fdd3a0fd69c33db1d5ef434c67d927c"
2026-06-12T13:20:04.527195369Z I0612 13:20:04.526940       1 csi_handler.go:246] "Error processing" VolumeAttachment="csi-5bbb7ef3c5e13c3761b7f7f53e901aac4fdd3a0fd69c33db1d5ef434c67d927c" err="failed to attach: rpc error: code = Aborted desc = volume pvc-13620ef9-8818-4c28-bc9c-9c7baa124c99 is not ready for workloads"
2026-06-12T13:20:20.527319873Z I0612 13:20:20.527142       1 csi_handler.go:264] "Attaching" VolumeAttachment="csi-5bbb7ef3c5e13c3761b7f7f53e901aac4fdd3a0fd69c33db1d5ef434c67d927c"
2026-06-12T13:20:30.660856670Z I0612 13:20:30.660594       1 csi_handler.go:276] "Attached" VolumeAttachment="csi-5bbb7ef3c5e13c3761b7f7f53e901aac4fdd3a0fd69c33db1d5ef434c67d927c"
2026-06-12T13:22:20.907589290Z I0612 13:22:20.907396       1 csi_handler.go:295] "Detaching" VolumeAttachment="csi-5bbb7ef3c5e13c3761b7f7f53e901aac4fdd3a0fd69c33db1d5ef434c67d927c"
2026-06-12T13:22:23.038760835Z I0612 13:22:23.038621       1 csi_handler.go:594] "Detached" VolumeAttachment="csi-5bbb7ef3c5e13c3761b7f7f53e901aac4fdd3a0fd69c33db1d5ef434c67d927c"
2026-06-12T13:22:28.912009713Z E0612 13:22:28.911897       1 csi_handler.go:723] "Failed to remove finalizer from PersistentVolume" err="PersistentVolume \"pvc-13620ef9-8818-4c28-bc9c-9c7baa124c99\" is invalid: metadata.finalizers: Forbidden: no new finalizers can be added if the object is being deleted, found new finalizers []string{\"kubernetes.io/pv-protection\"}" PersistentVolume="pvc-13620ef9-8818-4c28-bc9c-9c7baa124c99"
2026-06-12T13:22:28.922444800Z I0612 13:22:28.922245       1 csi_handler.go:728] "Removed finalizer from PersistentVolume" PersistentVolume="pvc-13620ef9-8818-4c28-bc9c-9c7baa124c99"
2026-06-12T13:22:31.262000453Z I0612 13:22:31.261868       1 csi_handler.go:295] "Detaching" VolumeAttachment="csi-528357b74b1126d1266e890515ba9f380bbb44eb1fa730ba83dbe7ee5e2b4140"
2026-06-12T13:22:33.164496508Z I0612 13:22:33.164381       1 csi_handler.go:264] "Attaching" VolumeAttachment="csi-1794521112bc78b2adb4c6e9256f4ee581fac7b1d15d2f8c2f5050da241b0050"
2026-06-12T13:22:33.206812533Z I0612 13:22:33.206716       1 csi_handler.go:246] "Error processing" VolumeAttachment="csi-1794521112bc78b2adb4c6e9256f4ee581fac7b1d15d2f8c2f5050da241b0050" err="failed to attach: rpc error: code = Aborted desc = volume pvc-b65fd2e5-9cc8-468c-8530-0ddb94b526f1 is not ready for workloads"
2026-06-12T13:22:33.206836910Z I0612 13:22:33.206768       1 csi_handler.go:264] "Attaching" VolumeAttachment="csi-1794521112bc78b2adb4c6e9256f4ee581fac7b1d15d2f8c2f5050da241b0050"
2026-06-12T13:22:33.214020881Z I0612 13:22:33.213913       1 csi_handler.go:246] "Error processing" VolumeAttachment="csi-1794521112bc78b2adb4c6e9256f4ee581fac7b1d15d2f8c2f5050da241b0050" err="failed to attach: rpc error: code = Aborted desc = volume pvc-b65fd2e5-9cc8-468c-8530-0ddb94b526f1 is not ready for workloads"
2026-06-12T13:22:33.386442716Z I0612 13:22:33.386370       1 csi_handler.go:594] "Detached" VolumeAttachment="csi-528357b74b1126d1266e890515ba9f380bbb44eb1fa730ba83dbe7ee5e2b4140"
2026-06-12T13:22:34.207435125Z I0612 13:22:34.207298       1 csi_handler.go:264] "Attaching" VolumeAttachment="csi-1794521112bc78b2adb4c6e9256f4ee581fac7b1d15d2f8c2f5050da241b0050"
2026-06-12T13:22:34.221952812Z I0612 13:22:34.221882       1 csi_handler.go:246] "Error processing" VolumeAttachment="csi-1794521112bc78b2adb4c6e9256f4ee581fac7b1d15d2f8c2f5050da241b0050" err="failed to attach: rpc error: code = Aborted desc = volume pvc-b65fd2e5-9cc8-468c-8530-0ddb94b526f1 is not ready for workloads"
2026-06-12T13:22:38.222921949Z I0612 13:22:38.222800       1 csi_handler.go:264] "Attaching" VolumeAttachment="csi-1794521112bc78b2adb4c6e9256f4ee581fac7b1d15d2f8c2f5050da241b0050"
2026-06-12T13:22:38.236299142Z I0612 13:22:38.236226       1 csi_handler.go:246] "Error processing" VolumeAttachment="csi-1794521112bc78b2adb4c6e9256f4ee581fac7b1d15d2f8c2f5050da241b0050" err="failed to attach: rpc error: code = Aborted desc = volume pvc-b65fd2e5-9cc8-468c-8530-0ddb94b526f1 is not ready for workloads"
2026-06-12T13:22:46.236505409Z I0612 13:22:46.236330       1 csi_handler.go:264] "Attaching" VolumeAttachment="csi-1794521112bc78b2adb4c6e9256f4ee581fac7b1d15d2f8c2f5050da241b0050"
2026-06-12T13:22:46.250531216Z I0612 13:22:46.250431       1 csi_handler.go:246] "Error processing" VolumeAttachment="csi-1794521112bc78b2adb4c6e9256f4ee581fac7b1d15d2f8c2f5050da241b0050" err="failed to attach: rpc error: code = Aborted desc = volume pvc-b65fd2e5-9cc8-468c-8530-0ddb94b526f1 is not ready for workloads"
2026-06-12T13:23:02.250937575Z I0612 13:23:02.250818       1 csi_handler.go:264] "Attaching" VolumeAttachment="csi-1794521112bc78b2adb4c6e9256f4ee581fac7b1d15d2f8c2f5050da241b0050"
2026-06-12T13:23:12.380234535Z I0612 13:23:12.380047       1 csi_handler.go:276] "Attached" VolumeAttachment="csi-1794521112bc78b2adb4c6e9256f4ee581fac7b1d15d2f8c2f5050da241b0050"
2026-06-12T13:23:53.487628700Z E0612 13:23:53.487453       1 csi_handler.go:723] "Failed to remove finalizer from PersistentVolume" err="PersistentVolume \"pvc-bd17b15e-9f8f-4e20-bd08-492849c890a0\" is invalid: metadata.finalizers: Forbidden: no new finalizers can be added if the object is being deleted, found new finalizers []string{\"kubernetes.io/pv-protection\"}" PersistentVolume="pvc-bd17b15e-9f8f-4e20-bd08-492849c890a0"
2026-06-12T13:23:53.498590925Z I0612 13:23:53.498472       1 csi_handler.go:728] "Removed finalizer from PersistentVolume" PersistentVolume="pvc-bd17b15e-9f8f-4e20-bd08-492849c890a0"
2026-06-12T13:24:58.744534372Z I0612 13:24:58.744427       1 csi_handler.go:264] "Attaching" VolumeAttachment="csi-73c06c115cb26e2c6af00b56a6814daac91fe2f0ede349773b93b04905e6fd50"
2026-06-12T13:24:58.777826023Z I0612 13:24:58.777680       1 csi_handler.go:246] "Error processing" VolumeAttachment="csi-73c06c115cb26e2c6af00b56a6814daac91fe2f0ede349773b93b04905e6fd50" err="failed to attach: rpc error: code = Aborted desc = volume pvc-e72a08e1-a66d-43d5-a625-f45d058046b9 is not ready for workloads"
2026-06-12T13:24:58.777850844Z I0612 13:24:58.777742       1 csi_handler.go:264] "Attaching" VolumeAttachment="csi-73c06c115cb26e2c6af00b56a6814daac91fe2f0ede349773b93b04905e6fd50"
2026-06-12T13:24:58.784370529Z I0612 13:24:58.784285       1 csi_handler.go:246] "Error processing" VolumeAttachment="csi-73c06c115cb26e2c6af00b56a6814daac91fe2f0ede349773b93b04905e6fd50" err="failed to attach: rpc error: code = Aborted desc = volume pvc-e72a08e1-a66d-43d5-a625-f45d058046b9 is not ready for workloads"
2026-06-12T13:24:59.778372554Z I0612 13:24:59.778252       1 csi_handler.go:264] "Attaching" VolumeAttachment="csi-73c06c115cb26e2c6af00b56a6814daac91fe2f0ede349773b93b04905e6fd50"
2026-06-12T13:24:59.787722212Z I0612 13:24:59.787609       1 csi_handler.go:246] "Error processing" VolumeAttachment="csi-73c06c115cb26e2c6af00b56a6814daac91fe2f0ede349773b93b04905e6fd50" err="failed to attach: rpc error: code = Aborted desc = volume pvc-e72a08e1-a66d-43d5-a625-f45d058046b9 is not ready for workloads"
2026-06-12T13:25:03.787919255Z I0612 13:25:03.787796       1 csi_handler.go:264] "Attaching" VolumeAttachment="csi-73c06c115cb26e2c6af00b56a6814daac91fe2f0ede349773b93b04905e6fd50"
2026-06-12T13:25:03.799387259Z I0612 13:25:03.799307       1 csi_handler.go:246] "Error processing" VolumeAttachment="csi-73c06c115cb26e2c6af00b56a6814daac91fe2f0ede349773b93b04905e6fd50" err="failed to attach: rpc error: code = Aborted desc = volume pvc-e72a08e1-a66d-43d5-a625-f45d058046b9 is not ready for workloads"
2026-06-12T13:25:04.522384648Z I0612 13:25:04.522296       1 csi_handler.go:295] "Detaching" VolumeAttachment="csi-1794521112bc78b2adb4c6e9256f4ee581fac7b1d15d2f8c2f5050da241b0050"
2026-06-12T13:25:06.648819649Z I0612 13:25:06.648735       1 csi_handler.go:594] "Detached" VolumeAttachment="csi-1794521112bc78b2adb4c6e9256f4ee581fac7b1d15d2f8c2f5050da241b0050"
2026-06-12T13:25:11.800185441Z I0612 13:25:11.799988       1 csi_handler.go:264] "Attaching" VolumeAttachment="csi-73c06c115cb26e2c6af00b56a6814daac91fe2f0ede349773b93b04905e6fd50"
2026-06-12T13:25:11.811726646Z I0612 13:25:11.811608       1 csi_handler.go:246] "Error processing" VolumeAttachment="csi-73c06c115cb26e2c6af00b56a6814daac91fe2f0ede349773b93b04905e6fd50" err="failed to attach: rpc error: code = Aborted desc = volume pvc-e72a08e1-a66d-43d5-a625-f45d058046b9 is not ready for workloads"
2026-06-12T13:25:27.811896594Z I0612 13:25:27.811739       1 csi_handler.go:264] "Attaching" VolumeAttachment="csi-73c06c115cb26e2c6af00b56a6814daac91fe2f0ede349773b93b04905e6fd50"
2026-06-12T13:25:37.947408792Z I0612 13:25:37.947330       1 csi_handler.go:276] "Attached" VolumeAttachment="csi-73c06c115cb26e2c6af00b56a6814daac91fe2f0ede349773b93b04905e6fd50"
2026-06-12T13:26:14.159997568Z E0612 13:26:14.159876       1 csi_handler.go:723] "Failed to remove finalizer from PersistentVolume" err="PersistentVolume \"pvc-b65fd2e5-9cc8-468c-8530-0ddb94b526f1\" is invalid: metadata.finalizers: Forbidden: no new finalizers can be added if the object is being deleted, found new finalizers []string{\"kubernetes.io/pv-protection\"}" PersistentVolume="pvc-b65fd2e5-9cc8-468c-8530-0ddb94b526f1"
2026-06-12T13:26:14.169013550Z I0612 13:26:14.168914       1 csi_handler.go:728] "Removed finalizer from PersistentVolume" PersistentVolume="pvc-b65fd2e5-9cc8-468c-8530-0ddb94b526f1"
2026-06-12T13:27:27.263953944Z I0612 13:27:27.263813       1 csi_handler.go:295] "Detaching" VolumeAttachment="csi-73c06c115cb26e2c6af00b56a6814daac91fe2f0ede349773b93b04905e6fd50"
2026-06-12T13:27:29.390833193Z I0612 13:27:29.390707       1 csi_handler.go:594] "Detached" VolumeAttachment="csi-73c06c115cb26e2c6af00b56a6814daac91fe2f0ede349773b93b04905e6fd50"
2026-06-12T13:27:32.680824372Z E0612 13:27:32.680727       1 csi_handler.go:723] "Failed to remove finalizer from PersistentVolume" err="PersistentVolume \"pvc-e72a08e1-a66d-43d5-a625-f45d058046b9\" is invalid: metadata.finalizers: Forbidden: no new finalizers can be added if the object is being deleted, found new finalizers []string{\"kubernetes.io/pv-protection\"}" PersistentVolume="pvc-e72a08e1-a66d-43d5-a625-f45d058046b9"
2026-06-12T13:27:32.695429486Z I0612 13:27:32.695314       1 csi_handler.go:728] "Removed finalizer from PersistentVolume" PersistentVolume="pvc-e72a08e1-a66d-43d5-a625-f45d058046b9"
2026-06-12T13:27:32.994264602Z I0612 13:27:32.994163       1 csi_handler.go:264] "Attaching" VolumeAttachment="csi-81dc6fab94003efdd16a7c0273d19e7dc351b1773d320010b8e2e55c050056fa"
2026-06-12T13:27:43.138616570Z I0612 13:27:43.138534       1 csi_handler.go:276] "Attached" VolumeAttachment="csi-81dc6fab94003efdd16a7c0273d19e7dc351b1773d320010b8e2e55c050056fa"
2026-06-12T13:28:46.858624766Z I0612 13:28:46.858532       1 csi_handler.go:264] "Attaching" VolumeAttachment="csi-7b5916b5fde9cec88090e9cacb5bc63b7ad3863e347fae203f1282fb242ecd11"
2026-06-12T13:28:56.891578290Z I0612 13:28:56.891496       1 csi_handler.go:276] "Attached" VolumeAttachment="csi-7b5916b5fde9cec88090e9cacb5bc63b7ad3863e347fae203f1282fb242ecd11"
2026-06-12T13:29:20.247781624Z I0612 13:29:20.247668       1 csi_handler.go:295] "Detaching" VolumeAttachment="csi-81dc6fab94003efdd16a7c0273d19e7dc351b1773d320010b8e2e55c050056fa"
2026-06-12T13:29:22.374459454Z I0612 13:29:22.374319       1 csi_handler.go:594] "Detached" VolumeAttachment="csi-81dc6fab94003efdd16a7c0273d19e7dc351b1773d320010b8e2e55c050056fa"
2026-06-12T13:44:31.692376866Z I0612 13:44:31.692271       1 csi_handler.go:295] "Detaching" VolumeAttachment="csi-7b5916b5fde9cec88090e9cacb5bc63b7ad3863e347fae203f1282fb242ecd11"
2026-06-12T13:44:33.819531796Z I0612 13:44:33.819444       1 csi_handler.go:594] "Detached" VolumeAttachment="csi-7b5916b5fde9cec88090e9cacb5bc63b7ad3863e347fae203f1282fb242ecd11"
2026-06-12T13:44:34.402081617Z I0612 13:44:34.401945       1 csi_handler.go:264] "Attaching" VolumeAttachment="csi-4dbfa9925442bd0e934e0717fbd6a6ef30560633c4784647c325cf0297cfd8c9"
2026-06-12T13:44:35.251226432Z E0612 13:44:35.251083       1 csi_handler.go:723] "Failed to remove finalizer from PersistentVolume" err="PersistentVolume \"pvc-fc99736c-7bbb-4889-bd57-5284379e01d7\" is invalid: metadata.finalizers: Forbidden: no new finalizers can be added if the object is being deleted, found new finalizers []string{\"kubernetes.io/pv-protection\"}" PersistentVolume="pvc-fc99736c-7bbb-4889-bd57-5284379e01d7"
2026-06-12T13:44:35.263764409Z I0612 13:44:35.263654       1 csi_handler.go:728] "Removed finalizer from PersistentVolume" PersistentVolume="pvc-fc99736c-7bbb-4889-bd57-5284379e01d7"
2026-06-12T13:44:44.543774704Z I0612 13:44:44.543683       1 csi_handler.go:276] "Attached" VolumeAttachment="csi-4dbfa9925442bd0e934e0717fbd6a6ef30560633c4784647c325cf0297cfd8c9"
2026-06-12T13:44:44.557520465Z I0612 13:44:44.557410       1 csi_handler.go:264] "Attaching" VolumeAttachment="csi-4dbfa9925442bd0e934e0717fbd6a6ef30560633c4784647c325cf0297cfd8c9"
2026-06-12T13:44:46.578905416Z I0612 13:44:46.578773       1 csi_handler.go:276] "Attached" VolumeAttachment="csi-4dbfa9925442bd0e934e0717fbd6a6ef30560633c4784647c325cf0297cfd8c9"
2026-06-12T13:45:45.297904775Z I0612 13:45:45.297799       1 csi_handler.go:264] "Attaching" VolumeAttachment="csi-5af5f9a25e94f461290d4b871fbd9eb6ee899adc9f717bc7cffe1b56226e47e4"
2026-06-12T13:45:55.448103389Z I0612 13:45:55.447989       1 csi_handler.go:276] "Attached" VolumeAttachment="csi-5af5f9a25e94f461290d4b871fbd9eb6ee899adc9f717bc7cffe1b56226e47e4"
2026-06-12T13:46:19.727897932Z I0612 13:46:19.727737       1 csi_handler.go:295] "Detaching" VolumeAttachment="csi-4dbfa9925442bd0e934e0717fbd6a6ef30560633c4784647c325cf0297cfd8c9"
2026-06-12T13:46:21.855337591Z I0612 13:46:21.855252       1 csi_handler.go:594] "Detached" VolumeAttachment="csi-4dbfa9925442bd0e934e0717fbd6a6ef30560633c4784647c325cf0297cfd8c9"
2026-06-12T14:01:29.351367535Z I0612 14:01:29.351250       1 csi_handler.go:295] "Detaching" VolumeAttachment="csi-5af5f9a25e94f461290d4b871fbd9eb6ee899adc9f717bc7cffe1b56226e47e4"
2026-06-12T14:01:31.454581573Z I0612 14:01:31.454473       1 csi_handler.go:264] "Attaching" VolumeAttachment="csi-90c54ca3c06ae629bad47653eff4831aa05e78eb42765a220f050e8103d74e64"
2026-06-12T14:01:31.473481771Z I0612 14:01:31.473392       1 csi_handler.go:594] "Detached" VolumeAttachment="csi-5af5f9a25e94f461290d4b871fbd9eb6ee899adc9f717bc7cffe1b56226e47e4"
2026-06-12T14:01:35.430960551Z I0612 14:01:35.430840       1 csi_handler.go:728] "Removed finalizer from PersistentVolume" PersistentVolume="pvc-381c3168-a998-4900-b894-56292706c57a"
2026-06-12T14:01:41.598962187Z I0612 14:01:41.598798       1 csi_handler.go:276] "Attached" VolumeAttachment="csi-90c54ca3c06ae629bad47653eff4831aa05e78eb42765a220f050e8103d74e64"
2026-06-12T14:07:25.826987037Z I0612 14:07:25.826815       1 csi_handler.go:295] "Detaching" VolumeAttachment="csi-90c54ca3c06ae629bad47653eff4831aa05e78eb42765a220f050e8103d74e64"
2026-06-12T14:07:26.026671660Z I0612 14:07:26.026572       1 csi_handler.go:264] "Attaching" VolumeAttachment="csi-f44d10ff44a66916278a06063802ef3a3a1a5a2bb5e63fb7b18c02762a3aed92"
2026-06-12T14:07:26.055457891Z I0612 14:07:26.055362       1 csi_handler.go:246] "Error processing" VolumeAttachment="csi-f44d10ff44a66916278a06063802ef3a3a1a5a2bb5e63fb7b18c02762a3aed92" err="failed to attach: rpc error: code = Aborted desc = volume pvc-b4348b97-3df4-4e70-83a5-61678849cfcf is not ready for workloads"
2026-06-12T14:07:26.055479055Z I0612 14:07:26.055415       1 csi_handler.go:264] "Attaching" VolumeAttachment="csi-f44d10ff44a66916278a06063802ef3a3a1a5a2bb5e63fb7b18c02762a3aed92"
2026-06-12T14:07:26.063294035Z I0612 14:07:26.063201       1 csi_handler.go:246] "Error processing" VolumeAttachment="csi-f44d10ff44a66916278a06063802ef3a3a1a5a2bb5e63fb7b18c02762a3aed92" err="failed to attach: rpc error: code = Aborted desc = volume pvc-b4348b97-3df4-4e70-83a5-61678849cfcf is not ready for workloads"
2026-06-12T14:07:27.056579811Z I0612 14:07:27.056429       1 csi_handler.go:264] "Attaching" VolumeAttachment="csi-f44d10ff44a66916278a06063802ef3a3a1a5a2bb5e63fb7b18c02762a3aed92"
2026-06-12T14:07:27.070331611Z I0612 14:07:27.070213       1 csi_handler.go:246] "Error processing" VolumeAttachment="csi-f44d10ff44a66916278a06063802ef3a3a1a5a2bb5e63fb7b18c02762a3aed92" err="failed to attach: rpc error: code = Aborted desc = volume pvc-b4348b97-3df4-4e70-83a5-61678849cfcf is not ready for workloads"
2026-06-12T14:07:27.850608497Z I0612 14:07:27.850506       1 csi_handler.go:594] "Detached" VolumeAttachment="csi-90c54ca3c06ae629bad47653eff4831aa05e78eb42765a220f050e8103d74e64"
2026-06-12T14:07:31.071090551Z I0612 14:07:31.070970       1 csi_handler.go:264] "Attaching" VolumeAttachment="csi-f44d10ff44a66916278a06063802ef3a3a1a5a2bb5e63fb7b18c02762a3aed92"
2026-06-12T14:07:31.081275551Z I0612 14:07:31.081182       1 csi_handler.go:246] "Error processing" VolumeAttachment="csi-f44d10ff44a66916278a06063802ef3a3a1a5a2bb5e63fb7b18c02762a3aed92" err="failed to attach: rpc error: code = Aborted desc = volume pvc-b4348b97-3df4-4e70-83a5-61678849cfcf is not ready for workloads"
2026-06-12T14:07:39.081834279Z I0612 14:07:39.081701       1 csi_handler.go:264] "Attaching" VolumeAttachment="csi-f44d10ff44a66916278a06063802ef3a3a1a5a2bb5e63fb7b18c02762a3aed92"
2026-06-12T14:07:39.091826428Z I0612 14:07:39.091741       1 csi_handler.go:246] "Error processing" VolumeAttachment="csi-f44d10ff44a66916278a06063802ef3a3a1a5a2bb5e63fb7b18c02762a3aed92" err="failed to attach: rpc error: code = Aborted desc = volume pvc-b4348b97-3df4-4e70-83a5-61678849cfcf is not ready for workloads"
2026-06-12T14:07:55.092579734Z I0612 14:07:55.092404       1 csi_handler.go:264] "Attaching" VolumeAttachment="csi-f44d10ff44a66916278a06063802ef3a3a1a5a2bb5e63fb7b18c02762a3aed92"
2026-06-12T14:08:05.215283687Z I0612 14:08:05.215216       1 csi_handler.go:276] "Attached" VolumeAttachment="csi-f44d10ff44a66916278a06063802ef3a3a1a5a2bb5e63fb7b18c02762a3aed92"
2026-06-12T14:08:41.297146533Z E0612 14:08:41.297007       1 csi_handler.go:723] "Failed to remove finalizer from PersistentVolume" err="PersistentVolume \"pvc-7a0ed7c0-c7be-4a5d-8463-85bf5aa5ac6d\" is invalid: metadata.finalizers: Forbidden: no new finalizers can be added if the object is being deleted, found new finalizers []string{\"kubernetes.io/pv-protection\"}" PersistentVolume="pvc-7a0ed7c0-c7be-4a5d-8463-85bf5aa5ac6d"
2026-06-12T14:08:41.306764394Z I0612 14:08:41.306633       1 csi_handler.go:728] "Removed finalizer from PersistentVolume" PersistentVolume="pvc-7a0ed7c0-c7be-4a5d-8463-85bf5aa5ac6d"
2026-06-12T14:09:57.636222689Z I0612 14:09:57.636115       1 csi_handler.go:264] "Attaching" VolumeAttachment="csi-62009d155c1517a59b0e48e5dbf6c2f853033b734d45720c5a43b2f7720b47f5"
2026-06-12T14:09:57.664234644Z I0612 14:09:57.664145       1 csi_handler.go:246] "Error processing" VolumeAttachment="csi-62009d155c1517a59b0e48e5dbf6c2f853033b734d45720c5a43b2f7720b47f5" err="failed to attach: rpc error: code = Aborted desc = volume pvc-2ecb6e95-2465-447d-a717-f8e88b5f2f23 is not ready for workloads"
2026-06-12T14:09:57.664254317Z I0612 14:09:57.664202       1 csi_handler.go:264] "Attaching" VolumeAttachment="csi-62009d155c1517a59b0e48e5dbf6c2f853033b734d45720c5a43b2f7720b47f5"
2026-06-12T14:09:57.671210217Z I0612 14:09:57.671076       1 csi_handler.go:246] "Error processing" VolumeAttachment="csi-62009d155c1517a59b0e48e5dbf6c2f853033b734d45720c5a43b2f7720b47f5" err="failed to attach: rpc error: code = Aborted desc = volume pvc-2ecb6e95-2465-447d-a717-f8e88b5f2f23 is not ready for workloads"
2026-06-12T14:09:58.665229862Z I0612 14:09:58.665076       1 csi_handler.go:264] "Attaching" VolumeAttachment="csi-62009d155c1517a59b0e48e5dbf6c2f853033b734d45720c5a43b2f7720b47f5"
2026-06-12T14:09:58.683533963Z I0612 14:09:58.683466       1 csi_handler.go:246] "Error processing" VolumeAttachment="csi-62009d155c1517a59b0e48e5dbf6c2f853033b734d45720c5a43b2f7720b47f5" err="failed to attach: rpc error: code = Aborted desc = volume pvc-2ecb6e95-2465-447d-a717-f8e88b5f2f23 is not ready for workloads"
2026-06-12T14:09:58.926445043Z I0612 14:09:58.926286       1 csi_handler.go:295] "Detaching" VolumeAttachment="csi-f44d10ff44a66916278a06063802ef3a3a1a5a2bb5e63fb7b18c02762a3aed92"
2026-06-12T14:10:01.047288306Z I0612 14:10:01.047198       1 csi_handler.go:594] "Detached" VolumeAttachment="csi-f44d10ff44a66916278a06063802ef3a3a1a5a2bb5e63fb7b18c02762a3aed92"
2026-06-12T14:10:02.683761472Z I0612 14:10:02.683609       1 csi_handler.go:264] "Attaching" VolumeAttachment="csi-62009d155c1517a59b0e48e5dbf6c2f853033b734d45720c5a43b2f7720b47f5"
2026-06-12T14:10:02.702232122Z I0612 14:10:02.702133       1 csi_handler.go:246] "Error processing" VolumeAttachment="csi-62009d155c1517a59b0e48e5dbf6c2f853033b734d45720c5a43b2f7720b47f5" err="failed to attach: rpc error: code = Aborted desc = volume pvc-2ecb6e95-2465-447d-a717-f8e88b5f2f23 is not ready for workloads"
2026-06-12T14:10:10.703090657Z I0612 14:10:10.702912       1 csi_handler.go:264] "Attaching" VolumeAttachment="csi-62009d155c1517a59b0e48e5dbf6c2f853033b734d45720c5a43b2f7720b47f5"
2026-06-12T14:10:10.713450649Z I0612 14:10:10.713349       1 csi_handler.go:246] "Error processing" VolumeAttachment="csi-62009d155c1517a59b0e48e5dbf6c2f853033b734d45720c5a43b2f7720b47f5" err="failed to attach: rpc error: code = Aborted desc = volume pvc-2ecb6e95-2465-447d-a717-f8e88b5f2f23 is not ready for workloads"
2026-06-12T14:10:26.713665150Z I0612 14:10:26.713477       1 csi_handler.go:264] "Attaching" VolumeAttachment="csi-62009d155c1517a59b0e48e5dbf6c2f853033b734d45720c5a43b2f7720b47f5"
2026-06-12T14:10:36.839157457Z I0612 14:10:36.839080       1 csi_handler.go:276] "Attached" VolumeAttachment="csi-62009d155c1517a59b0e48e5dbf6c2f853033b734d45720c5a43b2f7720b47f5"
2026-06-12T14:11:17.817702031Z E0612 14:11:17.817584       1 csi_handler.go:723] "Failed to remove finalizer from PersistentVolume" err="PersistentVolume \"pvc-b4348b97-3df4-4e70-83a5-61678849cfcf\" is invalid: metadata.finalizers: Forbidden: no new finalizers can be added if the object is being deleted, found new finalizers []string{\"kubernetes.io/pv-protection\"}" PersistentVolume="pvc-b4348b97-3df4-4e70-83a5-61678849cfcf"
2026-06-12T14:11:17.828781209Z I0612 14:11:17.828700       1 csi_handler.go:728] "Removed finalizer from PersistentVolume" PersistentVolume="pvc-b4348b97-3df4-4e70-83a5-61678849cfcf"
2026-06-12T14:12:30.331352937Z I0612 14:12:30.331244       1 csi_handler.go:264] "Attaching" VolumeAttachment="csi-e69f845b90813864f56ec92847364cb4072e0397c0292b01b89b567a9110f3ca"
2026-06-12T14:12:30.364888869Z I0612 14:12:30.364803       1 csi_handler.go:246] "Error processing" VolumeAttachment="csi-e69f845b90813864f56ec92847364cb4072e0397c0292b01b89b567a9110f3ca" err="failed to attach: rpc error: code = Aborted desc = volume pvc-521be257-d0fd-4497-b6cc-5c8d5f8c844c is not ready for workloads"
2026-06-12T14:12:30.364911555Z I0612 14:12:30.364856       1 csi_handler.go:264] "Attaching" VolumeAttachment="csi-e69f845b90813864f56ec92847364cb4072e0397c0292b01b89b567a9110f3ca"
2026-06-12T14:12:30.378151185Z I0612 14:12:30.377992       1 csi_handler.go:246] "Error processing" VolumeAttachment="csi-e69f845b90813864f56ec92847364cb4072e0397c0292b01b89b567a9110f3ca" err="failed to attach: rpc error: code = Aborted desc = volume pvc-521be257-d0fd-4497-b6cc-5c8d5f8c844c is not ready for workloads"
2026-06-12T14:12:31.365867912Z I0612 14:12:31.365697       1 csi_handler.go:264] "Attaching" VolumeAttachment="csi-e69f845b90813864f56ec92847364cb4072e0397c0292b01b89b567a9110f3ca"
2026-06-12T14:12:31.388868998Z I0612 14:12:31.388773       1 csi_handler.go:246] "Error processing" VolumeAttachment="csi-e69f845b90813864f56ec92847364cb4072e0397c0292b01b89b567a9110f3ca" err="failed to attach: rpc error: code = Aborted desc = volume pvc-521be257-d0fd-4497-b6cc-5c8d5f8c844c is not ready for workloads"
2026-06-12T14:12:31.684560852Z I0612 14:12:31.684464       1 csi_handler.go:295] "Detaching" VolumeAttachment="csi-62009d155c1517a59b0e48e5dbf6c2f853033b734d45720c5a43b2f7720b47f5"
2026-06-12T14:12:33.810548616Z I0612 14:12:33.810431       1 csi_handler.go:594] "Detached" VolumeAttachment="csi-62009d155c1517a59b0e48e5dbf6c2f853033b734d45720c5a43b2f7720b47f5"
2026-06-12T14:12:35.389215954Z I0612 14:12:35.389055       1 csi_handler.go:264] "Attaching" VolumeAttachment="csi-e69f845b90813864f56ec92847364cb4072e0397c0292b01b89b567a9110f3ca"
2026-06-12T14:12:35.400717294Z I0612 14:12:35.400600       1 csi_handler.go:246] "Error processing" VolumeAttachment="csi-e69f845b90813864f56ec92847364cb4072e0397c0292b01b89b567a9110f3ca" err="failed to attach: rpc error: code = Aborted desc = volume pvc-521be257-d0fd-4497-b6cc-5c8d5f8c844c is not ready for workloads"
2026-06-12T14:12:43.401800258Z I0612 14:12:43.401622       1 csi_handler.go:264] "Attaching" VolumeAttachment="csi-e69f845b90813864f56ec92847364cb4072e0397c0292b01b89b567a9110f3ca"
2026-06-12T14:12:43.424462423Z I0612 14:12:43.424359       1 csi_handler.go:246] "Error processing" VolumeAttachment="csi-e69f845b90813864f56ec92847364cb4072e0397c0292b01b89b567a9110f3ca" err="failed to attach: rpc error: code = Aborted desc = volume pvc-521be257-d0fd-4497-b6cc-5c8d5f8c844c is not ready for workloads"
2026-06-12T14:12:59.424842492Z I0612 14:12:59.424620       1 csi_handler.go:264] "Attaching" VolumeAttachment="csi-e69f845b90813864f56ec92847364cb4072e0397c0292b01b89b567a9110f3ca"
2026-06-12T14:13:09.556424673Z I0612 14:13:09.556309       1 csi_handler.go:276] "Attached" VolumeAttachment="csi-e69f845b90813864f56ec92847364cb4072e0397c0292b01b89b567a9110f3ca"
2026-06-12T14:13:50.696637638Z E0612 14:13:50.696486       1 csi_handler.go:723] "Failed to remove finalizer from PersistentVolume" err="PersistentVolume \"pvc-2ecb6e95-2465-447d-a717-f8e88b5f2f23\" is invalid: metadata.finalizers: Forbidden: no new finalizers can be added if the object is being deleted, found new finalizers []string{\"kubernetes.io/pv-protection\"}" PersistentVolume="pvc-2ecb6e95-2465-447d-a717-f8e88b5f2f23"
2026-06-12T14:13:50.712424648Z I0612 14:13:50.712291       1 csi_handler.go:728] "Removed finalizer from PersistentVolume" PersistentVolume="pvc-2ecb6e95-2465-447d-a717-f8e88b5f2f23"
2026-06-12T14:15:04.719257140Z I0612 14:15:04.719058       1 csi_handler.go:264] "Attaching" VolumeAttachment="csi-10005c514889805ca25223abc8643a5b829cf1eff4c59600c8efb59c73bb463f"
2026-06-12T14:15:04.866350997Z I0612 14:15:04.866257       1 csi_handler.go:295] "Detaching" VolumeAttachment="csi-e69f845b90813864f56ec92847364cb4072e0397c0292b01b89b567a9110f3ca"
2026-06-12T14:15:06.986592494Z I0612 14:15:06.986489       1 csi_handler.go:594] "Detached" VolumeAttachment="csi-e69f845b90813864f56ec92847364cb4072e0397c0292b01b89b567a9110f3ca"
2026-06-12T14:15:11.519218938Z E0612 14:15:11.519056       1 csi_handler.go:723] "Failed to remove finalizer from PersistentVolume" err="PersistentVolume \"pvc-521be257-d0fd-4497-b6cc-5c8d5f8c844c\" is invalid: metadata.finalizers: Forbidden: no new finalizers can be added if the object is being deleted, found new finalizers []string{\"kubernetes.io/pv-protection\"}" PersistentVolume="pvc-521be257-d0fd-4497-b6cc-5c8d5f8c844c"
2026-06-12T14:15:11.529914468Z I0612 14:15:11.529794       1 csi_handler.go:728] "Removed finalizer from PersistentVolume" PersistentVolume="pvc-521be257-d0fd-4497-b6cc-5c8d5f8c844c"
2026-06-12T14:15:14.870091025Z I0612 14:15:14.869990       1 csi_handler.go:276] "Attached" VolumeAttachment="csi-10005c514889805ca25223abc8643a5b829cf1eff4c59600c8efb59c73bb463f"
2026-06-12T14:20:56.719461042Z I0612 14:20:56.719327       1 csi_handler.go:264] "Attaching" VolumeAttachment="csi-756371d1be5195e34664ede8fa7a44a9bf6eb5aba5470247fc7d6ac35f067db3"
2026-06-12T14:20:56.754904504Z I0612 14:20:56.754798       1 csi_handler.go:246] "Error processing" VolumeAttachment="csi-756371d1be5195e34664ede8fa7a44a9bf6eb5aba5470247fc7d6ac35f067db3" err="failed to attach: rpc error: code = Aborted desc = volume pvc-f597ff36-42dd-460b-a137-6382e2099a59 is not ready for workloads"
2026-06-12T14:20:56.754924469Z I0612 14:20:56.754859       1 csi_handler.go:264] "Attaching" VolumeAttachment="csi-756371d1be5195e34664ede8fa7a44a9bf6eb5aba5470247fc7d6ac35f067db3"
2026-06-12T14:20:56.764341086Z I0612 14:20:56.764218       1 csi_handler.go:246] "Error processing" VolumeAttachment="csi-756371d1be5195e34664ede8fa7a44a9bf6eb5aba5470247fc7d6ac35f067db3" err="failed to attach: rpc error: code = Aborted desc = volume pvc-f597ff36-42dd-460b-a137-6382e2099a59 is not ready for workloads"
2026-06-12T14:20:57.756096152Z I0612 14:20:57.755917       1 csi_handler.go:264] "Attaching" VolumeAttachment="csi-756371d1be5195e34664ede8fa7a44a9bf6eb5aba5470247fc7d6ac35f067db3"
2026-06-12T14:20:57.777060397Z I0612 14:20:57.776974       1 csi_handler.go:246] "Error processing" VolumeAttachment="csi-756371d1be5195e34664ede8fa7a44a9bf6eb5aba5470247fc7d6ac35f067db3" err="failed to attach: rpc error: code = Aborted desc = volume pvc-f597ff36-42dd-460b-a137-6382e2099a59 is not ready for workloads"
2026-06-12T14:21:01.777962227Z I0612 14:21:01.777806       1 csi_handler.go:264] "Attaching" VolumeAttachment="csi-756371d1be5195e34664ede8fa7a44a9bf6eb5aba5470247fc7d6ac35f067db3"
2026-06-12T14:21:01.794984033Z I0612 14:21:01.794840       1 csi_handler.go:246] "Error processing" VolumeAttachment="csi-756371d1be5195e34664ede8fa7a44a9bf6eb5aba5470247fc7d6ac35f067db3" err="failed to attach: rpc error: code = Aborted desc = volume pvc-f597ff36-42dd-460b-a137-6382e2099a59 is not ready for workloads"
2026-06-12T14:21:03.097493824Z I0612 14:21:03.097255       1 csi_handler.go:295] "Detaching" VolumeAttachment="csi-10005c514889805ca25223abc8643a5b829cf1eff4c59600c8efb59c73bb463f"
2026-06-12T14:21:05.230691143Z I0612 14:21:05.230614       1 csi_handler.go:594] "Detached" VolumeAttachment="csi-10005c514889805ca25223abc8643a5b829cf1eff4c59600c8efb59c73bb463f"
2026-06-12T14:21:09.795953920Z I0612 14:21:09.795785       1 csi_handler.go:264] "Attaching" VolumeAttachment="csi-756371d1be5195e34664ede8fa7a44a9bf6eb5aba5470247fc7d6ac35f067db3"
2026-06-12T14:21:09.821319227Z I0612 14:21:09.821211       1 csi_handler.go:246] "Error processing" VolumeAttachment="csi-756371d1be5195e34664ede8fa7a44a9bf6eb5aba5470247fc7d6ac35f067db3" err="failed to attach: rpc error: code = Aborted desc = volume pvc-f597ff36-42dd-460b-a137-6382e2099a59 is not ready for workloads"
2026-06-12T14:21:25.821859816Z I0612 14:21:25.821709       1 csi_handler.go:264] "Attaching" VolumeAttachment="csi-756371d1be5195e34664ede8fa7a44a9bf6eb5aba5470247fc7d6ac35f067db3"
2026-06-12T14:21:35.952995760Z I0612 14:21:35.952922       1 csi_handler.go:276] "Attached" VolumeAttachment="csi-756371d1be5195e34664ede8fa7a44a9bf6eb5aba5470247fc7d6ac35f067db3"
2026-06-12T14:22:12.041860944Z E0612 14:22:12.041730       1 csi_handler.go:723] "Failed to remove finalizer from PersistentVolume" err="PersistentVolume \"pvc-7be87b50-c464-463c-a5f2-113d62a15c62\" is invalid: metadata.finalizers: Forbidden: no new finalizers can be added if the object is being deleted, found new finalizers []string{\"kubernetes.io/pv-protection\"}" PersistentVolume="pvc-7be87b50-c464-463c-a5f2-113d62a15c62"
2026-06-12T14:22:12.052368194Z I0612 14:22:12.052274       1 csi_handler.go:728] "Removed finalizer from PersistentVolume" PersistentVolume="pvc-7be87b50-c464-463c-a5f2-113d62a15c62"
2026-06-12T14:23:24.965765636Z I0612 14:23:24.965677       1 csi_handler.go:264] "Attaching" VolumeAttachment="csi-fff7689d4da32463e03187161ce0b7b157393a0ff791eb373b5ca8449521c957"
2026-06-12T14:23:24.991957077Z I0612 14:23:24.991867       1 csi_handler.go:246] "Error processing" VolumeAttachment="csi-fff7689d4da32463e03187161ce0b7b157393a0ff791eb373b5ca8449521c957" err="failed to attach: rpc error: code = Aborted desc = volume pvc-3b5b3574-556d-455d-a9ac-c1b993d97c57 is not ready for workloads"
2026-06-12T14:23:24.991976799Z I0612 14:23:24.991919       1 csi_handler.go:264] "Attaching" VolumeAttachment="csi-fff7689d4da32463e03187161ce0b7b157393a0ff791eb373b5ca8449521c957"
2026-06-12T14:23:25.001214379Z I0612 14:23:25.001086       1 csi_handler.go:246] "Error processing" VolumeAttachment="csi-fff7689d4da32463e03187161ce0b7b157393a0ff791eb373b5ca8449521c957" err="failed to attach: rpc error: code = Aborted desc = volume pvc-3b5b3574-556d-455d-a9ac-c1b993d97c57 is not ready for workloads"
2026-06-12T14:23:25.992889228Z I0612 14:23:25.992721       1 csi_handler.go:264] "Attaching" VolumeAttachment="csi-fff7689d4da32463e03187161ce0b7b157393a0ff791eb373b5ca8449521c957"
2026-06-12T14:23:26.008274567Z I0612 14:23:26.008166       1 csi_handler.go:246] "Error processing" VolumeAttachment="csi-fff7689d4da32463e03187161ce0b7b157393a0ff791eb373b5ca8449521c957" err="failed to attach: rpc error: code = Aborted desc = volume pvc-3b5b3574-556d-455d-a9ac-c1b993d97c57 is not ready for workloads"
2026-06-12T14:23:26.118123266Z I0612 14:23:26.118022       1 csi_handler.go:295] "Detaching" VolumeAttachment="csi-756371d1be5195e34664ede8fa7a44a9bf6eb5aba5470247fc7d6ac35f067db3"
2026-06-12T14:23:28.246883268Z I0612 14:23:28.246787       1 csi_handler.go:594] "Detached" VolumeAttachment="csi-756371d1be5195e34664ede8fa7a44a9bf6eb5aba5470247fc7d6ac35f067db3"
2026-06-12T14:23:29.087153949Z I0612 14:23:29.087021       1 csi_handler.go:264] "Attaching" VolumeAttachment="csi-fff7689d4da32463e03187161ce0b7b157393a0ff791eb373b5ca8449521c957"
2026-06-12T14:23:29.108848831Z I0612 14:23:29.108772       1 csi_handler.go:246] "Error processing" VolumeAttachment="csi-fff7689d4da32463e03187161ce0b7b157393a0ff791eb373b5ca8449521c957" err="failed to attach: rpc error: code = Aborted desc = volume pvc-3b5b3574-556d-455d-a9ac-c1b993d97c57 is not ready for workloads"
2026-06-12T14:23:30.008794626Z I0612 14:23:30.008559       1 csi_handler.go:264] "Attaching" VolumeAttachment="csi-fff7689d4da32463e03187161ce0b7b157393a0ff791eb373b5ca8449521c957"
2026-06-12T14:23:30.030076352Z I0612 14:23:30.029957       1 csi_handler.go:246] "Error processing" VolumeAttachment="csi-fff7689d4da32463e03187161ce0b7b157393a0ff791eb373b5ca8449521c957" err="failed to attach: rpc error: code = Aborted desc = volume pvc-3b5b3574-556d-455d-a9ac-c1b993d97c57 is not ready for workloads"
2026-06-12T14:23:46.031123876Z I0612 14:23:46.030976       1 csi_handler.go:264] "Attaching" VolumeAttachment="csi-fff7689d4da32463e03187161ce0b7b157393a0ff791eb373b5ca8449521c957"
2026-06-12T14:23:46.048116011Z I0612 14:23:46.048036       1 csi_handler.go:246] "Error processing" VolumeAttachment="csi-fff7689d4da32463e03187161ce0b7b157393a0ff791eb373b5ca8449521c957" err="failed to attach: rpc error: code = Aborted desc = volume pvc-3b5b3574-556d-455d-a9ac-c1b993d97c57 is not ready for workloads"
2026-06-12T14:24:18.049003881Z I0612 14:24:18.048771       1 csi_handler.go:264] "Attaching" VolumeAttachment="csi-fff7689d4da32463e03187161ce0b7b157393a0ff791eb373b5ca8449521c957"
2026-06-12T14:24:28.187922922Z I0612 14:24:28.187852       1 csi_handler.go:276] "Attached" VolumeAttachment="csi-fff7689d4da32463e03187161ce0b7b157393a0ff791eb373b5ca8449521c957"
2026-06-12T14:24:45.320284275Z E0612 14:24:45.320128       1 csi_handler.go:723] "Failed to remove finalizer from PersistentVolume" err="PersistentVolume \"pvc-f597ff36-42dd-460b-a137-6382e2099a59\" is invalid: metadata.finalizers: Forbidden: no new finalizers can be added if the object is being deleted, found new finalizers []string{\"kubernetes.io/pv-protection\"}" PersistentVolume="pvc-f597ff36-42dd-460b-a137-6382e2099a59"
2026-06-12T14:24:45.326351135Z I0612 14:24:45.326213       1 csi_handler.go:728] "Removed finalizer from PersistentVolume" PersistentVolume="pvc-f597ff36-42dd-460b-a137-6382e2099a59"
2026-06-12T14:25:56.797287955Z I0612 14:25:56.797156       1 csi_handler.go:264] "Attaching" VolumeAttachment="csi-b6a9bff3bf8825bcf25e221471792b53e527b1d6fcea500945efce661f0c39b0"
2026-06-12T14:25:56.829228392Z I0612 14:25:56.829141       1 csi_handler.go:246] "Error processing" VolumeAttachment="csi-b6a9bff3bf8825bcf25e221471792b53e527b1d6fcea500945efce661f0c39b0" err="failed to attach: rpc error: code = Aborted desc = volume pvc-4fe35d48-9dc8-42b1-89cc-1546ad300cb0 is not ready for workloads"
2026-06-12T14:25:56.829248393Z I0612 14:25:56.829190       1 csi_handler.go:264] "Attaching" VolumeAttachment="csi-b6a9bff3bf8825bcf25e221471792b53e527b1d6fcea500945efce661f0c39b0"
2026-06-12T14:25:56.838282040Z I0612 14:25:56.838193       1 csi_handler.go:246] "Error processing" VolumeAttachment="csi-b6a9bff3bf8825bcf25e221471792b53e527b1d6fcea500945efce661f0c39b0" err="failed to attach: rpc error: code = Aborted desc = volume pvc-4fe35d48-9dc8-42b1-89cc-1546ad300cb0 is not ready for workloads"
2026-06-12T14:25:57.829600299Z I0612 14:25:57.829480       1 csi_handler.go:264] "Attaching" VolumeAttachment="csi-b6a9bff3bf8825bcf25e221471792b53e527b1d6fcea500945efce661f0c39b0"
2026-06-12T14:25:57.854118395Z I0612 14:25:57.854044       1 csi_handler.go:246] "Error processing" VolumeAttachment="csi-b6a9bff3bf8825bcf25e221471792b53e527b1d6fcea500945efce661f0c39b0" err="failed to attach: rpc error: code = Aborted desc = volume pvc-4fe35d48-9dc8-42b1-89cc-1546ad300cb0 is not ready for workloads"
2026-06-12T14:25:59.767394585Z I0612 14:25:59.767066       1 csi_handler.go:295] "Detaching" VolumeAttachment="csi-fff7689d4da32463e03187161ce0b7b157393a0ff791eb373b5ca8449521c957"
2026-06-12T14:26:01.854341284Z I0612 14:26:01.854197       1 csi_handler.go:264] "Attaching" VolumeAttachment="csi-b6a9bff3bf8825bcf25e221471792b53e527b1d6fcea500945efce661f0c39b0"
2026-06-12T14:26:01.867375365Z I0612 14:26:01.867261       1 csi_handler.go:246] "Error processing" VolumeAttachment="csi-b6a9bff3bf8825bcf25e221471792b53e527b1d6fcea500945efce661f0c39b0" err="failed to attach: rpc error: code = Aborted desc = volume pvc-4fe35d48-9dc8-42b1-89cc-1546ad300cb0 is not ready for workloads"
2026-06-12T14:26:01.895212093Z I0612 14:26:01.895158       1 csi_handler.go:594] "Detached" VolumeAttachment="csi-fff7689d4da32463e03187161ce0b7b157393a0ff791eb373b5ca8449521c957"
2026-06-12T14:26:09.867945396Z I0612 14:26:09.867813       1 csi_handler.go:264] "Attaching" VolumeAttachment="csi-b6a9bff3bf8825bcf25e221471792b53e527b1d6fcea500945efce661f0c39b0"
2026-06-12T14:26:09.894446162Z I0612 14:26:09.894303       1 csi_handler.go:246] "Error processing" VolumeAttachment="csi-b6a9bff3bf8825bcf25e221471792b53e527b1d6fcea500945efce661f0c39b0" err="failed to attach: rpc error: code = Aborted desc = volume pvc-4fe35d48-9dc8-42b1-89cc-1546ad300cb0 is not ready for workloads"
2026-06-12T14:26:25.895484401Z I0612 14:26:25.895329       1 csi_handler.go:264] "Attaching" VolumeAttachment="csi-b6a9bff3bf8825bcf25e221471792b53e527b1d6fcea500945efce661f0c39b0"
2026-06-12T14:26:36.036792915Z I0612 14:26:36.036696       1 csi_handler.go:276] "Attached" VolumeAttachment="csi-b6a9bff3bf8825bcf25e221471792b53e527b1d6fcea500945efce661f0c39b0"
2026-06-12T14:27:17.068965993Z E0612 14:27:17.068835       1 csi_handler.go:723] "Failed to remove finalizer from PersistentVolume" err="PersistentVolume \"pvc-3b5b3574-556d-455d-a9ac-c1b993d97c57\" is invalid: metadata.finalizers: Forbidden: no new finalizers can be added if the object is being deleted, found new finalizers []string{\"kubernetes.io/pv-protection\"}" PersistentVolume="pvc-3b5b3574-556d-455d-a9ac-c1b993d97c57"
2026-06-12T14:27:17.079509516Z I0612 14:27:17.079368       1 csi_handler.go:728] "Removed finalizer from PersistentVolume" PersistentVolume="pvc-3b5b3574-556d-455d-a9ac-c1b993d97c57"
2026-06-12T14:28:23.092984810Z I0612 14:28:23.092876       1 csi_handler.go:295] "Detaching" VolumeAttachment="csi-b6a9bff3bf8825bcf25e221471792b53e527b1d6fcea500945efce661f0c39b0"
2026-06-12T14:28:25.219495922Z I0612 14:28:25.219382       1 csi_handler.go:594] "Detached" VolumeAttachment="csi-b6a9bff3bf8825bcf25e221471792b53e527b1d6fcea500945efce661f0c39b0"
2026-06-12T14:28:26.870712007Z E0612 14:28:26.870537       1 csi_handler.go:723] "Failed to remove finalizer from PersistentVolume" err="PersistentVolume \"pvc-4fe35d48-9dc8-42b1-89cc-1546ad300cb0\" is invalid: metadata.finalizers: Forbidden: no new finalizers can be added if the object is being deleted, found new finalizers []string{\"kubernetes.io/pv-protection\"}" PersistentVolume="pvc-4fe35d48-9dc8-42b1-89cc-1546ad300cb0"
2026-06-12T14:28:26.881021045Z I0612 14:28:26.880936       1 csi_handler.go:728] "Removed finalizer from PersistentVolume" PersistentVolume="pvc-4fe35d48-9dc8-42b1-89cc-1546ad300cb0"
2026-06-12T14:34:16.565203751Z I0612 14:34:16.565091       1 csi_handler.go:264] "Attaching" VolumeAttachment="csi-13820931df5285e380f4b995ba84d1e7bad96e9e36a09a8c08dea752bf3045cc"
2026-06-12T14:34:26.714555339Z I0612 14:34:26.714460       1 csi_handler.go:276] "Attached" VolumeAttachment="csi-13820931df5285e380f4b995ba84d1e7bad96e9e36a09a8c08dea752bf3045cc"
2026-06-12T14:35:46.678683353Z I0612 14:35:46.678574       1 csi_handler.go:264] "Attaching" VolumeAttachment="csi-844e81c2866930cf0474e33500be55f7b0b2277953e1c2cac70f6a4fe231bec7"
2026-06-12T14:35:56.811313787Z I0612 14:35:56.811221       1 csi_handler.go:276] "Attached" VolumeAttachment="csi-844e81c2866930cf0474e33500be55f7b0b2277953e1c2cac70f6a4fe231bec7"
2026-06-12T14:35:56.816946287Z I0612 14:35:56.816844       1 csi_handler.go:264] "Attaching" VolumeAttachment="csi-844e81c2866930cf0474e33500be55f7b0b2277953e1c2cac70f6a4fe231bec7"
2026-06-12T14:35:58.826950016Z I0612 14:35:58.826849       1 csi_handler.go:276] "Attached" VolumeAttachment="csi-844e81c2866930cf0474e33500be55f7b0b2277953e1c2cac70f6a4fe231bec7"
2026-06-12T14:36:19.074534541Z I0612 14:36:19.074432       1 csi_handler.go:295] "Detaching" VolumeAttachment="csi-13820931df5285e380f4b995ba84d1e7bad96e9e36a09a8c08dea752bf3045cc"
2026-06-12T14:36:21.201394936Z I0612 14:36:21.201243       1 csi_handler.go:594] "Detached" VolumeAttachment="csi-13820931df5285e380f4b995ba84d1e7bad96e9e36a09a8c08dea752bf3045cc"
2026-06-12T14:37:11.277748090Z I0612 14:37:11.277618       1 csi_handler.go:295] "Detaching" VolumeAttachment="csi-844e81c2866930cf0474e33500be55f7b0b2277953e1c2cac70f6a4fe231bec7"
2026-06-12T14:37:13.398790454Z I0612 14:37:13.398624       1 csi_handler.go:594] "Detached" VolumeAttachment="csi-844e81c2866930cf0474e33500be55f7b0b2277953e1c2cac70f6a4fe231bec7"
2026-06-12T14:37:15.742434188Z E0612 14:37:15.742291       1 csi_handler.go:723] "Failed to remove finalizer from PersistentVolume" err="PersistentVolume \"pvc-2324cea6-2c8a-44fa-b0e6-a13756738922\" is invalid: metadata.finalizers: Forbidden: no new finalizers can be added if the object is being deleted, found new finalizers []string{\"kubernetes.io/pv-protection\"}" PersistentVolume="pvc-2324cea6-2c8a-44fa-b0e6-a13756738922"
2026-06-12T14:37:15.750191835Z I0612 14:37:15.750082       1 csi_handler.go:728] "Removed finalizer from PersistentVolume" PersistentVolume="pvc-2324cea6-2c8a-44fa-b0e6-a13756738922"
2026-06-12T14:39:46.537345036Z I0612 14:39:46.537243       1 csi_handler.go:264] "Attaching" VolumeAttachment="csi-83470a8ac419fd02a5eca72e9b739acd9c05e60985442074839f687cfe813be3"
2026-06-12T14:39:56.682943479Z I0612 14:39:56.682807       1 csi_handler.go:276] "Attached" VolumeAttachment="csi-83470a8ac419fd02a5eca72e9b739acd9c05e60985442074839f687cfe813be3"
2026-06-12T14:40:08.121738391Z I0612 14:40:08.121093       1 csi_handler.go:264] "Attaching" VolumeAttachment="csi-8edbbc35fd0b2dc37d8f5194ec5cc98b5d2ade051bed4d7300cd65a86ffe57d4"
2026-06-12T14:40:34.268014958Z I0612 14:40:34.267894       1 csi_handler.go:276] "Attached" VolumeAttachment="csi-8edbbc35fd0b2dc37d8f5194ec5cc98b5d2ade051bed4d7300cd65a86ffe57d4"
2026-06-12T14:40:52.982704039Z I0612 14:40:52.982584       1 csi_handler.go:295] "Detaching" VolumeAttachment="csi-83470a8ac419fd02a5eca72e9b739acd9c05e60985442074839f687cfe813be3"
2026-06-12T14:40:55.112149266Z I0612 14:40:55.112049       1 csi_handler.go:594] "Detached" VolumeAttachment="csi-83470a8ac419fd02a5eca72e9b739acd9c05e60985442074839f687cfe813be3"
2026-06-12T14:41:18.272800017Z I0612 14:41:18.272689       1 csi_handler.go:295] "Detaching" VolumeAttachment="csi-8edbbc35fd0b2dc37d8f5194ec5cc98b5d2ade051bed4d7300cd65a86ffe57d4"
2026-06-12T14:41:20.395572857Z I0612 14:41:20.395454       1 csi_handler.go:594] "Detached" VolumeAttachment="csi-8edbbc35fd0b2dc37d8f5194ec5cc98b5d2ade051bed4d7300cd65a86ffe57d4"
2026-06-12T14:41:20.746392772Z E0612 14:41:20.746279       1 csi_handler.go:723] "Failed to remove finalizer from PersistentVolume" err="PersistentVolume \"pvc-659a4fb9-769c-41fa-85a9-0fcaa8985a51\" is invalid: metadata.finalizers: Forbidden: no new finalizers can be added if the object is being deleted, found new finalizers []string{\"kubernetes.io/pv-protection\"}" PersistentVolume="pvc-659a4fb9-769c-41fa-85a9-0fcaa8985a51"
2026-06-12T14:41:20.755673018Z I0612 14:41:20.755524       1 csi_handler.go:728] "Removed finalizer from PersistentVolume" PersistentVolume="pvc-659a4fb9-769c-41fa-85a9-0fcaa8985a51"
2026-06-12T14:41:31.539843180Z I0612 14:41:31.539718       1 csi_handler.go:264] "Attaching" VolumeAttachment="csi-cba9c0c33b94b72f27bd4e02a289c709c90d7f7efdd5ede5c37edf92e40f2586"
2026-06-12T14:41:41.688031085Z I0612 14:41:41.687856       1 csi_handler.go:276] "Attached" VolumeAttachment="csi-cba9c0c33b94b72f27bd4e02a289c709c90d7f7efdd5ede5c37edf92e40f2586"
2026-06-12T14:42:34.950158841Z I0612 14:42:34.950045       1 csi_handler.go:295] "Detaching" VolumeAttachment="csi-cba9c0c33b94b72f27bd4e02a289c709c90d7f7efdd5ede5c37edf92e40f2586"
2026-06-12T14:42:37.082244945Z I0612 14:42:37.082117       1 csi_handler.go:594] "Detached" VolumeAttachment="csi-cba9c0c33b94b72f27bd4e02a289c709c90d7f7efdd5ede5c37edf92e40f2586"
2026-06-12T14:42:37.244630451Z I0612 14:42:37.244519       1 csi_handler.go:264] "Attaching" VolumeAttachment="csi-2e6e903282f929685fc64cb505a3e91523f2f17d7d744c674c1ba4f76f068e12"
2026-06-12T14:42:38.223334304Z E0612 14:42:38.223209       1 csi_handler.go:723] "Failed to remove finalizer from PersistentVolume" err="PersistentVolume \"pvc-1b8b2ebb-a84d-40ae-b202-eeac8b6f757e\" is invalid: metadata.finalizers: Forbidden: no new finalizers can be added if the object is being deleted, found new finalizers []string{\"kubernetes.io/pv-protection\"}" PersistentVolume="pvc-1b8b2ebb-a84d-40ae-b202-eeac8b6f757e"
2026-06-12T14:42:38.229995224Z I0612 14:42:38.229887       1 csi_handler.go:728] "Removed finalizer from PersistentVolume" PersistentVolume="pvc-1b8b2ebb-a84d-40ae-b202-eeac8b6f757e"
2026-06-12T14:42:47.390285316Z I0612 14:42:47.390200       1 csi_handler.go:276] "Attached" VolumeAttachment="csi-2e6e903282f929685fc64cb505a3e91523f2f17d7d744c674c1ba4f76f068e12"
2026-06-12T14:45:17.836237143Z I0612 14:45:17.836138       1 csi_handler.go:295] "Detaching" VolumeAttachment="csi-2e6e903282f929685fc64cb505a3e91523f2f17d7d744c674c1ba4f76f068e12"
2026-06-12T14:45:19.974919065Z I0612 14:45:19.974832       1 csi_handler.go:594] "Detached" VolumeAttachment="csi-2e6e903282f929685fc64cb505a3e91523f2f17d7d744c674c1ba4f76f068e12"
2026-06-12T14:45:20.294823557Z E0612 14:45:20.294714       1 csi_handler.go:723] "Failed to remove finalizer from PersistentVolume" err="PersistentVolume \"pvc-0b7a3939-7022-49ab-8290-b855c9a5cc23\" is invalid: metadata.finalizers: Forbidden: no new finalizers can be added if the object is being deleted, found new finalizers []string{\"kubernetes.io/pv-protection\"}" PersistentVolume="pvc-0b7a3939-7022-49ab-8290-b855c9a5cc23"
2026-06-12T14:45:20.308451411Z I0612 14:45:20.308333       1 csi_handler.go:728] "Removed finalizer from PersistentVolume" PersistentVolume="pvc-0b7a3939-7022-49ab-8290-b855c9a5cc23"
2026-06-12T14:45:46.610824552Z I0612 14:45:46.610713       1 csi_handler.go:264] "Attaching" VolumeAttachment="csi-040510edce69697cb460bc7193858a275d05f35955bbdaae3569c14edd2afd11"
2026-06-12T14:45:56.650797412Z I0612 14:45:56.650696       1 csi_handler.go:276] "Attached" VolumeAttachment="csi-040510edce69697cb460bc7193858a275d05f35955bbdaae3569c14edd2afd11"
2026-06-12T14:45:56.656277032Z I0612 14:45:56.656186       1 csi_handler.go:264] "Attaching" VolumeAttachment="csi-040510edce69697cb460bc7193858a275d05f35955bbdaae3569c14edd2afd11"
2026-06-12T14:45:58.677745076Z I0612 14:45:58.677661       1 csi_handler.go:276] "Attached" VolumeAttachment="csi-040510edce69697cb460bc7193858a275d05f35955bbdaae3569c14edd2afd11"
2026-06-12T14:47:17.520964381Z I0612 14:47:17.520869       1 csi_handler.go:264] "Attaching" VolumeAttachment="csi-3fd7487cf91b6c78e5eeeb36aa79329c874ab6cc16df27d52c323483ed25d64e"
2026-06-12T14:47:20.190816753Z I0612 14:47:20.190719       1 csi_handler.go:295] "Detaching" VolumeAttachment="csi-040510edce69697cb460bc7193858a275d05f35955bbdaae3569c14edd2afd11"
2026-06-12T14:47:22.214326475Z I0612 14:47:22.214214       1 csi_handler.go:594] "Detached" VolumeAttachment="csi-040510edce69697cb460bc7193858a275d05f35955bbdaae3569c14edd2afd11"
2026-06-12T14:47:22.584223225Z E0612 14:47:22.584096       1 csi_handler.go:723] "Failed to remove finalizer from PersistentVolume" err="PersistentVolume \"pvc-0c61298d-b5d4-452a-82df-b0b9d3f1e46c\" is invalid: metadata.finalizers: Forbidden: no new finalizers can be added if the object is being deleted, found new finalizers []string{\"kubernetes.io/pv-protection\"}" PersistentVolume="pvc-0c61298d-b5d4-452a-82df-b0b9d3f1e46c"
2026-06-12T14:47:22.594724567Z I0612 14:47:22.594598       1 csi_handler.go:728] "Removed finalizer from PersistentVolume" PersistentVolume="pvc-0c61298d-b5d4-452a-82df-b0b9d3f1e46c"
2026-06-12T14:47:27.658205293Z I0612 14:47:27.658071       1 csi_handler.go:276] "Attached" VolumeAttachment="csi-3fd7487cf91b6c78e5eeeb36aa79329c874ab6cc16df27d52c323483ed25d64e"
2026-06-12T14:48:47.461323373Z I0612 14:48:47.461219       1 csi_handler.go:264] "Attaching" VolumeAttachment="csi-ea7fe8fa8208de8d35a1a8fa9f05d1b4b39aeda42fc2519aa3c7bcaa25730691"
2026-06-12T14:48:47.488676363Z I0612 14:48:47.488541       1 csi_handler.go:246] "Error processing" VolumeAttachment="csi-ea7fe8fa8208de8d35a1a8fa9f05d1b4b39aeda42fc2519aa3c7bcaa25730691" err="failed to attach: rpc error: code = Aborted desc = volume pvc-099a9ede-8b32-4592-9944-fea6c49cf00e is not ready for workloads"
2026-06-12T14:48:47.488696664Z I0612 14:48:47.488598       1 csi_handler.go:264] "Attaching" VolumeAttachment="csi-ea7fe8fa8208de8d35a1a8fa9f05d1b4b39aeda42fc2519aa3c7bcaa25730691"
2026-06-12T14:48:47.496247821Z I0612 14:48:47.496106       1 csi_handler.go:246] "Error processing" VolumeAttachment="csi-ea7fe8fa8208de8d35a1a8fa9f05d1b4b39aeda42fc2519aa3c7bcaa25730691" err="failed to attach: rpc error: code = Aborted desc = volume pvc-099a9ede-8b32-4592-9944-fea6c49cf00e is not ready for workloads"
2026-06-12T14:48:48.489304663Z I0612 14:48:48.489170       1 csi_handler.go:264] "Attaching" VolumeAttachment="csi-ea7fe8fa8208de8d35a1a8fa9f05d1b4b39aeda42fc2519aa3c7bcaa25730691"
2026-06-12T14:48:48.503862809Z I0612 14:48:48.503779       1 csi_handler.go:246] "Error processing" VolumeAttachment="csi-ea7fe8fa8208de8d35a1a8fa9f05d1b4b39aeda42fc2519aa3c7bcaa25730691" err="failed to attach: rpc error: code = Aborted desc = volume pvc-099a9ede-8b32-4592-9944-fea6c49cf00e is not ready for workloads"
2026-06-12T14:48:52.504485618Z I0612 14:48:52.504364       1 csi_handler.go:264] "Attaching" VolumeAttachment="csi-ea7fe8fa8208de8d35a1a8fa9f05d1b4b39aeda42fc2519aa3c7bcaa25730691"
2026-06-12T14:48:52.516583730Z I0612 14:48:52.516481       1 csi_handler.go:246] "Error processing" VolumeAttachment="csi-ea7fe8fa8208de8d35a1a8fa9f05d1b4b39aeda42fc2519aa3c7bcaa25730691" err="failed to attach: rpc error: code = Aborted desc = volume pvc-099a9ede-8b32-4592-9944-fea6c49cf00e is not ready for workloads"
2026-06-12T14:49:00.516944172Z I0612 14:49:00.516799       1 csi_handler.go:264] "Attaching" VolumeAttachment="csi-ea7fe8fa8208de8d35a1a8fa9f05d1b4b39aeda42fc2519aa3c7bcaa25730691"
2026-06-12T14:49:10.644975743Z I0612 14:49:10.644899       1 csi_handler.go:276] "Attached" VolumeAttachment="csi-ea7fe8fa8208de8d35a1a8fa9f05d1b4b39aeda42fc2519aa3c7bcaa25730691"
2026-06-12T14:50:44.602366934Z I0612 14:50:44.602276       1 csi_handler.go:295] "Detaching" VolumeAttachment="csi-ea7fe8fa8208de8d35a1a8fa9f05d1b4b39aeda42fc2519aa3c7bcaa25730691"
2026-06-12T14:50:46.732170787Z I0612 14:50:46.732083       1 csi_handler.go:594] "Detached" VolumeAttachment="csi-ea7fe8fa8208de8d35a1a8fa9f05d1b4b39aeda42fc2519aa3c7bcaa25730691"
2026-06-12T14:50:47.632031852Z I0612 14:50:47.631933       1 csi_handler.go:728] "Removed finalizer from PersistentVolume" PersistentVolume="pvc-099a9ede-8b32-4592-9944-fea6c49cf00e"
2026-06-12T14:51:05.171850686Z I0612 14:51:05.171736       1 csi_handler.go:295] "Detaching" VolumeAttachment="csi-3fd7487cf91b6c78e5eeeb36aa79329c874ab6cc16df27d52c323483ed25d64e"
2026-06-12T14:51:07.302405117Z I0612 14:51:07.302313       1 csi_handler.go:594] "Detached" VolumeAttachment="csi-3fd7487cf91b6c78e5eeeb36aa79329c874ab6cc16df27d52c323483ed25d64e"
2026-06-12T14:51:14.918443970Z E0612 14:51:14.918300       1 csi_handler.go:723] "Failed to remove finalizer from PersistentVolume" err="PersistentVolume \"pvc-a976d4da-2eaf-4b7e-b544-86c0de930667\" is invalid: metadata.finalizers: Forbidden: no new finalizers can be added if the object is being deleted, found new finalizers []string{\"kubernetes.io/pv-protection\"}" PersistentVolume="pvc-a976d4da-2eaf-4b7e-b544-86c0de930667"
2026-06-12T14:51:14.929232234Z I0612 14:51:14.929035       1 csi_handler.go:728] "Removed finalizer from PersistentVolume" PersistentVolume="pvc-a976d4da-2eaf-4b7e-b544-86c0de930667"
2026-06-12T14:51:17.244625316Z I0612 14:51:17.244448       1 csi_handler.go:264] "Attaching" VolumeAttachment="csi-1592dc5525a163df9839229d74d250d549c02d511873834b76adc0db3c72140c"
2026-06-12T14:51:33.389844950Z I0612 14:51:33.389773       1 csi_handler.go:276] "Attached" VolumeAttachment="csi-1592dc5525a163df9839229d74d250d549c02d511873834b76adc0db3c72140c"
2026-06-12T14:51:33.394729157Z I0612 14:51:33.394661       1 csi_handler.go:264] "Attaching" VolumeAttachment="csi-1592dc5525a163df9839229d74d250d549c02d511873834b76adc0db3c72140c"
2026-06-12T14:51:35.420015123Z I0612 14:51:35.419928       1 csi_handler.go:276] "Attached" VolumeAttachment="csi-1592dc5525a163df9839229d74d250d549c02d511873834b76adc0db3c72140c"
2026-06-12T14:57:46.663317063Z I0612 14:57:46.663187       1 csi_handler.go:264] "Attaching" VolumeAttachment="csi-8fe0ceefe69c159b09d1de937ae58b6d421474c18f1ff7a832203afc33eaadc5"
2026-06-12T14:58:52.809637063Z I0612 14:58:52.809546       1 csi_handler.go:276] "Attached" VolumeAttachment="csi-8fe0ceefe69c159b09d1de937ae58b6d421474c18f1ff7a832203afc33eaadc5"
2026-06-12T15:00:17.234413645Z I0612 15:00:17.234302       1 csi_handler.go:295] "Detaching" VolumeAttachment="csi-8fe0ceefe69c159b09d1de937ae58b6d421474c18f1ff7a832203afc33eaadc5"
2026-06-12T15:00:19.372612740Z I0612 15:00:19.372485       1 csi_handler.go:594] "Detached" VolumeAttachment="csi-8fe0ceefe69c159b09d1de937ae58b6d421474c18f1ff7a832203afc33eaadc5"
2026-06-12T15:00:27.671485835Z I0612 15:00:27.671389       1 csi_handler.go:295] "Detaching" VolumeAttachment="csi-1592dc5525a163df9839229d74d250d549c02d511873834b76adc0db3c72140c"
2026-06-12T15:00:29.796935602Z I0612 15:00:29.796787       1 csi_handler.go:594] "Detached" VolumeAttachment="csi-1592dc5525a163df9839229d74d250d549c02d511873834b76adc0db3c72140c"
2026-06-12T15:00:37.300387573Z E0612 15:00:37.300231       1 csi_handler.go:723] "Failed to remove finalizer from PersistentVolume" err="PersistentVolume \"pvc-8d935ce4-968e-4aba-bf31-d3582962cd00\" is invalid: metadata.finalizers: Forbidden: no new finalizers can be added if the object is being deleted, found new finalizers []string{\"kubernetes.io/pv-protection\"}" PersistentVolume="pvc-8d935ce4-968e-4aba-bf31-d3582962cd00"
2026-06-12T15:00:37.315980994Z I0612 15:00:37.315897       1 csi_handler.go:728] "Removed finalizer from PersistentVolume" PersistentVolume="pvc-8d935ce4-968e-4aba-bf31-d3582962cd00"
2026-06-12T15:00:46.485712165Z I0612 15:00:46.485625       1 csi_handler.go:264] "Attaching" VolumeAttachment="csi-ce9912cd1e47e111063833b6119e5e91a1ea457e36bcaa0b8bb61aa0d494a64f"
2026-06-12T15:01:00.531860665Z I0612 15:01:00.531777       1 csi_handler.go:276] "Attached" VolumeAttachment="csi-ce9912cd1e47e111063833b6119e5e91a1ea457e36bcaa0b8bb61aa0d494a64f"
2026-06-12T15:01:00.536746098Z I0612 15:01:00.536668       1 csi_handler.go:264] "Attaching" VolumeAttachment="csi-ce9912cd1e47e111063833b6119e5e91a1ea457e36bcaa0b8bb61aa0d494a64f"
2026-06-12T15:01:02.558361132Z I0612 15:01:02.558272       1 csi_handler.go:276] "Attached" VolumeAttachment="csi-ce9912cd1e47e111063833b6119e5e91a1ea457e36bcaa0b8bb61aa0d494a64f"
2026-06-12T15:06:51.168180928Z I0612 15:06:51.168079       1 csi_handler.go:264] "Attaching" VolumeAttachment="csi-61ba180b0a66f2a2ba74b9de4768d0f02264caa000bfa268c757e7bc84c3c257"
2026-06-12T15:07:01.314794985Z I0612 15:07:01.314674       1 csi_handler.go:276] "Attached" VolumeAttachment="csi-61ba180b0a66f2a2ba74b9de4768d0f02264caa000bfa268c757e7bc84c3c257"
2026-06-12T15:07:01.691059343Z I0612 15:07:01.690971       1 csi_handler.go:264] "Attaching" VolumeAttachment="csi-c4b40303e489304db54cb795376cdaa9ad93d5897bc2c879820fccad08a2bbef"
2026-06-12T15:07:11.832841611Z I0612 15:07:11.832735       1 csi_handler.go:276] "Attached" VolumeAttachment="csi-c4b40303e489304db54cb795376cdaa9ad93d5897bc2c879820fccad08a2bbef"
2026-06-12T15:07:11.851215059Z I0612 15:07:11.851148       1 csi_handler.go:264] "Attaching" VolumeAttachment="csi-c4b40303e489304db54cb795376cdaa9ad93d5897bc2c879820fccad08a2bbef"
2026-06-12T15:07:13.876823494Z I0612 15:07:13.876744       1 csi_handler.go:276] "Attached" VolumeAttachment="csi-c4b40303e489304db54cb795376cdaa9ad93d5897bc2c879820fccad08a2bbef"
2026-06-12T15:08:47.469799330Z I0612 15:08:47.469679       1 csi_handler.go:295] "Detaching" VolumeAttachment="csi-c4b40303e489304db54cb795376cdaa9ad93d5897bc2c879820fccad08a2bbef"
2026-06-12T15:08:49.602478821Z I0612 15:08:49.602367       1 csi_handler.go:594] "Detached" VolumeAttachment="csi-c4b40303e489304db54cb795376cdaa9ad93d5897bc2c879820fccad08a2bbef"
2026-06-12T15:08:51.667371968Z E0612 15:08:51.667239       1 csi_handler.go:723] "Failed to remove finalizer from PersistentVolume" err="PersistentVolume \"pvc-153e1038-ce57-4cac-b799-b486834b8bda\" is invalid: metadata.finalizers: Forbidden: no new finalizers can be added if the object is being deleted, found new finalizers []string{\"kubernetes.io/pv-protection\"}" PersistentVolume="pvc-153e1038-ce57-4cac-b799-b486834b8bda"
2026-06-12T15:08:51.680116532Z I0612 15:08:51.679958       1 csi_handler.go:728] "Removed finalizer from PersistentVolume" PersistentVolume="pvc-153e1038-ce57-4cac-b799-b486834b8bda"
2026-06-12T15:09:07.736432532Z I0612 15:09:07.736318       1 csi_handler.go:295] "Detaching" VolumeAttachment="csi-61ba180b0a66f2a2ba74b9de4768d0f02264caa000bfa268c757e7bc84c3c257"
2026-06-12T15:09:09.860786562Z I0612 15:09:09.860689       1 csi_handler.go:594] "Detached" VolumeAttachment="csi-61ba180b0a66f2a2ba74b9de4768d0f02264caa000bfa268c757e7bc84c3c257"
2026-06-12T15:09:13.820304611Z E0612 15:09:13.820186       1 csi_handler.go:723] "Failed to remove finalizer from PersistentVolume" err="PersistentVolume \"pvc-827c59bd-af62-45d7-8202-d74f1616a9d7\" is invalid: metadata.finalizers: Forbidden: no new finalizers can be added if the object is being deleted, found new finalizers []string{\"kubernetes.io/pv-protection\"}" PersistentVolume="pvc-827c59bd-af62-45d7-8202-d74f1616a9d7"
2026-06-12T15:09:13.826260970Z I0612 15:09:13.826107       1 csi_handler.go:728] "Removed finalizer from PersistentVolume" PersistentVolume="pvc-827c59bd-af62-45d7-8202-d74f1616a9d7"
2026-06-12T15:09:28.253330966Z I0612 15:09:28.253123       1 csi_handler.go:295] "Detaching" VolumeAttachment="csi-ce9912cd1e47e111063833b6119e5e91a1ea457e36bcaa0b8bb61aa0d494a64f"
2026-06-12T15:09:30.375513221Z I0612 15:09:30.375421       1 csi_handler.go:594] "Detached" VolumeAttachment="csi-ce9912cd1e47e111063833b6119e5e91a1ea457e36bcaa0b8bb61aa0d494a64f"
2026-06-12T15:09:31.140397680Z E0612 15:09:31.140271       1 csi_handler.go:723] "Failed to remove finalizer from PersistentVolume" err="PersistentVolume \"pvc-b223cc84-cd08-44c5-a421-f6f67df4ea31\" is invalid: metadata.finalizers: Forbidden: no new finalizers can be added if the object is being deleted, found new finalizers []string{\"kubernetes.io/pv-protection\"}" PersistentVolume="pvc-b223cc84-cd08-44c5-a421-f6f67df4ea31"
2026-06-12T15:09:31.158618784Z I0612 15:09:31.158521       1 csi_handler.go:728] "Removed finalizer from PersistentVolume" PersistentVolume="pvc-b223cc84-cd08-44c5-a421-f6f67df4ea31"
2026-06-12T15:10:04.465094822Z I0612 15:10:04.464978       1 csi_handler.go:264] "Attaching" VolumeAttachment="csi-68bc314861d42518b0b0f38b73708412625122ed2b16674d7a409f80b065320b"
2026-06-12T15:10:20.608905317Z I0612 15:10:20.608797       1 csi_handler.go:276] "Attached" VolumeAttachment="csi-68bc314861d42518b0b0f38b73708412625122ed2b16674d7a409f80b065320b"
2026-06-12T15:10:20.619597167Z I0612 15:10:20.619515       1 csi_handler.go:264] "Attaching" VolumeAttachment="csi-68bc314861d42518b0b0f38b73708412625122ed2b16674d7a409f80b065320b"
2026-06-12T15:10:22.641693340Z I0612 15:10:22.641602       1 csi_handler.go:276] "Attached" VolumeAttachment="csi-68bc314861d42518b0b0f38b73708412625122ed2b16674d7a409f80b065320b"
2026-06-12T15:11:46.665215633Z I0612 15:11:46.665122       1 csi_handler.go:264] "Attaching" VolumeAttachment="csi-fa0af20ea897b054bd2cf6eb2130fc4936d8d6b4015094d3b571105ff4a113b0"
2026-06-12T15:11:56.818814249Z I0612 15:11:56.818732       1 csi_handler.go:276] "Attached" VolumeAttachment="csi-fa0af20ea897b054bd2cf6eb2130fc4936d8d6b4015094d3b571105ff4a113b0"
2026-06-12T15:14:14.525703973Z I0612 15:14:14.525583       1 csi_handler.go:295] "Detaching" VolumeAttachment="csi-fa0af20ea897b054bd2cf6eb2130fc4936d8d6b4015094d3b571105ff4a113b0"
2026-06-12T15:14:15.853959899Z I0612 15:14:15.853792       1 csi_handler.go:264] "Attaching" VolumeAttachment="csi-12b9c454a40745ddff6e7c4200789770d228e009bf4fc9bae4a22eed664bf8b7"
2026-06-12T15:14:16.710623761Z I0612 15:14:16.710460       1 csi_handler.go:594] "Detached" VolumeAttachment="csi-fa0af20ea897b054bd2cf6eb2130fc4936d8d6b4015094d3b571105ff4a113b0"
2026-06-12T15:14:20.862149728Z E0612 15:14:20.861989       1 csi_handler.go:723] "Failed to remove finalizer from PersistentVolume" err="PersistentVolume \"pvc-dff0f37e-6642-4b45-a974-ef2a1b9ab493\" is invalid: metadata.finalizers: Forbidden: no new finalizers can be added if the object is being deleted, found new finalizers []string{\"kubernetes.io/pv-protection\"}" PersistentVolume="pvc-dff0f37e-6642-4b45-a974-ef2a1b9ab493"
2026-06-12T15:14:20.874148890Z I0612 15:14:20.874073       1 csi_handler.go:728] "Removed finalizer from PersistentVolume" PersistentVolume="pvc-dff0f37e-6642-4b45-a974-ef2a1b9ab493"
2026-06-12T15:14:26.018106700Z I0612 15:14:26.018028       1 csi_handler.go:276] "Attached" VolumeAttachment="csi-12b9c454a40745ddff6e7c4200789770d228e009bf4fc9bae4a22eed664bf8b7"
2026-06-12T15:14:26.031245287Z I0612 15:14:26.031158       1 csi_handler.go:264] "Attaching" VolumeAttachment="csi-12b9c454a40745ddff6e7c4200789770d228e009bf4fc9bae4a22eed664bf8b7"
2026-06-12T15:14:28.054238941Z I0612 15:14:28.054065       1 csi_handler.go:276] "Attached" VolumeAttachment="csi-12b9c454a40745ddff6e7c4200789770d228e009bf4fc9bae4a22eed664bf8b7"
2026-06-12T15:17:24.599713044Z I0612 15:17:24.599579       1 csi_handler.go:264] "Attaching" VolumeAttachment="csi-e5309a3c8f650654e42eb6fa69f027725d507e69f08d16697bcc39a2e8807a28"
2026-06-12T15:17:28.886099835Z I0612 15:17:28.886011       1 csi_handler.go:295] "Detaching" VolumeAttachment="csi-12b9c454a40745ddff6e7c4200789770d228e009bf4fc9bae4a22eed664bf8b7"
2026-06-12T15:17:30.925155314Z I0612 15:17:30.925054       1 csi_handler.go:594] "Detached" VolumeAttachment="csi-12b9c454a40745ddff6e7c4200789770d228e009bf4fc9bae4a22eed664bf8b7"
2026-06-12T15:17:34.739692272Z I0612 15:17:34.739548       1 csi_handler.go:276] "Attached" VolumeAttachment="csi-e5309a3c8f650654e42eb6fa69f027725d507e69f08d16697bcc39a2e8807a28"
2026-06-12T15:17:37.742702145Z E0612 15:17:37.742589       1 csi_handler.go:723] "Failed to remove finalizer from PersistentVolume" err="PersistentVolume \"pvc-f619145a-5bdf-49cb-a754-cbc03075c6ed\" is invalid: metadata.finalizers: Forbidden: no new finalizers can be added if the object is being deleted, found new finalizers []string{\"kubernetes.io/pv-protection\"}" PersistentVolume="pvc-f619145a-5bdf-49cb-a754-cbc03075c6ed"
2026-06-12T15:17:37.753499069Z I0612 15:17:37.753419       1 csi_handler.go:728] "Removed finalizer from PersistentVolume" PersistentVolume="pvc-f619145a-5bdf-49cb-a754-cbc03075c6ed"
2026-06-12T15:19:11.079946323Z I0612 15:19:11.079845       1 csi_handler.go:295] "Detaching" VolumeAttachment="csi-e5309a3c8f650654e42eb6fa69f027725d507e69f08d16697bcc39a2e8807a28"
2026-06-12T15:19:13.219556008Z I0612 15:19:13.219474       1 csi_handler.go:594] "Detached" VolumeAttachment="csi-e5309a3c8f650654e42eb6fa69f027725d507e69f08d16697bcc39a2e8807a28"
2026-06-12T15:19:13.397928536Z I0612 15:19:13.397836       1 csi_handler.go:264] "Attaching" VolumeAttachment="csi-e5309a3c8f650654e42eb6fa69f027725d507e69f08d16697bcc39a2e8807a28"
2026-06-12T15:19:23.533626751Z I0612 15:19:23.533535       1 csi_handler.go:276] "Attached" VolumeAttachment="csi-e5309a3c8f650654e42eb6fa69f027725d507e69f08d16697bcc39a2e8807a28"
2026-06-12T15:19:23.539013642Z I0612 15:19:23.538944       1 csi_handler.go:264] "Attaching" VolumeAttachment="csi-e5309a3c8f650654e42eb6fa69f027725d507e69f08d16697bcc39a2e8807a28"
2026-06-12T15:19:25.565357417Z I0612 15:19:25.565271       1 csi_handler.go:276] "Attached" VolumeAttachment="csi-e5309a3c8f650654e42eb6fa69f027725d507e69f08d16697bcc39a2e8807a28"
2026-06-12T15:21:44.195054810Z I0612 15:21:44.194949       1 csi_handler.go:295] "Detaching" VolumeAttachment="csi-e5309a3c8f650654e42eb6fa69f027725d507e69f08d16697bcc39a2e8807a28"
2026-06-12T15:21:46.332894791Z I0612 15:21:46.332808       1 csi_handler.go:594] "Detached" VolumeAttachment="csi-e5309a3c8f650654e42eb6fa69f027725d507e69f08d16697bcc39a2e8807a28"
2026-06-12T15:21:46.702140413Z I0612 15:21:46.702033       1 csi_handler.go:264] "Attaching" VolumeAttachment="csi-0abe3eaa1a0805e54abd5527be85d3bb697932335c7af2cdb7c4dd77c77b2464"
2026-06-12T15:21:52.644076173Z E0612 15:21:52.643969       1 csi_handler.go:723] "Failed to remove finalizer from PersistentVolume" err="PersistentVolume \"pvc-11663ad9-f19a-4d9f-bbcb-9079e181662c\" is invalid: metadata.finalizers: Forbidden: no new finalizers can be added if the object is being deleted, found new finalizers []string{\"kubernetes.io/pv-protection\"}" PersistentVolume="pvc-11663ad9-f19a-4d9f-bbcb-9079e181662c"
2026-06-12T15:21:52.655247361Z I0612 15:21:52.655166       1 csi_handler.go:728] "Removed finalizer from PersistentVolume" PersistentVolume="pvc-11663ad9-f19a-4d9f-bbcb-9079e181662c"
2026-06-12T15:21:56.846311732Z I0612 15:21:56.846167       1 csi_handler.go:276] "Attached" VolumeAttachment="csi-0abe3eaa1a0805e54abd5527be85d3bb697932335c7af2cdb7c4dd77c77b2464"
2026-06-12T15:21:56.851637987Z I0612 15:21:56.851560       1 csi_handler.go:264] "Attaching" VolumeAttachment="csi-0abe3eaa1a0805e54abd5527be85d3bb697932335c7af2cdb7c4dd77c77b2464"
2026-06-12T15:21:58.876955383Z I0612 15:21:58.876852       1 csi_handler.go:276] "Attached" VolumeAttachment="csi-0abe3eaa1a0805e54abd5527be85d3bb697932335c7af2cdb7c4dd77c77b2464"
2026-06-12T15:24:38.282898229Z I0612 15:24:38.282801       1 csi_handler.go:295] "Detaching" VolumeAttachment="csi-0abe3eaa1a0805e54abd5527be85d3bb697932335c7af2cdb7c4dd77c77b2464"
2026-06-12T15:24:40.416791467Z I0612 15:24:40.416666       1 csi_handler.go:594] "Detached" VolumeAttachment="csi-0abe3eaa1a0805e54abd5527be85d3bb697932335c7af2cdb7c4dd77c77b2464"
2026-06-12T15:24:44.046905120Z E0612 15:24:44.046808       1 csi_handler.go:723] "Failed to remove finalizer from PersistentVolume" err="PersistentVolume \"pvc-12ccbcbb-806d-431d-b299-f412f63a8aa5\" is invalid: metadata.finalizers: Forbidden: no new finalizers can be added if the object is being deleted, found new finalizers []string{\"kubernetes.io/pv-protection\"}" PersistentVolume="pvc-12ccbcbb-806d-431d-b299-f412f63a8aa5"
2026-06-12T15:24:44.058275531Z I0612 15:24:44.058170       1 csi_handler.go:728] "Removed finalizer from PersistentVolume" PersistentVolume="pvc-12ccbcbb-806d-431d-b299-f412f63a8aa5"
2026-06-12T15:24:46.625028011Z I0612 15:24:46.624914       1 csi_handler.go:264] "Attaching" VolumeAttachment="csi-e3b554c8cfd146e8c6200b88ab411e227dbdf686447b594153fe37d08856ff54"
2026-06-12T15:24:56.774109422Z I0612 15:24:56.774016       1 csi_handler.go:276] "Attached" VolumeAttachment="csi-e3b554c8cfd146e8c6200b88ab411e227dbdf686447b594153fe37d08856ff54"
2026-06-12T15:24:56.792430739Z I0612 15:24:56.792355       1 csi_handler.go:264] "Attaching" VolumeAttachment="csi-e3b554c8cfd146e8c6200b88ab411e227dbdf686447b594153fe37d08856ff54"
2026-06-12T15:24:58.817587645Z I0612 15:24:58.817516       1 csi_handler.go:276] "Attached" VolumeAttachment="csi-e3b554c8cfd146e8c6200b88ab411e227dbdf686447b594153fe37d08856ff54"
2026-06-12T15:26:10.493358546Z I0612 15:26:10.493224       1 csi_handler.go:295] "Detaching" VolumeAttachment="csi-e3b554c8cfd146e8c6200b88ab411e227dbdf686447b594153fe37d08856ff54"
2026-06-12T15:26:12.621618016Z I0612 15:26:12.621521       1 csi_handler.go:594] "Detached" VolumeAttachment="csi-e3b554c8cfd146e8c6200b88ab411e227dbdf686447b594153fe37d08856ff54"
2026-06-12T15:26:12.801447622Z I0612 15:26:12.801336       1 csi_handler.go:264] "Attaching" VolumeAttachment="csi-e3b554c8cfd146e8c6200b88ab411e227dbdf686447b594153fe37d08856ff54"
2026-06-12T15:26:22.937300657Z I0612 15:26:22.937169       1 csi_handler.go:276] "Attached" VolumeAttachment="csi-e3b554c8cfd146e8c6200b88ab411e227dbdf686447b594153fe37d08856ff54"
2026-06-12T15:26:22.942219698Z I0612 15:26:22.942138       1 csi_handler.go:264] "Attaching" VolumeAttachment="csi-e3b554c8cfd146e8c6200b88ab411e227dbdf686447b594153fe37d08856ff54"
2026-06-12T15:26:24.968420972Z I0612 15:26:24.968271       1 csi_handler.go:276] "Attached" VolumeAttachment="csi-e3b554c8cfd146e8c6200b88ab411e227dbdf686447b594153fe37d08856ff54"
2026-06-12T15:27:32.342277280Z I0612 15:27:32.342168       1 csi_handler.go:295] "Detaching" VolumeAttachment="csi-e3b554c8cfd146e8c6200b88ab411e227dbdf686447b594153fe37d08856ff54"
2026-06-12T15:27:34.467022726Z I0612 15:27:34.466919       1 csi_handler.go:594] "Detached" VolumeAttachment="csi-e3b554c8cfd146e8c6200b88ab411e227dbdf686447b594153fe37d08856ff54"
2026-06-12T15:27:36.730830853Z E0612 15:27:36.730683       1 csi_handler.go:723] "Failed to remove finalizer from PersistentVolume" err="PersistentVolume \"pvc-e970d495-9a22-4c8b-935d-a061c0c1f381\" is invalid: metadata.finalizers: Forbidden: no new finalizers can be added if the object is being deleted, found new finalizers []string{\"kubernetes.io/pv-protection\"}" PersistentVolume="pvc-e970d495-9a22-4c8b-935d-a061c0c1f381"
2026-06-12T15:27:36.738755586Z I0612 15:27:36.738671       1 csi_handler.go:728] "Removed finalizer from PersistentVolume" PersistentVolume="pvc-e970d495-9a22-4c8b-935d-a061c0c1f381"
2026-06-12T15:28:45.892403295Z I0612 15:28:45.892282       1 csi_handler.go:264] "Attaching" VolumeAttachment="csi-0dd5019613c1a813497e2a6196c2a5cee0e5d5d16d58d2b8f35aeebe87f96943"
2026-06-12T15:28:55.936849176Z I0612 15:28:55.936757       1 csi_handler.go:276] "Attached" VolumeAttachment="csi-0dd5019613c1a813497e2a6196c2a5cee0e5d5d16d58d2b8f35aeebe87f96943"
2026-06-12T15:30:15.865480340Z I0612 15:30:15.865362       1 csi_handler.go:295] "Detaching" VolumeAttachment="csi-0dd5019613c1a813497e2a6196c2a5cee0e5d5d16d58d2b8f35aeebe87f96943"
2026-06-12T15:30:17.893841618Z I0612 15:30:17.893752       1 csi_handler.go:594] "Detached" VolumeAttachment="csi-0dd5019613c1a813497e2a6196c2a5cee0e5d5d16d58d2b8f35aeebe87f96943"
